ISO-10303-21;
HEADER;
/* Generated by software containing ST-Developer
 * from STEP Tools, Inc. (www.steptools.com) 
 */

FILE_DESCRIPTION(
/* description */ (''),
/* implementation_level */ '2;1');

FILE_NAME(
/* name */ 'KeyCap.step',
/* time_stamp */ '2026-03-10T20:53:43+05:30',
/* author */ (''),
/* organization */ (''),
/* preprocessor_version */ 'ST-DEVELOPER v20.1',
/* originating_system */ 'Autodesk Translation Framework v14.24.0.0',
/* authorisation */ '');

FILE_SCHEMA (('AUTOMOTIVE_DESIGN { 1 0 10303 214 3 1 1 }'));
ENDSEC;

DATA;
#10=MECHANICAL_DESIGN_GEOMETRIC_PRESENTATION_REPRESENTATION('',(#13),#3968);
#11=SHAPE_REPRESENTATION_RELATIONSHIP('SRR','None',#3975,#12);
#12=ADVANCED_BREP_SHAPE_REPRESENTATION('',(#14),#3967);
#13=STYLED_ITEM('',(#3984),#14);
#14=MANIFOLD_SOLID_BREP('Body1',#1632);
#15=(
BOUNDED_SURFACE()
B_SPLINE_SURFACE(5,1,((#2658,#2659),(#2660,#2661),(#2662,#2663),(#2664,
#2665),(#2666,#2667),(#2668,#2669),(#2670,#2671),(#2672,#2673),(#2674,#2675),
(#2676,#2677)),.UNSPECIFIED.,.F.,.F.,.F.)
B_SPLINE_SURFACE_WITH_KNOTS((6,1,1,1,1,6),(2,2),(0.,0.2,0.4,0.6,0.8,1.),
(0.,0.05),.UNSPECIFIED.)
GEOMETRIC_REPRESENTATION_ITEM()
RATIONAL_B_SPLINE_SURFACE(((1.,1.),(1.,1.),(1.,1.),(1.,1.),(1.,1.),(1.,
1.),(1.,1.),(1.,1.),(1.,1.),(1.,1.)))
REPRESENTATION_ITEM('')
SURFACE()
);
#16=(
BOUNDED_SURFACE()
B_SPLINE_SURFACE(5,1,((#2704,#2705),(#2706,#2707),(#2708,#2709),(#2710,
#2711),(#2712,#2713),(#2714,#2715),(#2716,#2717),(#2718,#2719),(#2720,#2721),
(#2722,#2723)),.UNSPECIFIED.,.F.,.F.,.F.)
B_SPLINE_SURFACE_WITH_KNOTS((6,1,1,1,1,6),(2,2),(0.,0.2,0.4,0.6,0.8,1.),
(0.,0.05),.UNSPECIFIED.)
GEOMETRIC_REPRESENTATION_ITEM()
RATIONAL_B_SPLINE_SURFACE(((1.,1.),(1.,1.),(1.,1.),(1.,1.),(1.,1.),(1.,
1.),(1.,1.),(1.,1.),(1.,1.),(1.,1.)))
REPRESENTATION_ITEM('')
SURFACE()
);
#17=(
BOUNDED_SURFACE()
B_SPLINE_SURFACE(5,1,((#2747,#2748),(#2749,#2750),(#2751,#2752),(#2753,
#2754),(#2755,#2756),(#2757,#2758),(#2759,#2760),(#2761,#2762),(#2763,#2764),
(#2765,#2766)),.UNSPECIFIED.,.F.,.F.,.F.)
B_SPLINE_SURFACE_WITH_KNOTS((6,1,1,1,1,6),(2,2),(0.,0.2,0.4,0.6,0.8,1.),
(0.,0.05),.UNSPECIFIED.)
GEOMETRIC_REPRESENTATION_ITEM()
RATIONAL_B_SPLINE_SURFACE(((1.,1.),(1.,1.),(1.,1.),(1.,1.),(1.,1.),(1.,
1.),(1.,1.),(1.,1.),(1.,1.),(1.,1.)))
REPRESENTATION_ITEM('')
SURFACE()
);
#18=(
BOUNDED_SURFACE()
B_SPLINE_SURFACE(5,1,((#2787,#2788),(#2789,#2790),(#2791,#2792),(#2793,
#2794),(#2795,#2796),(#2797,#2798),(#2799,#2800),(#2801,#2802),(#2803,#2804),
(#2805,#2806),(#2807,#2808),(#2809,#2810),(#2811,#2812),(#2813,#2814),(#2815,
#2816),(#2817,#2818),(#2819,#2820),(#2821,#2822),(#2823,#2824),(#2825,#2826),
(#2827,#2828),(#2829,#2830),(#2831,#2832),(#2833,#2834),(#2835,#2836)),
 .UNSPECIFIED.,.F.,.F.,.F.)
B_SPLINE_SURFACE_WITH_KNOTS((6,1,1,1,1,1,1,1,1,1,1,1,1,1,1,1,1,1,1,1,6),
(2,2),(-0.998676558506611,-0.95,-0.9,-0.85,-0.8,-0.75,-0.7,-0.65,-0.6,-0.55,
-0.5,-0.45,-0.4,-0.35,-0.3,-0.25,-0.2,-0.15,-0.1,-0.05,0.),(0.,0.05),
 .UNSPECIFIED.)
GEOMETRIC_REPRESENTATION_ITEM()
RATIONAL_B_SPLINE_SURFACE(((1.,1.),(1.,1.),(1.,1.),(1.,1.),(1.,1.),(1.,
1.),(1.,1.),(1.,1.),(1.,1.),(1.,1.),(1.,1.),(1.,1.),(1.,1.),(1.,1.),(1.,
1.),(1.,1.),(1.,1.),(1.,1.),(1.,1.),(1.,1.),(1.,1.),(1.,1.),(1.,1.),(1.,
1.),(1.,1.)))
REPRESENTATION_ITEM('')
SURFACE()
);
#19=(
BOUNDED_SURFACE()
B_SPLINE_SURFACE(5,1,((#2866,#2867),(#2868,#2869),(#2870,#2871),(#2872,
#2873),(#2874,#2875),(#2876,#2877),(#2878,#2879),(#2880,#2881),(#2882,#2883),
(#2884,#2885),(#2886,#2887),(#2888,#2889),(#2890,#2891),(#2892,#2893),(#2894,
#2895)),.UNSPECIFIED.,.F.,.F.,.F.)
B_SPLINE_SURFACE_WITH_KNOTS((6,1,1,1,1,1,1,1,1,1,6),(2,2),(-1.,-0.9,-0.8,
-0.7,-0.6,-0.5,-0.4,-0.3,-0.2,-0.1,-3.0126883431863E-5),(0.,0.05),
 .UNSPECIFIED.)
GEOMETRIC_REPRESENTATION_ITEM()
RATIONAL_B_SPLINE_SURFACE(((1.,1.),(1.,1.),(1.,1.),(1.,1.),(1.,1.),(1.,
1.),(1.,1.),(1.,1.),(1.,1.),(1.,1.),(1.,1.),(1.,1.),(1.,1.),(1.,1.),(1.,
1.)))
REPRESENTATION_ITEM('')
SURFACE()
);
#20=(
BOUNDED_SURFACE()
B_SPLINE_SURFACE(5,1,((#2917,#2918),(#2919,#2920),(#2921,#2922),(#2923,
#2924),(#2925,#2926),(#2927,#2928),(#2929,#2930),(#2931,#2932),(#2933,#2934),
(#2935,#2936)),.UNSPECIFIED.,.F.,.F.,.F.)
B_SPLINE_SURFACE_WITH_KNOTS((6,1,1,1,1,6),(2,2),(-1.,-0.8,-0.6,-0.4,-0.2,
0.),(0.,0.05),.UNSPECIFIED.)
GEOMETRIC_REPRESENTATION_ITEM()
RATIONAL_B_SPLINE_SURFACE(((1.,1.),(1.,1.),(1.,1.),(1.,1.),(1.,1.),(1.,
1.),(1.,1.),(1.,1.),(1.,1.),(1.,1.)))
REPRESENTATION_ITEM('')
SURFACE()
);
#21=(
BOUNDED_SURFACE()
B_SPLINE_SURFACE(5,1,((#2949,#2950),(#2951,#2952),(#2953,#2954),(#2955,
#2956),(#2957,#2958),(#2959,#2960),(#2961,#2962),(#2963,#2964),(#2965,#2966),
(#2967,#2968)),.UNSPECIFIED.,.F.,.F.,.F.)
B_SPLINE_SURFACE_WITH_KNOTS((6,1,1,1,1,6),(2,2),(-1.,-0.8,-0.6,-0.4,-0.2,
0.),(0.,0.05),.UNSPECIFIED.)
GEOMETRIC_REPRESENTATION_ITEM()
RATIONAL_B_SPLINE_SURFACE(((1.,1.),(1.,1.),(1.,1.),(1.,1.),(1.,1.),(1.,
1.),(1.,1.),(1.,1.),(1.,1.),(1.,1.)))
REPRESENTATION_ITEM('')
SURFACE()
);
#22=(
BOUNDED_SURFACE()
B_SPLINE_SURFACE(5,1,((#2981,#2982),(#2983,#2984),(#2985,#2986),(#2987,
#2988),(#2989,#2990),(#2991,#2992),(#2993,#2994),(#2995,#2996),(#2997,#2998),
(#2999,#3000)),.UNSPECIFIED.,.F.,.F.,.F.)
B_SPLINE_SURFACE_WITH_KNOTS((6,1,1,1,1,6),(2,2),(-1.,-0.8,-0.6,-0.4,-0.2,
0.),(0.,0.05),.UNSPECIFIED.)
GEOMETRIC_REPRESENTATION_ITEM()
RATIONAL_B_SPLINE_SURFACE(((1.,1.),(1.,1.),(1.,1.),(1.,1.),(1.,1.),(1.,
1.),(1.,1.),(1.,1.),(1.,1.),(1.,1.)))
REPRESENTATION_ITEM('')
SURFACE()
);
#23=(
BOUNDED_SURFACE()
B_SPLINE_SURFACE(5,1,((#3013,#3014),(#3015,#3016),(#3017,#3018),(#3019,
#3020),(#3021,#3022),(#3023,#3024),(#3025,#3026),(#3027,#3028),(#3029,#3030),
(#3031,#3032)),.UNSPECIFIED.,.F.,.F.,.F.)
B_SPLINE_SURFACE_WITH_KNOTS((6,1,1,1,1,6),(2,2),(-1.,-0.8,-0.6,-0.4,-0.2,
0.),(0.,0.05),.UNSPECIFIED.)
GEOMETRIC_REPRESENTATION_ITEM()
RATIONAL_B_SPLINE_SURFACE(((1.,1.),(1.,1.),(1.,1.),(1.,1.),(1.,1.),(1.,
1.),(1.,1.),(1.,1.),(1.,1.),(1.,1.)))
REPRESENTATION_ITEM('')
SURFACE()
);
#24=(
BOUNDED_SURFACE()
B_SPLINE_SURFACE(5,1,((#3045,#3046),(#3047,#3048),(#3049,#3050),(#3051,
#3052),(#3053,#3054),(#3055,#3056),(#3057,#3058),(#3059,#3060),(#3061,#3062),
(#3063,#3064)),.UNSPECIFIED.,.F.,.F.,.F.)
B_SPLINE_SURFACE_WITH_KNOTS((6,1,1,1,1,6),(2,2),(-1.,-0.8,-0.6,-0.4,-0.2,
0.),(0.,0.05),.UNSPECIFIED.)
GEOMETRIC_REPRESENTATION_ITEM()
RATIONAL_B_SPLINE_SURFACE(((1.,1.),(1.,1.),(1.,1.),(1.,1.),(1.,1.),(1.,
1.),(1.,1.),(1.,1.),(1.,1.),(1.,1.)))
REPRESENTATION_ITEM('')
SURFACE()
);
#25=(
BOUNDED_SURFACE()
B_SPLINE_SURFACE(5,1,((#3077,#3078),(#3079,#3080),(#3081,#3082),(#3083,
#3084),(#3085,#3086),(#3087,#3088),(#3089,#3090),(#3091,#3092),(#3093,#3094),
(#3095,#3096)),.UNSPECIFIED.,.F.,.F.,.F.)
B_SPLINE_SURFACE_WITH_KNOTS((6,1,1,1,1,6),(2,2),(-1.,-0.8,-0.6,-0.4,-0.2,
0.),(0.,0.05),.UNSPECIFIED.)
GEOMETRIC_REPRESENTATION_ITEM()
RATIONAL_B_SPLINE_SURFACE(((1.,1.),(1.,1.),(1.,1.),(1.,1.),(1.,1.),(1.,
1.),(1.,1.),(1.,1.),(1.,1.),(1.,1.)))
REPRESENTATION_ITEM('')
SURFACE()
);
#26=(
BOUNDED_SURFACE()
B_SPLINE_SURFACE(5,1,((#3109,#3110),(#3111,#3112),(#3113,#3114),(#3115,
#3116),(#3117,#3118),(#3119,#3120),(#3121,#3122),(#3123,#3124),(#3125,#3126),
(#3127,#3128)),.UNSPECIFIED.,.F.,.F.,.F.)
B_SPLINE_SURFACE_WITH_KNOTS((6,1,1,1,1,6),(2,2),(-1.,-0.8,-0.6,-0.4,-0.2,
0.),(0.,0.05),.UNSPECIFIED.)
GEOMETRIC_REPRESENTATION_ITEM()
RATIONAL_B_SPLINE_SURFACE(((1.,1.),(1.,1.),(1.,1.),(1.,1.),(1.,1.),(1.,
1.),(1.,1.),(1.,1.),(1.,1.),(1.,1.)))
REPRESENTATION_ITEM('')
SURFACE()
);
#27=(
BOUNDED_SURFACE()
B_SPLINE_SURFACE(5,1,((#3141,#3142),(#3143,#3144),(#3145,#3146),(#3147,
#3148),(#3149,#3150),(#3151,#3152),(#3153,#3154),(#3155,#3156),(#3157,#3158),
(#3159,#3160),(#3161,#3162),(#3163,#3164),(#3165,#3166),(#3167,#3168),(#3169,
#3170)),.UNSPECIFIED.,.F.,.F.,.F.)
B_SPLINE_SURFACE_WITH_KNOTS((6,1,1,1,1,1,1,1,1,1,6),(2,2),(-1.,-0.9,-0.8,
-0.7,-0.6,-0.5,-0.4,-0.3,-0.2,-0.1,0.),(0.,0.05),.UNSPECIFIED.)
GEOMETRIC_REPRESENTATION_ITEM()
RATIONAL_B_SPLINE_SURFACE(((1.,1.),(1.,1.),(1.,1.),(1.,1.),(1.,1.),(1.,
1.),(1.,1.),(1.,1.),(1.,1.),(1.,1.),(1.,1.),(1.,1.),(1.,1.),(1.,1.),(1.,
1.)))
REPRESENTATION_ITEM('')
SURFACE()
);
#28=(
BOUNDED_SURFACE()
B_SPLINE_SURFACE(5,1,((#3188,#3189),(#3190,#3191),(#3192,#3193),(#3194,
#3195),(#3196,#3197),(#3198,#3199),(#3200,#3201),(#3202,#3203),(#3204,#3205),
(#3206,#3207)),.UNSPECIFIED.,.F.,.F.,.F.)
B_SPLINE_SURFACE_WITH_KNOTS((6,1,1,1,1,6),(2,2),(-1.,-0.8,-0.6,-0.4,-0.2,
0.),(0.,0.05),.UNSPECIFIED.)
GEOMETRIC_REPRESENTATION_ITEM()
RATIONAL_B_SPLINE_SURFACE(((1.,1.),(1.,1.),(1.,1.),(1.,1.),(1.,1.),(1.,
1.),(1.,1.),(1.,1.),(1.,1.),(1.,1.)))
REPRESENTATION_ITEM('')
SURFACE()
);
#29=(
BOUNDED_SURFACE()
B_SPLINE_SURFACE(5,1,((#3220,#3221),(#3222,#3223),(#3224,#3225),(#3226,
#3227),(#3228,#3229),(#3230,#3231),(#3232,#3233),(#3234,#3235),(#3236,#3237),
(#3238,#3239)),.UNSPECIFIED.,.F.,.F.,.F.)
B_SPLINE_SURFACE_WITH_KNOTS((6,1,1,1,1,6),(2,2),(-1.,-0.8,-0.6,-0.4,-0.2,
0.),(0.,0.05),.UNSPECIFIED.)
GEOMETRIC_REPRESENTATION_ITEM()
RATIONAL_B_SPLINE_SURFACE(((1.,1.),(1.,1.),(1.,1.),(1.,1.),(1.,1.),(1.,
1.),(1.,1.),(1.,1.),(1.,1.),(1.,1.)))
REPRESENTATION_ITEM('')
SURFACE()
);
#30=(
BOUNDED_SURFACE()
B_SPLINE_SURFACE(5,1,((#3252,#3253),(#3254,#3255),(#3256,#3257),(#3258,
#3259),(#3260,#3261),(#3262,#3263),(#3264,#3265),(#3266,#3267),(#3268,#3269),
(#3270,#3271)),.UNSPECIFIED.,.F.,.F.,.F.)
B_SPLINE_SURFACE_WITH_KNOTS((6,1,1,1,1,6),(2,2),(-1.,-0.8,-0.6,-0.4,-0.2,
0.),(0.,0.05),.UNSPECIFIED.)
GEOMETRIC_REPRESENTATION_ITEM()
RATIONAL_B_SPLINE_SURFACE(((1.,1.),(1.,1.),(1.,1.),(1.,1.),(1.,1.),(1.,
1.),(1.,1.),(1.,1.),(1.,1.),(1.,1.)))
REPRESENTATION_ITEM('')
SURFACE()
);
#31=(
BOUNDED_SURFACE()
B_SPLINE_SURFACE(5,1,((#3288,#3289),(#3290,#3291),(#3292,#3293),(#3294,
#3295),(#3296,#3297),(#3298,#3299),(#3300,#3301),(#3302,#3303),(#3304,#3305),
(#3306,#3307),(#3308,#3309),(#3310,#3311),(#3312,#3313),(#3314,#3315),(#3316,
#3317),(#3318,#3319),(#3320,#3321),(#3322,#3323),(#3324,#3325),(#3326,#3327),
(#3328,#3329),(#3330,#3331),(#3332,#3333),(#3334,#3335),(#3336,#3337),(#3338,
#3339),(#3340,#3341),(#3342,#3343),(#3344,#3345),(#3346,#3347)),
 .UNSPECIFIED.,.F.,.F.,.F.)
B_SPLINE_SURFACE_WITH_KNOTS((6,1,1,1,1,1,1,1,1,1,1,1,1,1,1,1,1,1,1,1,1,
1,1,1,1,6),(2,2),(-1.,-0.96,-0.92,-0.88,-0.84,-0.8,-0.76,-0.72,-0.68,-0.64,
-0.6,-0.56,-0.52,-0.48,-0.44,-0.4,-0.36,-0.32,-0.28,-0.24,-0.2,-0.16,-0.12,
-0.08,-0.04,0.),(0.,0.05),.UNSPECIFIED.)
GEOMETRIC_REPRESENTATION_ITEM()
RATIONAL_B_SPLINE_SURFACE(((1.,1.),(1.,1.),(1.,1.),(1.,1.),(1.,1.),(1.,
1.),(1.,1.),(1.,1.),(1.,1.),(1.,1.),(1.,1.),(1.,1.),(1.,1.),(1.,1.),(1.,
1.),(1.,1.),(1.,1.),(1.,1.),(1.,1.),(1.,1.),(1.,1.),(1.,1.),(1.,1.),(1.,
1.),(1.,1.),(1.,1.),(1.,1.),(1.,1.),(1.,1.),(1.,1.)))
REPRESENTATION_ITEM('')
SURFACE()
);
#32=(
BOUNDED_SURFACE()
B_SPLINE_SURFACE(5,1,((#3380,#3381),(#3382,#3383),(#3384,#3385),(#3386,
#3387),(#3388,#3389),(#3390,#3391),(#3392,#3393),(#3394,#3395),(#3396,#3397),
(#3398,#3399)),.UNSPECIFIED.,.F.,.F.,.F.)
B_SPLINE_SURFACE_WITH_KNOTS((6,1,1,1,1,6),(2,2),(-1.,-0.8,-0.6,-0.4,-0.2,
0.),(0.,0.05),.UNSPECIFIED.)
GEOMETRIC_REPRESENTATION_ITEM()
RATIONAL_B_SPLINE_SURFACE(((1.,1.),(1.,1.),(1.,1.),(1.,1.),(1.,1.),(1.,
1.),(1.,1.),(1.,1.),(1.,1.),(1.,1.)))
REPRESENTATION_ITEM('')
SURFACE()
);
#33=(
BOUNDED_SURFACE()
B_SPLINE_SURFACE(5,1,((#3412,#3413),(#3414,#3415),(#3416,#3417),(#3418,
#3419),(#3420,#3421),(#3422,#3423),(#3424,#3425),(#3426,#3427),(#3428,#3429),
(#3430,#3431)),.UNSPECIFIED.,.F.,.F.,.F.)
B_SPLINE_SURFACE_WITH_KNOTS((6,1,1,1,1,6),(2,2),(-1.,-0.8,-0.6,-0.4,-0.2,
0.),(0.,0.05),.UNSPECIFIED.)
GEOMETRIC_REPRESENTATION_ITEM()
RATIONAL_B_SPLINE_SURFACE(((1.,1.),(1.,1.),(1.,1.),(1.,1.),(1.,1.),(1.,
1.),(1.,1.),(1.,1.),(1.,1.),(1.,1.)))
REPRESENTATION_ITEM('')
SURFACE()
);
#34=(
BOUNDED_SURFACE()
B_SPLINE_SURFACE(5,1,((#3444,#3445),(#3446,#3447),(#3448,#3449),(#3450,
#3451),(#3452,#3453),(#3454,#3455),(#3456,#3457),(#3458,#3459),(#3460,#3461),
(#3462,#3463)),.UNSPECIFIED.,.F.,.F.,.F.)
B_SPLINE_SURFACE_WITH_KNOTS((6,1,1,1,1,6),(2,2),(-1.,-0.8,-0.6,-0.4,-0.2,
0.),(0.,0.05),.UNSPECIFIED.)
GEOMETRIC_REPRESENTATION_ITEM()
RATIONAL_B_SPLINE_SURFACE(((1.,1.),(1.,1.),(1.,1.),(1.,1.),(1.,1.),(1.,
1.),(1.,1.),(1.,1.),(1.,1.),(1.,1.)))
REPRESENTATION_ITEM('')
SURFACE()
);
#35=(
BOUNDED_SURFACE()
B_SPLINE_SURFACE(5,1,((#3480,#3481),(#3482,#3483),(#3484,#3485),(#3486,
#3487),(#3488,#3489),(#3490,#3491),(#3492,#3493),(#3494,#3495),(#3496,#3497),
(#3498,#3499),(#3500,#3501),(#3502,#3503),(#3504,#3505),(#3506,#3507),(#3508,
#3509)),.UNSPECIFIED.,.F.,.F.,.F.)
B_SPLINE_SURFACE_WITH_KNOTS((6,1,1,1,1,1,1,1,1,1,6),(2,2),(-1.,-0.9,-0.8,
-0.7,-0.6,-0.5,-0.4,-0.3,-0.2,-0.1,0.),(0.,0.05),.UNSPECIFIED.)
GEOMETRIC_REPRESENTATION_ITEM()
RATIONAL_B_SPLINE_SURFACE(((1.,1.),(1.,1.),(1.,1.),(1.,1.),(1.,1.),(1.,
1.),(1.,1.),(1.,1.),(1.,1.),(1.,1.),(1.,1.),(1.,1.),(1.,1.),(1.,1.),(1.,
1.)))
REPRESENTATION_ITEM('')
SURFACE()
);
#36=(
BOUNDED_SURFACE()
B_SPLINE_SURFACE(5,1,((#3527,#3528),(#3529,#3530),(#3531,#3532),(#3533,
#3534),(#3535,#3536),(#3537,#3538),(#3539,#3540),(#3541,#3542),(#3543,#3544),
(#3545,#3546)),.UNSPECIFIED.,.F.,.F.,.F.)
B_SPLINE_SURFACE_WITH_KNOTS((6,1,1,1,1,6),(2,2),(-1.,-0.8,-0.6,-0.4,-0.2,
0.),(0.,0.05),.UNSPECIFIED.)
GEOMETRIC_REPRESENTATION_ITEM()
RATIONAL_B_SPLINE_SURFACE(((1.,1.),(1.,1.),(1.,1.),(1.,1.),(1.,1.),(1.,
1.),(1.,1.),(1.,1.),(1.,1.),(1.,1.)))
REPRESENTATION_ITEM('')
SURFACE()
);
#37=(
BOUNDED_SURFACE()
B_SPLINE_SURFACE(5,1,((#3559,#3560),(#3561,#3562),(#3563,#3564),(#3565,
#3566),(#3567,#3568),(#3569,#3570),(#3571,#3572),(#3573,#3574),(#3575,#3576),
(#3577,#3578),(#3579,#3580),(#3581,#3582),(#3583,#3584),(#3585,#3586),(#3587,
#3588),(#3589,#3590),(#3591,#3592),(#3593,#3594),(#3595,#3596),(#3597,#3598)),
 .UNSPECIFIED.,.F.,.F.,.F.)
B_SPLINE_SURFACE_WITH_KNOTS((6,1,1,1,1,1,1,1,1,1,1,1,1,1,1,6),(2,2),(-1.,
-0.933333333333333,-0.866666666666667,-0.8,-0.733333333333333,-0.666666666666667,
-0.6,-0.533333333333333,-0.466666666666667,-0.4,-0.333333333333333,-0.266666666666667,
-0.2,-0.133333333333333,-0.0666666666666667,0.),(0.,0.05),.UNSPECIFIED.)
GEOMETRIC_REPRESENTATION_ITEM()
RATIONAL_B_SPLINE_SURFACE(((1.,1.),(1.,1.),(1.,1.),(1.,1.),(1.,1.),(1.,
1.),(1.,1.),(1.,1.),(1.,1.),(1.,1.),(1.,1.),(1.,1.),(1.,1.),(1.,1.),(1.,
1.),(1.,1.),(1.,1.),(1.,1.),(1.,1.),(1.,1.)))
REPRESENTATION_ITEM('')
SURFACE()
);
#38=(
BOUNDED_SURFACE()
B_SPLINE_SURFACE(5,1,((#3663,#3664),(#3665,#3666),(#3667,#3668),(#3669,
#3670),(#3671,#3672),(#3673,#3674),(#3675,#3676),(#3677,#3678),(#3679,#3680),
(#3681,#3682)),.UNSPECIFIED.,.F.,.F.,.F.)
B_SPLINE_SURFACE_WITH_KNOTS((6,1,1,1,1,6),(2,2),(0.,0.2,0.4,0.6,0.8,1.),
(-0.05,0.05),.UNSPECIFIED.)
GEOMETRIC_REPRESENTATION_ITEM()
RATIONAL_B_SPLINE_SURFACE(((1.,1.),(1.,1.),(1.,1.),(1.,1.),(1.,1.),(1.,
1.),(1.,1.),(1.,1.),(1.,1.),(1.,1.)))
REPRESENTATION_ITEM('')
SURFACE()
);
#39=(
BOUNDED_SURFACE()
B_SPLINE_SURFACE(5,1,((#3697,#3698),(#3699,#3700),(#3701,#3702),(#3703,
#3704),(#3705,#3706),(#3707,#3708),(#3709,#3710),(#3711,#3712),(#3713,#3714),
(#3715,#3716),(#3717,#3718),(#3719,#3720),(#3721,#3722),(#3723,#3724),(#3725,
#3726)),.UNSPECIFIED.,.F.,.F.,.F.)
B_SPLINE_SURFACE_WITH_KNOTS((6,1,1,1,1,1,1,1,1,1,6),(2,2),(0.,0.1,0.2,0.3,
0.4,0.5,0.6,0.7,0.8,0.9,1.),(-0.05,0.05),.UNSPECIFIED.)
GEOMETRIC_REPRESENTATION_ITEM()
RATIONAL_B_SPLINE_SURFACE(((1.,1.),(1.,1.),(1.,1.),(1.,1.),(1.,1.),(1.,
1.),(1.,1.),(1.,1.),(1.,1.),(1.,1.),(1.,1.),(1.,1.),(1.,1.),(1.,1.),(1.,
1.)))
REPRESENTATION_ITEM('')
SURFACE()
);
#40=(
BOUNDED_SURFACE()
B_SPLINE_SURFACE(5,1,((#3744,#3745),(#3746,#3747),(#3748,#3749),(#3750,
#3751),(#3752,#3753),(#3754,#3755),(#3756,#3757),(#3758,#3759),(#3760,#3761),
(#3762,#3763),(#3764,#3765),(#3766,#3767),(#3768,#3769),(#3770,#3771),(#3772,
#3773)),.UNSPECIFIED.,.F.,.F.,.F.)
B_SPLINE_SURFACE_WITH_KNOTS((6,1,1,1,1,1,1,1,1,1,6),(2,2),(0.,0.1,0.2,0.3,
0.4,0.5,0.6,0.7,0.8,0.9,1.),(-0.05,0.05),.UNSPECIFIED.)
GEOMETRIC_REPRESENTATION_ITEM()
RATIONAL_B_SPLINE_SURFACE(((1.,1.),(1.,1.),(1.,1.),(1.,1.),(1.,1.),(1.,
1.),(1.,1.),(1.,1.),(1.,1.),(1.,1.),(1.,1.),(1.,1.),(1.,1.),(1.,1.),(1.,
1.)))
REPRESENTATION_ITEM('')
SURFACE()
);
#41=FACE_BOUND('',#264,.T.);
#42=FACE_BOUND('',#295,.T.);
#43=FACE_BOUND('',#296,.T.);
#44=FACE_BOUND('',#326,.T.);
#45=FACE_BOUND('',#328,.T.);
#46=FACE_BOUND('',#337,.T.);
#47=(
BOUNDED_CURVE()
B_SPLINE_CURVE(5,(#2362,#2363,#2364,#2365,#2366,#2367,#2368,#2369,#2370,
#2371,#2372,#2373,#2374,#2375,#2376,#2377,#2378,#2379,#2380,#2381,#2382,
#2383,#2384,#2385,#2386),.UNSPECIFIED.,.F.,.F.)
B_SPLINE_CURVE_WITH_KNOTS((6,1,1,1,1,1,1,1,1,1,1,1,1,1,1,1,1,1,1,1,6),(0.,
0.05,0.1,0.15,0.2,0.25,0.3,0.35,0.4,0.45,0.5,0.55,0.6,0.65,0.7,0.75,0.8,
0.85,0.9,0.95,0.998676558506611),.UNSPECIFIED.)
CURVE()
GEOMETRIC_REPRESENTATION_ITEM()
RATIONAL_B_SPLINE_CURVE((1.,1.,1.,1.,1.,1.,1.,1.,1.,1.,1.,1.,1.,1.,1.,1.,
1.,1.,1.,1.,1.,1.,1.,1.,1.))
REPRESENTATION_ITEM('')
);
#48=(
BOUNDED_CURVE()
B_SPLINE_CURVE(5,(#2388,#2389,#2390,#2391,#2392,#2393,#2394,#2395,#2396,
#2397,#2398,#2399,#2400,#2401,#2402),.UNSPECIFIED.,.F.,.F.)
B_SPLINE_CURVE_WITH_KNOTS((6,1,1,1,1,1,1,1,1,1,6),(3.0126883431863E-5,0.1,
0.2,0.3,0.4,0.5,0.6,0.7,0.8,0.9,1.),.UNSPECIFIED.)
CURVE()
GEOMETRIC_REPRESENTATION_ITEM()
RATIONAL_B_SPLINE_CURVE((1.,1.,1.,1.,1.,1.,1.,1.,1.,1.,1.,1.,1.,1.,1.))
REPRESENTATION_ITEM('')
);
#49=(
BOUNDED_CURVE()
B_SPLINE_CURVE(5,(#2406,#2407,#2408,#2409,#2410,#2411,#2412,#2413,#2414,
#2415),.UNSPECIFIED.,.F.,.F.)
B_SPLINE_CURVE_WITH_KNOTS((6,1,1,1,1,6),(0.,0.2,0.4,0.6,0.8,1.),
 .UNSPECIFIED.)
CURVE()
GEOMETRIC_REPRESENTATION_ITEM()
RATIONAL_B_SPLINE_CURVE((1.,1.,1.,1.,1.,1.,1.,1.,1.,1.))
REPRESENTATION_ITEM('')
);
#50=(
BOUNDED_CURVE()
B_SPLINE_CURVE(5,(#2417,#2418,#2419,#2420,#2421,#2422,#2423,#2424,#2425,
#2426),.UNSPECIFIED.,.F.,.F.)
B_SPLINE_CURVE_WITH_KNOTS((6,1,1,1,1,6),(0.,0.2,0.4,0.6,0.8,1.),
 .UNSPECIFIED.)
CURVE()
GEOMETRIC_REPRESENTATION_ITEM()
RATIONAL_B_SPLINE_CURVE((1.,1.,1.,1.,1.,1.,1.,1.,1.,1.))
REPRESENTATION_ITEM('')
);
#51=(
BOUNDED_CURVE()
B_SPLINE_CURVE(5,(#2428,#2429,#2430,#2431,#2432,#2433,#2434,#2435,#2436,
#2437),.UNSPECIFIED.,.F.,.F.)
B_SPLINE_CURVE_WITH_KNOTS((6,1,1,1,1,6),(0.,0.2,0.4,0.6,0.8,1.),
 .UNSPECIFIED.)
CURVE()
GEOMETRIC_REPRESENTATION_ITEM()
RATIONAL_B_SPLINE_CURVE((1.,1.,1.,1.,1.,1.,1.,1.,1.,1.))
REPRESENTATION_ITEM('')
);
#52=(
BOUNDED_CURVE()
B_SPLINE_CURVE(5,(#2439,#2440,#2441,#2442,#2443,#2444,#2445,#2446,#2447,
#2448),.UNSPECIFIED.,.F.,.F.)
B_SPLINE_CURVE_WITH_KNOTS((6,1,1,1,1,6),(0.,0.2,0.4,0.6,0.8,1.),
 .UNSPECIFIED.)
CURVE()
GEOMETRIC_REPRESENTATION_ITEM()
RATIONAL_B_SPLINE_CURVE((1.,1.,1.,1.,1.,1.,1.,1.,1.,1.))
REPRESENTATION_ITEM('')
);
#53=(
BOUNDED_CURVE()
B_SPLINE_CURVE(5,(#2450,#2451,#2452,#2453,#2454,#2455,#2456,#2457,#2458,
#2459),.UNSPECIFIED.,.F.,.F.)
B_SPLINE_CURVE_WITH_KNOTS((6,1,1,1,1,6),(0.,0.2,0.4,0.6,0.8,1.),
 .UNSPECIFIED.)
CURVE()
GEOMETRIC_REPRESENTATION_ITEM()
RATIONAL_B_SPLINE_CURVE((1.,1.,1.,1.,1.,1.,1.,1.,1.,1.))
REPRESENTATION_ITEM('')
);
#54=(
BOUNDED_CURVE()
B_SPLINE_CURVE(5,(#2461,#2462,#2463,#2464,#2465,#2466,#2467,#2468,#2469,
#2470),.UNSPECIFIED.,.F.,.F.)
B_SPLINE_CURVE_WITH_KNOTS((6,1,1,1,1,6),(0.,0.2,0.4,0.6,0.8,1.),
 .UNSPECIFIED.)
CURVE()
GEOMETRIC_REPRESENTATION_ITEM()
RATIONAL_B_SPLINE_CURVE((1.,1.,1.,1.,1.,1.,1.,1.,1.,1.))
REPRESENTATION_ITEM('')
);
#55=(
BOUNDED_CURVE()
B_SPLINE_CURVE(5,(#2472,#2473,#2474,#2475,#2476,#2477,#2478,#2479,#2480,
#2481),.UNSPECIFIED.,.F.,.F.)
B_SPLINE_CURVE_WITH_KNOTS((6,1,1,1,1,6),(0.,0.2,0.4,0.6,0.8,1.),
 .UNSPECIFIED.)
CURVE()
GEOMETRIC_REPRESENTATION_ITEM()
RATIONAL_B_SPLINE_CURVE((1.,1.,1.,1.,1.,1.,1.,1.,1.,1.))
REPRESENTATION_ITEM('')
);
#56=(
BOUNDED_CURVE()
B_SPLINE_CURVE(5,(#2483,#2484,#2485,#2486,#2487,#2488,#2489,#2490,#2491,
#2492,#2493,#2494,#2495,#2496,#2497),.UNSPECIFIED.,.F.,.F.)
B_SPLINE_CURVE_WITH_KNOTS((6,1,1,1,1,1,1,1,1,1,6),(0.,0.1,0.2,0.3,0.4,0.5,
0.6,0.7,0.8,0.9,1.),.UNSPECIFIED.)
CURVE()
GEOMETRIC_REPRESENTATION_ITEM()
RATIONAL_B_SPLINE_CURVE((1.,1.,1.,1.,1.,1.,1.,1.,1.,1.,1.,1.,1.,1.,1.))
REPRESENTATION_ITEM('')
);
#57=(
BOUNDED_CURVE()
B_SPLINE_CURVE(5,(#2499,#2500,#2501,#2502,#2503,#2504,#2505,#2506,#2507,
#2508),.UNSPECIFIED.,.F.,.F.)
B_SPLINE_CURVE_WITH_KNOTS((6,1,1,1,1,6),(0.,0.2,0.4,0.6,0.8,1.),
 .UNSPECIFIED.)
CURVE()
GEOMETRIC_REPRESENTATION_ITEM()
RATIONAL_B_SPLINE_CURVE((1.,1.,1.,1.,1.,1.,1.,1.,1.,1.))
REPRESENTATION_ITEM('')
);
#58=(
BOUNDED_CURVE()
B_SPLINE_CURVE(5,(#2510,#2511,#2512,#2513,#2514,#2515,#2516,#2517,#2518,
#2519),.UNSPECIFIED.,.F.,.F.)
B_SPLINE_CURVE_WITH_KNOTS((6,1,1,1,1,6),(0.,0.2,0.4,0.6,0.8,1.),
 .UNSPECIFIED.)
CURVE()
GEOMETRIC_REPRESENTATION_ITEM()
RATIONAL_B_SPLINE_CURVE((1.,1.,1.,1.,1.,1.,1.,1.,1.,1.))
REPRESENTATION_ITEM('')
);
#59=(
BOUNDED_CURVE()
B_SPLINE_CURVE(5,(#2521,#2522,#2523,#2524,#2525,#2526,#2527,#2528,#2529,
#2530),.UNSPECIFIED.,.F.,.F.)
B_SPLINE_CURVE_WITH_KNOTS((6,1,1,1,1,6),(0.,0.2,0.4,0.6,0.8,1.),
 .UNSPECIFIED.)
CURVE()
GEOMETRIC_REPRESENTATION_ITEM()
RATIONAL_B_SPLINE_CURVE((1.,1.,1.,1.,1.,1.,1.,1.,1.,1.))
REPRESENTATION_ITEM('')
);
#60=(
BOUNDED_CURVE()
B_SPLINE_CURVE(5,(#2534,#2535,#2536,#2537,#2538,#2539,#2540,#2541,#2542,
#2543,#2544,#2545,#2546,#2547,#2548,#2549,#2550,#2551,#2552,#2553,#2554,
#2555,#2556,#2557,#2558,#2559,#2560,#2561,#2562,#2563),.UNSPECIFIED.,.F.,
 .F.)
B_SPLINE_CURVE_WITH_KNOTS((6,1,1,1,1,1,1,1,1,1,1,1,1,1,1,1,1,1,1,1,1,1,
1,1,1,6),(0.,0.04,0.08,0.12,0.16,0.2,0.24,0.28,0.32,0.36,0.4,0.44,0.48,
0.52,0.56,0.6,0.64,0.68,0.72,0.76,0.8,0.84,0.88,0.92,0.96,1.),
 .UNSPECIFIED.)
CURVE()
GEOMETRIC_REPRESENTATION_ITEM()
RATIONAL_B_SPLINE_CURVE((1.,1.,1.,1.,1.,1.,1.,1.,1.,1.,1.,1.,1.,1.,1.,1.,
1.,1.,1.,1.,1.,1.,1.,1.,1.,1.,1.,1.,1.,1.))
REPRESENTATION_ITEM('')
);
#61=(
BOUNDED_CURVE()
B_SPLINE_CURVE(5,(#2565,#2566,#2567,#2568,#2569,#2570,#2571,#2572,#2573,
#2574),.UNSPECIFIED.,.F.,.F.)
B_SPLINE_CURVE_WITH_KNOTS((6,1,1,1,1,6),(0.,0.2,0.4,0.6,0.8,1.),
 .UNSPECIFIED.)
CURVE()
GEOMETRIC_REPRESENTATION_ITEM()
RATIONAL_B_SPLINE_CURVE((1.,1.,1.,1.,1.,1.,1.,1.,1.,1.))
REPRESENTATION_ITEM('')
);
#62=(
BOUNDED_CURVE()
B_SPLINE_CURVE(5,(#2576,#2577,#2578,#2579,#2580,#2581,#2582,#2583,#2584,
#2585),.UNSPECIFIED.,.F.,.F.)
B_SPLINE_CURVE_WITH_KNOTS((6,1,1,1,1,6),(0.,0.2,0.4,0.6,0.8,1.),
 .UNSPECIFIED.)
CURVE()
GEOMETRIC_REPRESENTATION_ITEM()
RATIONAL_B_SPLINE_CURVE((1.,1.,1.,1.,1.,1.,1.,1.,1.,1.))
REPRESENTATION_ITEM('')
);
#63=(
BOUNDED_CURVE()
B_SPLINE_CURVE(5,(#2587,#2588,#2589,#2590,#2591,#2592,#2593,#2594,#2595,
#2596),.UNSPECIFIED.,.F.,.F.)
B_SPLINE_CURVE_WITH_KNOTS((6,1,1,1,1,6),(0.,0.2,0.4,0.6,0.8,1.),
 .UNSPECIFIED.)
CURVE()
GEOMETRIC_REPRESENTATION_ITEM()
RATIONAL_B_SPLINE_CURVE((1.,1.,1.,1.,1.,1.,1.,1.,1.,1.))
REPRESENTATION_ITEM('')
);
#64=(
BOUNDED_CURVE()
B_SPLINE_CURVE(5,(#2600,#2601,#2602,#2603,#2604,#2605,#2606,#2607,#2608,
#2609,#2610,#2611,#2612,#2613,#2614),.UNSPECIFIED.,.F.,.F.)
B_SPLINE_CURVE_WITH_KNOTS((6,1,1,1,1,1,1,1,1,1,6),(0.,0.1,0.2,0.3,0.4,0.5,
0.6,0.7,0.8,0.9,1.),.UNSPECIFIED.)
CURVE()
GEOMETRIC_REPRESENTATION_ITEM()
RATIONAL_B_SPLINE_CURVE((1.,1.,1.,1.,1.,1.,1.,1.,1.,1.,1.,1.,1.,1.,1.))
REPRESENTATION_ITEM('')
);
#65=(
BOUNDED_CURVE()
B_SPLINE_CURVE(5,(#2616,#2617,#2618,#2619,#2620,#2621,#2622,#2623,#2624,
#2625),.UNSPECIFIED.,.F.,.F.)
B_SPLINE_CURVE_WITH_KNOTS((6,1,1,1,1,6),(0.,0.2,0.4,0.6,0.8,1.),
 .UNSPECIFIED.)
CURVE()
GEOMETRIC_REPRESENTATION_ITEM()
RATIONAL_B_SPLINE_CURVE((1.,1.,1.,1.,1.,1.,1.,1.,1.,1.))
REPRESENTATION_ITEM('')
);
#66=(
BOUNDED_CURVE()
B_SPLINE_CURVE(5,(#2626,#2627,#2628,#2629,#2630,#2631,#2632,#2633,#2634,
#2635,#2636,#2637,#2638,#2639,#2640,#2641,#2642,#2643,#2644,#2645),
 .UNSPECIFIED.,.F.,.F.)
B_SPLINE_CURVE_WITH_KNOTS((6,1,1,1,1,1,1,1,1,1,1,1,1,1,1,6),(0.,0.0666666666666667,
0.133333333333333,0.2,0.266666666666667,0.333333333333333,0.4,0.466666666666667,
0.533333333333333,0.6,0.666666666666667,0.733333333333333,0.8,0.866666666666667,
0.933333333333333,1.),.UNSPECIFIED.)
CURVE()
GEOMETRIC_REPRESENTATION_ITEM()
RATIONAL_B_SPLINE_CURVE((1.,1.,1.,1.,1.,1.,1.,1.,1.,1.,1.,1.,1.,1.,1.,1.,
1.,1.,1.,1.))
REPRESENTATION_ITEM('')
);
#67=(
BOUNDED_CURVE()
B_SPLINE_CURVE(5,(#2680,#2681,#2682,#2683,#2684,#2685,#2686,#2687,#2688,
#2689),.UNSPECIFIED.,.F.,.F.)
B_SPLINE_CURVE_WITH_KNOTS((6,1,1,1,1,6),(-1.,-0.8,-0.6,-0.4,-0.2,0.),
 .UNSPECIFIED.)
CURVE()
GEOMETRIC_REPRESENTATION_ITEM()
RATIONAL_B_SPLINE_CURVE((1.,1.,1.,1.,1.,1.,1.,1.,1.,1.))
REPRESENTATION_ITEM('')
);
#68=(
BOUNDED_CURVE()
B_SPLINE_CURVE(5,(#2693,#2694,#2695,#2696,#2697,#2698,#2699,#2700,#2701,
#2702),.UNSPECIFIED.,.F.,.F.)
B_SPLINE_CURVE_WITH_KNOTS((6,1,1,1,1,6),(0.,0.2,0.4,0.6,0.8,1.),
 .UNSPECIFIED.)
CURVE()
GEOMETRIC_REPRESENTATION_ITEM()
RATIONAL_B_SPLINE_CURVE((1.,1.,1.,1.,1.,1.,1.,1.,1.,1.))
REPRESENTATION_ITEM('')
);
#69=(
BOUNDED_CURVE()
B_SPLINE_CURVE(5,(#2725,#2726,#2727,#2728,#2729,#2730,#2731,#2732,#2733,
#2734),.UNSPECIFIED.,.F.,.F.)
B_SPLINE_CURVE_WITH_KNOTS((6,1,1,1,1,6),(-1.,-0.8,-0.6,-0.4,-0.2,0.),
 .UNSPECIFIED.)
CURVE()
GEOMETRIC_REPRESENTATION_ITEM()
RATIONAL_B_SPLINE_CURVE((1.,1.,1.,1.,1.,1.,1.,1.,1.,1.))
REPRESENTATION_ITEM('')
);
#70=(
BOUNDED_CURVE()
B_SPLINE_CURVE(5,(#2736,#2737,#2738,#2739,#2740,#2741,#2742,#2743,#2744,
#2745),.UNSPECIFIED.,.F.,.F.)
B_SPLINE_CURVE_WITH_KNOTS((6,1,1,1,1,6),(0.,0.2,0.4,0.6,0.8,1.),
 .UNSPECIFIED.)
CURVE()
GEOMETRIC_REPRESENTATION_ITEM()
RATIONAL_B_SPLINE_CURVE((1.,1.,1.,1.,1.,1.,1.,1.,1.,1.))
REPRESENTATION_ITEM('')
);
#71=(
BOUNDED_CURVE()
B_SPLINE_CURVE(5,(#2767,#2768,#2769,#2770,#2771,#2772,#2773,#2774,#2775,
#2776),.UNSPECIFIED.,.F.,.F.)
B_SPLINE_CURVE_WITH_KNOTS((6,1,1,1,1,6),(-1.,-0.8,-0.6,-0.4,-0.2,0.),
 .UNSPECIFIED.)
CURVE()
GEOMETRIC_REPRESENTATION_ITEM()
RATIONAL_B_SPLINE_CURVE((1.,1.,1.,1.,1.,1.,1.,1.,1.,1.))
REPRESENTATION_ITEM('')
);
#72=(
BOUNDED_CURVE()
B_SPLINE_CURVE(5,(#2777,#2778,#2779,#2780,#2781,#2782,#2783,#2784,#2785,
#2786),.UNSPECIFIED.,.F.,.F.)
B_SPLINE_CURVE_WITH_KNOTS((6,1,1,1,1,6),(0.,0.2,0.4,0.6,0.8,1.),
 .UNSPECIFIED.)
CURVE()
GEOMETRIC_REPRESENTATION_ITEM()
RATIONAL_B_SPLINE_CURVE((1.,1.,1.,1.,1.,1.,1.,1.,1.,1.))
REPRESENTATION_ITEM('')
);
#73=(
BOUNDED_CURVE()
B_SPLINE_CURVE(5,(#2840,#2841,#2842,#2843,#2844,#2845,#2846,#2847,#2848,
#2849,#2850,#2851,#2852,#2853,#2854,#2855,#2856,#2857,#2858,#2859,#2860,
#2861,#2862,#2863,#2864),.UNSPECIFIED.,.F.,.F.)
B_SPLINE_CURVE_WITH_KNOTS((6,1,1,1,1,1,1,1,1,1,1,1,1,1,1,1,1,1,1,1,6),(-0.998676558506611,
-0.95,-0.9,-0.85,-0.8,-0.75,-0.7,-0.65,-0.6,-0.55,-0.5,-0.45,-0.4,-0.35,
-0.3,-0.25,-0.2,-0.15,-0.1,-0.05,0.),.UNSPECIFIED.)
CURVE()
GEOMETRIC_REPRESENTATION_ITEM()
RATIONAL_B_SPLINE_CURVE((1.,1.,1.,1.,1.,1.,1.,1.,1.,1.,1.,1.,1.,1.,1.,1.,
1.,1.,1.,1.,1.,1.,1.,1.,1.))
REPRESENTATION_ITEM('')
);
#74=(
BOUNDED_CURVE()
B_SPLINE_CURVE(5,(#2897,#2898,#2899,#2900,#2901,#2902,#2903,#2904,#2905,
#2906,#2907,#2908,#2909,#2910,#2911),.UNSPECIFIED.,.F.,.F.)
B_SPLINE_CURVE_WITH_KNOTS((6,1,1,1,1,1,1,1,1,1,6),(-1.,-0.9,-0.8,-0.7,-0.6,
-0.5,-0.4,-0.3,-0.2,-0.1,-3.0126883431863E-5),.UNSPECIFIED.)
CURVE()
GEOMETRIC_REPRESENTATION_ITEM()
RATIONAL_B_SPLINE_CURVE((1.,1.,1.,1.,1.,1.,1.,1.,1.,1.,1.,1.,1.,1.,1.))
REPRESENTATION_ITEM('')
);
#75=(
BOUNDED_CURVE()
B_SPLINE_CURVE(5,(#2938,#2939,#2940,#2941,#2942,#2943,#2944,#2945,#2946,
#2947),.UNSPECIFIED.,.F.,.F.)
B_SPLINE_CURVE_WITH_KNOTS((6,1,1,1,1,6),(-1.,-0.8,-0.6,-0.4,-0.2,0.),
 .UNSPECIFIED.)
CURVE()
GEOMETRIC_REPRESENTATION_ITEM()
RATIONAL_B_SPLINE_CURVE((1.,1.,1.,1.,1.,1.,1.,1.,1.,1.))
REPRESENTATION_ITEM('')
);
#76=(
BOUNDED_CURVE()
B_SPLINE_CURVE(5,(#2970,#2971,#2972,#2973,#2974,#2975,#2976,#2977,#2978,
#2979),.UNSPECIFIED.,.F.,.F.)
B_SPLINE_CURVE_WITH_KNOTS((6,1,1,1,1,6),(-1.,-0.8,-0.6,-0.4,-0.2,0.),
 .UNSPECIFIED.)
CURVE()
GEOMETRIC_REPRESENTATION_ITEM()
RATIONAL_B_SPLINE_CURVE((1.,1.,1.,1.,1.,1.,1.,1.,1.,1.))
REPRESENTATION_ITEM('')
);
#77=(
BOUNDED_CURVE()
B_SPLINE_CURVE(5,(#3002,#3003,#3004,#3005,#3006,#3007,#3008,#3009,#3010,
#3011),.UNSPECIFIED.,.F.,.F.)
B_SPLINE_CURVE_WITH_KNOTS((6,1,1,1,1,6),(-1.,-0.8,-0.6,-0.4,-0.2,0.),
 .UNSPECIFIED.)
CURVE()
GEOMETRIC_REPRESENTATION_ITEM()
RATIONAL_B_SPLINE_CURVE((1.,1.,1.,1.,1.,1.,1.,1.,1.,1.))
REPRESENTATION_ITEM('')
);
#78=(
BOUNDED_CURVE()
B_SPLINE_CURVE(5,(#3034,#3035,#3036,#3037,#3038,#3039,#3040,#3041,#3042,
#3043),.UNSPECIFIED.,.F.,.F.)
B_SPLINE_CURVE_WITH_KNOTS((6,1,1,1,1,6),(-1.,-0.8,-0.6,-0.4,-0.2,0.),
 .UNSPECIFIED.)
CURVE()
GEOMETRIC_REPRESENTATION_ITEM()
RATIONAL_B_SPLINE_CURVE((1.,1.,1.,1.,1.,1.,1.,1.,1.,1.))
REPRESENTATION_ITEM('')
);
#79=(
BOUNDED_CURVE()
B_SPLINE_CURVE(5,(#3066,#3067,#3068,#3069,#3070,#3071,#3072,#3073,#3074,
#3075),.UNSPECIFIED.,.F.,.F.)
B_SPLINE_CURVE_WITH_KNOTS((6,1,1,1,1,6),(-1.,-0.8,-0.6,-0.4,-0.2,0.),
 .UNSPECIFIED.)
CURVE()
GEOMETRIC_REPRESENTATION_ITEM()
RATIONAL_B_SPLINE_CURVE((1.,1.,1.,1.,1.,1.,1.,1.,1.,1.))
REPRESENTATION_ITEM('')
);
#80=(
BOUNDED_CURVE()
B_SPLINE_CURVE(5,(#3098,#3099,#3100,#3101,#3102,#3103,#3104,#3105,#3106,
#3107),.UNSPECIFIED.,.F.,.F.)
B_SPLINE_CURVE_WITH_KNOTS((6,1,1,1,1,6),(-1.,-0.8,-0.6,-0.4,-0.2,0.),
 .UNSPECIFIED.)
CURVE()
GEOMETRIC_REPRESENTATION_ITEM()
RATIONAL_B_SPLINE_CURVE((1.,1.,1.,1.,1.,1.,1.,1.,1.,1.))
REPRESENTATION_ITEM('')
);
#81=(
BOUNDED_CURVE()
B_SPLINE_CURVE(5,(#3130,#3131,#3132,#3133,#3134,#3135,#3136,#3137,#3138,
#3139),.UNSPECIFIED.,.F.,.F.)
B_SPLINE_CURVE_WITH_KNOTS((6,1,1,1,1,6),(-1.,-0.8,-0.6,-0.4,-0.2,0.),
 .UNSPECIFIED.)
CURVE()
GEOMETRIC_REPRESENTATION_ITEM()
RATIONAL_B_SPLINE_CURVE((1.,1.,1.,1.,1.,1.,1.,1.,1.,1.))
REPRESENTATION_ITEM('')
);
#82=(
BOUNDED_CURVE()
B_SPLINE_CURVE(5,(#3172,#3173,#3174,#3175,#3176,#3177,#3178,#3179,#3180,
#3181,#3182,#3183,#3184,#3185,#3186),.UNSPECIFIED.,.F.,.F.)
B_SPLINE_CURVE_WITH_KNOTS((6,1,1,1,1,1,1,1,1,1,6),(-1.,-0.9,-0.8,-0.7,-0.6,
-0.5,-0.4,-0.3,-0.2,-0.1,0.),.UNSPECIFIED.)
CURVE()
GEOMETRIC_REPRESENTATION_ITEM()
RATIONAL_B_SPLINE_CURVE((1.,1.,1.,1.,1.,1.,1.,1.,1.,1.,1.,1.,1.,1.,1.))
REPRESENTATION_ITEM('')
);
#83=(
BOUNDED_CURVE()
B_SPLINE_CURVE(5,(#3209,#3210,#3211,#3212,#3213,#3214,#3215,#3216,#3217,
#3218),.UNSPECIFIED.,.F.,.F.)
B_SPLINE_CURVE_WITH_KNOTS((6,1,1,1,1,6),(-1.,-0.8,-0.6,-0.4,-0.2,0.),
 .UNSPECIFIED.)
CURVE()
GEOMETRIC_REPRESENTATION_ITEM()
RATIONAL_B_SPLINE_CURVE((1.,1.,1.,1.,1.,1.,1.,1.,1.,1.))
REPRESENTATION_ITEM('')
);
#84=(
BOUNDED_CURVE()
B_SPLINE_CURVE(5,(#3241,#3242,#3243,#3244,#3245,#3246,#3247,#3248,#3249,
#3250),.UNSPECIFIED.,.F.,.F.)
B_SPLINE_CURVE_WITH_KNOTS((6,1,1,1,1,6),(-1.,-0.8,-0.6,-0.4,-0.2,0.),
 .UNSPECIFIED.)
CURVE()
GEOMETRIC_REPRESENTATION_ITEM()
RATIONAL_B_SPLINE_CURVE((1.,1.,1.,1.,1.,1.,1.,1.,1.,1.))
REPRESENTATION_ITEM('')
);
#85=(
BOUNDED_CURVE()
B_SPLINE_CURVE(5,(#3273,#3274,#3275,#3276,#3277,#3278,#3279,#3280,#3281,
#3282),.UNSPECIFIED.,.F.,.F.)
B_SPLINE_CURVE_WITH_KNOTS((6,1,1,1,1,6),(-1.,-0.8,-0.6,-0.4,-0.2,0.),
 .UNSPECIFIED.)
CURVE()
GEOMETRIC_REPRESENTATION_ITEM()
RATIONAL_B_SPLINE_CURVE((1.,1.,1.,1.,1.,1.,1.,1.,1.,1.))
REPRESENTATION_ITEM('')
);
#86=(
BOUNDED_CURVE()
B_SPLINE_CURVE(5,(#3349,#3350,#3351,#3352,#3353,#3354,#3355,#3356,#3357,
#3358,#3359,#3360,#3361,#3362,#3363,#3364,#3365,#3366,#3367,#3368,#3369,
#3370,#3371,#3372,#3373,#3374,#3375,#3376,#3377,#3378),.UNSPECIFIED.,.F.,
 .F.)
B_SPLINE_CURVE_WITH_KNOTS((6,1,1,1,1,1,1,1,1,1,1,1,1,1,1,1,1,1,1,1,1,1,
1,1,1,6),(-1.,-0.96,-0.92,-0.88,-0.84,-0.8,-0.76,-0.72,-0.68,-0.64,-0.6,
-0.56,-0.52,-0.48,-0.44,-0.4,-0.36,-0.32,-0.28,-0.24,-0.2,-0.16,-0.12,-0.08,
-0.04,0.),.UNSPECIFIED.)
CURVE()
GEOMETRIC_REPRESENTATION_ITEM()
RATIONAL_B_SPLINE_CURVE((1.,1.,1.,1.,1.,1.,1.,1.,1.,1.,1.,1.,1.,1.,1.,1.,
1.,1.,1.,1.,1.,1.,1.,1.,1.,1.,1.,1.,1.,1.))
REPRESENTATION_ITEM('')
);
#87=(
BOUNDED_CURVE()
B_SPLINE_CURVE(5,(#3401,#3402,#3403,#3404,#3405,#3406,#3407,#3408,#3409,
#3410),.UNSPECIFIED.,.F.,.F.)
B_SPLINE_CURVE_WITH_KNOTS((6,1,1,1,1,6),(-1.,-0.8,-0.6,-0.4,-0.2,0.),
 .UNSPECIFIED.)
CURVE()
GEOMETRIC_REPRESENTATION_ITEM()
RATIONAL_B_SPLINE_CURVE((1.,1.,1.,1.,1.,1.,1.,1.,1.,1.))
REPRESENTATION_ITEM('')
);
#88=(
BOUNDED_CURVE()
B_SPLINE_CURVE(5,(#3433,#3434,#3435,#3436,#3437,#3438,#3439,#3440,#3441,
#3442),.UNSPECIFIED.,.F.,.F.)
B_SPLINE_CURVE_WITH_KNOTS((6,1,1,1,1,6),(-1.,-0.8,-0.6,-0.4,-0.2,0.),
 .UNSPECIFIED.)
CURVE()
GEOMETRIC_REPRESENTATION_ITEM()
RATIONAL_B_SPLINE_CURVE((1.,1.,1.,1.,1.,1.,1.,1.,1.,1.))
REPRESENTATION_ITEM('')
);
#89=(
BOUNDED_CURVE()
B_SPLINE_CURVE(5,(#3465,#3466,#3467,#3468,#3469,#3470,#3471,#3472,#3473,
#3474),.UNSPECIFIED.,.F.,.F.)
B_SPLINE_CURVE_WITH_KNOTS((6,1,1,1,1,6),(-1.,-0.8,-0.6,-0.4,-0.2,0.),
 .UNSPECIFIED.)
CURVE()
GEOMETRIC_REPRESENTATION_ITEM()
RATIONAL_B_SPLINE_CURVE((1.,1.,1.,1.,1.,1.,1.,1.,1.,1.))
REPRESENTATION_ITEM('')
);
#90=(
BOUNDED_CURVE()
B_SPLINE_CURVE(5,(#3511,#3512,#3513,#3514,#3515,#3516,#3517,#3518,#3519,
#3520,#3521,#3522,#3523,#3524,#3525),.UNSPECIFIED.,.F.,.F.)
B_SPLINE_CURVE_WITH_KNOTS((6,1,1,1,1,1,1,1,1,1,6),(-1.,-0.9,-0.8,-0.7,-0.6,
-0.5,-0.4,-0.3,-0.2,-0.1,0.),.UNSPECIFIED.)
CURVE()
GEOMETRIC_REPRESENTATION_ITEM()
RATIONAL_B_SPLINE_CURVE((1.,1.,1.,1.,1.,1.,1.,1.,1.,1.,1.,1.,1.,1.,1.))
REPRESENTATION_ITEM('')
);
#91=(
BOUNDED_CURVE()
B_SPLINE_CURVE(5,(#3548,#3549,#3550,#3551,#3552,#3553,#3554,#3555,#3556,
#3557),.UNSPECIFIED.,.F.,.F.)
B_SPLINE_CURVE_WITH_KNOTS((6,1,1,1,1,6),(-1.,-0.8,-0.6,-0.4,-0.2,0.),
 .UNSPECIFIED.)
CURVE()
GEOMETRIC_REPRESENTATION_ITEM()
RATIONAL_B_SPLINE_CURVE((1.,1.,1.,1.,1.,1.,1.,1.,1.,1.))
REPRESENTATION_ITEM('')
);
#92=(
BOUNDED_CURVE()
B_SPLINE_CURVE(5,(#3599,#3600,#3601,#3602,#3603,#3604,#3605,#3606,#3607,
#3608,#3609,#3610,#3611,#3612,#3613,#3614,#3615,#3616,#3617,#3618),
 .UNSPECIFIED.,.F.,.F.)
B_SPLINE_CURVE_WITH_KNOTS((6,1,1,1,1,1,1,1,1,1,1,1,1,1,1,6),(-1.,-0.933333333333333,
-0.866666666666667,-0.8,-0.733333333333333,-0.666666666666667,-0.6,-0.533333333333333,
-0.466666666666667,-0.4,-0.333333333333333,-0.266666666666667,-0.2,-0.133333333333333,
-0.0666666666666667,0.),.UNSPECIFIED.)
CURVE()
GEOMETRIC_REPRESENTATION_ITEM()
RATIONAL_B_SPLINE_CURVE((1.,1.,1.,1.,1.,1.,1.,1.,1.,1.,1.,1.,1.,1.,1.,1.,
1.,1.,1.,1.))
REPRESENTATION_ITEM('')
);
#93=(
BOUNDED_CURVE()
B_SPLINE_CURVE(5,(#3622,#3623,#3624,#3625,#3626,#3627,#3628,#3629,#3630,
#3631,#3632,#3633,#3634,#3635,#3636),.UNSPECIFIED.,.F.,.F.)
B_SPLINE_CURVE_WITH_KNOTS((6,1,1,1,1,1,1,1,1,1,6),(0.,0.1,0.2,0.3,0.4,0.5,
0.6,0.7,0.8,0.9,1.),.UNSPECIFIED.)
CURVE()
GEOMETRIC_REPRESENTATION_ITEM()
RATIONAL_B_SPLINE_CURVE((1.,1.,1.,1.,1.,1.,1.,1.,1.,1.,1.,1.,1.,1.,1.))
REPRESENTATION_ITEM('')
);
#94=(
BOUNDED_CURVE()
B_SPLINE_CURVE(5,(#3638,#3639,#3640,#3641,#3642,#3643,#3644,#3645,#3646,
#3647,#3648,#3649,#3650,#3651,#3652),.UNSPECIFIED.,.F.,.F.)
B_SPLINE_CURVE_WITH_KNOTS((6,1,1,1,1,1,1,1,1,1,6),(0.,0.1,0.2,0.3,0.4,0.5,
0.6,0.7,0.8,0.9,1.),.UNSPECIFIED.)
CURVE()
GEOMETRIC_REPRESENTATION_ITEM()
RATIONAL_B_SPLINE_CURVE((1.,1.,1.,1.,1.,1.,1.,1.,1.,1.,1.,1.,1.,1.,1.))
REPRESENTATION_ITEM('')
);
#95=(
BOUNDED_CURVE()
B_SPLINE_CURVE(5,(#3653,#3654,#3655,#3656,#3657,#3658,#3659,#3660,#3661,
#3662),.UNSPECIFIED.,.F.,.F.)
B_SPLINE_CURVE_WITH_KNOTS((6,1,1,1,1,6),(0.,0.2,0.4,0.6,0.8,1.),
 .UNSPECIFIED.)
CURVE()
GEOMETRIC_REPRESENTATION_ITEM()
RATIONAL_B_SPLINE_CURVE((1.,1.,1.,1.,1.,1.,1.,1.,1.,1.))
REPRESENTATION_ITEM('')
);
#96=(
BOUNDED_CURVE()
B_SPLINE_CURVE(5,(#3686,#3687,#3688,#3689,#3690,#3691,#3692,#3693,#3694,
#3695),.UNSPECIFIED.,.F.,.F.)
B_SPLINE_CURVE_WITH_KNOTS((6,1,1,1,1,6),(0.,0.2,0.4,0.6,0.8,1.),
 .UNSPECIFIED.)
CURVE()
GEOMETRIC_REPRESENTATION_ITEM()
RATIONAL_B_SPLINE_CURVE((1.,1.,1.,1.,1.,1.,1.,1.,1.,1.))
REPRESENTATION_ITEM('')
);
#97=(
BOUNDED_CURVE()
B_SPLINE_CURVE(5,(#3729,#3730,#3731,#3732,#3733,#3734,#3735,#3736,#3737,
#3738,#3739,#3740,#3741,#3742,#3743),.UNSPECIFIED.,.F.,.F.)
B_SPLINE_CURVE_WITH_KNOTS((6,1,1,1,1,1,1,1,1,1,6),(0.,0.1,0.2,0.3,0.4,0.5,
0.6,0.7,0.8,0.9,1.),.UNSPECIFIED.)
CURVE()
GEOMETRIC_REPRESENTATION_ITEM()
RATIONAL_B_SPLINE_CURVE((1.,1.,1.,1.,1.,1.,1.,1.,1.,1.,1.,1.,1.,1.,1.))
REPRESENTATION_ITEM('')
);
#98=(
BOUNDED_CURVE()
B_SPLINE_CURVE(5,(#3774,#3775,#3776,#3777,#3778,#3779,#3780,#3781,#3782,
#3783,#3784,#3785,#3786,#3787,#3788),.UNSPECIFIED.,.F.,.F.)
B_SPLINE_CURVE_WITH_KNOTS((6,1,1,1,1,1,1,1,1,1,6),(0.,0.1,0.2,0.3,0.4,0.5,
0.6,0.7,0.8,0.9,1.),.UNSPECIFIED.)
CURVE()
GEOMETRIC_REPRESENTATION_ITEM()
RATIONAL_B_SPLINE_CURVE((1.,1.,1.,1.,1.,1.,1.,1.,1.,1.,1.,1.,1.,1.,1.))
REPRESENTATION_ITEM('')
);
#99=ELLIPSE('',#1651,2.07846096392074,2.);
#100=ELLIPSE('',#1654,2.07846096392074,2.);
#101=ELLIPSE('',#1658,2.07846096392074,2.);
#102=ELLIPSE('',#1661,2.07846096392074,2.);
#103=CYLINDRICAL_SURFACE('',#1650,2.);
#104=CYLINDRICAL_SURFACE('',#1653,2.);
#105=CYLINDRICAL_SURFACE('',#1657,2.);
#106=CYLINDRICAL_SURFACE('',#1660,2.);
#107=PLANE('',#1646);
#108=PLANE('',#1647);
#109=PLANE('',#1648);
#110=PLANE('',#1649);
#111=PLANE('',#1652);
#112=PLANE('',#1655);
#113=PLANE('',#1656);
#114=PLANE('',#1659);
#115=PLANE('',#1662);
#116=PLANE('',#1663);
#117=PLANE('',#1664);
#118=PLANE('',#1665);
#119=PLANE('',#1666);
#120=PLANE('',#1667);
#121=PLANE('',#1668);
#122=PLANE('',#1669);
#123=PLANE('',#1670);
#124=PLANE('',#1671);
#125=PLANE('',#1672);
#126=PLANE('',#1673);
#127=PLANE('',#1674);
#128=PLANE('',#1675);
#129=PLANE('',#1676);
#130=PLANE('',#1677);
#131=PLANE('',#1678);
#132=PLANE('',#1679);
#133=PLANE('',#1680);
#134=PLANE('',#1681);
#135=PLANE('',#1682);
#136=PLANE('',#1683);
#137=PLANE('',#1684);
#138=PLANE('',#1685);
#139=PLANE('',#1686);
#140=PLANE('',#1687);
#141=PLANE('',#1688);
#142=PLANE('',#1689);
#143=PLANE('',#1690);
#144=PLANE('',#1691);
#145=PLANE('',#1692);
#146=PLANE('',#1693);
#147=PLANE('',#1694);
#148=PLANE('',#1695);
#149=PLANE('',#1696);
#150=PLANE('',#1697);
#151=PLANE('',#1698);
#152=PLANE('',#1699);
#153=PLANE('',#1700);
#154=FACE_OUTER_BOUND('',#243,.T.);
#155=FACE_OUTER_BOUND('',#244,.T.);
#156=FACE_OUTER_BOUND('',#245,.T.);
#157=FACE_OUTER_BOUND('',#246,.T.);
#158=FACE_OUTER_BOUND('',#247,.T.);
#159=FACE_OUTER_BOUND('',#248,.T.);
#160=FACE_OUTER_BOUND('',#249,.T.);
#161=FACE_OUTER_BOUND('',#250,.T.);
#162=FACE_OUTER_BOUND('',#251,.T.);
#163=FACE_OUTER_BOUND('',#252,.T.);
#164=FACE_OUTER_BOUND('',#253,.T.);
#165=FACE_OUTER_BOUND('',#254,.T.);
#166=FACE_OUTER_BOUND('',#255,.T.);
#167=FACE_OUTER_BOUND('',#256,.T.);
#168=FACE_OUTER_BOUND('',#257,.T.);
#169=FACE_OUTER_BOUND('',#258,.T.);
#170=FACE_OUTER_BOUND('',#259,.T.);
#171=FACE_OUTER_BOUND('',#260,.T.);
#172=FACE_OUTER_BOUND('',#261,.T.);
#173=FACE_OUTER_BOUND('',#262,.T.);
#174=FACE_OUTER_BOUND('',#263,.T.);
#175=FACE_OUTER_BOUND('',#265,.T.);
#176=FACE_OUTER_BOUND('',#266,.T.);
#177=FACE_OUTER_BOUND('',#267,.T.);
#178=FACE_OUTER_BOUND('',#268,.T.);
#179=FACE_OUTER_BOUND('',#269,.T.);
#180=FACE_OUTER_BOUND('',#270,.T.);
#181=FACE_OUTER_BOUND('',#271,.T.);
#182=FACE_OUTER_BOUND('',#272,.T.);
#183=FACE_OUTER_BOUND('',#273,.T.);
#184=FACE_OUTER_BOUND('',#274,.T.);
#185=FACE_OUTER_BOUND('',#275,.T.);
#186=FACE_OUTER_BOUND('',#276,.T.);
#187=FACE_OUTER_BOUND('',#277,.T.);
#188=FACE_OUTER_BOUND('',#278,.T.);
#189=FACE_OUTER_BOUND('',#279,.T.);
#190=FACE_OUTER_BOUND('',#280,.T.);
#191=FACE_OUTER_BOUND('',#281,.T.);
#192=FACE_OUTER_BOUND('',#282,.T.);
#193=FACE_OUTER_BOUND('',#283,.T.);
#194=FACE_OUTER_BOUND('',#284,.T.);
#195=FACE_OUTER_BOUND('',#285,.T.);
#196=FACE_OUTER_BOUND('',#286,.T.);
#197=FACE_OUTER_BOUND('',#287,.T.);
#198=FACE_OUTER_BOUND('',#288,.T.);
#199=FACE_OUTER_BOUND('',#289,.T.);
#200=FACE_OUTER_BOUND('',#290,.T.);
#201=FACE_OUTER_BOUND('',#291,.T.);
#202=FACE_OUTER_BOUND('',#292,.T.);
#203=FACE_OUTER_BOUND('',#293,.T.);
#204=FACE_OUTER_BOUND('',#294,.T.);
#205=FACE_OUTER_BOUND('',#297,.T.);
#206=FACE_OUTER_BOUND('',#298,.T.);
#207=FACE_OUTER_BOUND('',#299,.T.);
#208=FACE_OUTER_BOUND('',#300,.T.);
#209=FACE_OUTER_BOUND('',#301,.T.);
#210=FACE_OUTER_BOUND('',#302,.T.);
#211=FACE_OUTER_BOUND('',#303,.T.);
#212=FACE_OUTER_BOUND('',#304,.T.);
#213=FACE_OUTER_BOUND('',#305,.T.);
#214=FACE_OUTER_BOUND('',#306,.T.);
#215=FACE_OUTER_BOUND('',#307,.T.);
#216=FACE_OUTER_BOUND('',#308,.T.);
#217=FACE_OUTER_BOUND('',#309,.T.);
#218=FACE_OUTER_BOUND('',#310,.T.);
#219=FACE_OUTER_BOUND('',#311,.T.);
#220=FACE_OUTER_BOUND('',#312,.T.);
#221=FACE_OUTER_BOUND('',#313,.T.);
#222=FACE_OUTER_BOUND('',#314,.T.);
#223=FACE_OUTER_BOUND('',#315,.T.);
#224=FACE_OUTER_BOUND('',#316,.T.);
#225=FACE_OUTER_BOUND('',#317,.T.);
#226=FACE_OUTER_BOUND('',#318,.T.);
#227=FACE_OUTER_BOUND('',#319,.T.);
#228=FACE_OUTER_BOUND('',#320,.T.);
#229=FACE_OUTER_BOUND('',#321,.T.);
#230=FACE_OUTER_BOUND('',#322,.T.);
#231=FACE_OUTER_BOUND('',#323,.T.);
#232=FACE_OUTER_BOUND('',#324,.T.);
#233=FACE_OUTER_BOUND('',#325,.T.);
#234=FACE_OUTER_BOUND('',#327,.T.);
#235=FACE_OUTER_BOUND('',#329,.T.);
#236=FACE_OUTER_BOUND('',#330,.T.);
#237=FACE_OUTER_BOUND('',#331,.T.);
#238=FACE_OUTER_BOUND('',#332,.T.);
#239=FACE_OUTER_BOUND('',#333,.T.);
#240=FACE_OUTER_BOUND('',#334,.T.);
#241=FACE_OUTER_BOUND('',#335,.T.);
#242=FACE_OUTER_BOUND('',#336,.T.);
#243=EDGE_LOOP('',(#1061,#1062,#1063,#1064));
#244=EDGE_LOOP('',(#1065,#1066,#1067,#1068));
#245=EDGE_LOOP('',(#1069,#1070,#1071,#1072));
#246=EDGE_LOOP('',(#1073,#1074,#1075,#1076));
#247=EDGE_LOOP('',(#1077,#1078,#1079,#1080));
#248=EDGE_LOOP('',(#1081,#1082,#1083,#1084));
#249=EDGE_LOOP('',(#1085,#1086,#1087,#1088));
#250=EDGE_LOOP('',(#1089,#1090,#1091,#1092));
#251=EDGE_LOOP('',(#1093,#1094,#1095,#1096));
#252=EDGE_LOOP('',(#1097,#1098,#1099,#1100));
#253=EDGE_LOOP('',(#1101,#1102,#1103,#1104));
#254=EDGE_LOOP('',(#1105,#1106,#1107,#1108));
#255=EDGE_LOOP('',(#1109,#1110,#1111,#1112));
#256=EDGE_LOOP('',(#1113,#1114,#1115,#1116));
#257=EDGE_LOOP('',(#1117,#1118,#1119,#1120));
#258=EDGE_LOOP('',(#1121,#1122,#1123,#1124));
#259=EDGE_LOOP('',(#1125,#1126,#1127,#1128));
#260=EDGE_LOOP('',(#1129,#1130,#1131,#1132,#1133,#1134));
#261=EDGE_LOOP('',(#1135,#1136,#1137,#1138));
#262=EDGE_LOOP('',(#1139,#1140,#1141,#1142,#1143,#1144));
#263=EDGE_LOOP('',(#1145,#1146,#1147,#1148,#1149,#1150,#1151,#1152,#1153,
#1154,#1155,#1156,#1157,#1158,#1159,#1160));
#264=EDGE_LOOP('',(#1161,#1162,#1163,#1164,#1165,#1166,#1167,#1168,#1169,
#1170,#1171,#1172,#1173,#1174,#1175,#1176,#1177,#1178,#1179,#1180,#1181,
#1182,#1183));
#265=EDGE_LOOP('',(#1184,#1185,#1186,#1187));
#266=EDGE_LOOP('',(#1188,#1189,#1190,#1191,#1192,#1193));
#267=EDGE_LOOP('',(#1194,#1195,#1196,#1197));
#268=EDGE_LOOP('',(#1198,#1199,#1200,#1201));
#269=EDGE_LOOP('',(#1202,#1203,#1204,#1205));
#270=EDGE_LOOP('',(#1206,#1207,#1208,#1209));
#271=EDGE_LOOP('',(#1210,#1211,#1212,#1213));
#272=EDGE_LOOP('',(#1214,#1215,#1216,#1217));
#273=EDGE_LOOP('',(#1218,#1219,#1220,#1221));
#274=EDGE_LOOP('',(#1222,#1223,#1224,#1225));
#275=EDGE_LOOP('',(#1226,#1227,#1228,#1229));
#276=EDGE_LOOP('',(#1230,#1231,#1232,#1233));
#277=EDGE_LOOP('',(#1234,#1235,#1236,#1237));
#278=EDGE_LOOP('',(#1238,#1239,#1240,#1241));
#279=EDGE_LOOP('',(#1242,#1243,#1244,#1245));
#280=EDGE_LOOP('',(#1246,#1247,#1248,#1249));
#281=EDGE_LOOP('',(#1250,#1251,#1252,#1253));
#282=EDGE_LOOP('',(#1254,#1255,#1256,#1257));
#283=EDGE_LOOP('',(#1258,#1259,#1260,#1261));
#284=EDGE_LOOP('',(#1262,#1263,#1264,#1265));
#285=EDGE_LOOP('',(#1266,#1267,#1268,#1269));
#286=EDGE_LOOP('',(#1270,#1271,#1272,#1273));
#287=EDGE_LOOP('',(#1274,#1275,#1276,#1277));
#288=EDGE_LOOP('',(#1278,#1279,#1280,#1281));
#289=EDGE_LOOP('',(#1282,#1283,#1284,#1285));
#290=EDGE_LOOP('',(#1286,#1287,#1288,#1289));
#291=EDGE_LOOP('',(#1290,#1291,#1292,#1293));
#292=EDGE_LOOP('',(#1294,#1295,#1296,#1297));
#293=EDGE_LOOP('',(#1298,#1299,#1300,#1301));
#294=EDGE_LOOP('',(#1302,#1303,#1304,#1305,#1306,#1307,#1308,#1309,#1310,
#1311,#1312,#1313,#1314,#1315,#1316,#1317,#1318,#1319,#1320,#1321,#1322,
#1323,#1324));
#295=EDGE_LOOP('',(#1325,#1326,#1327));
#296=EDGE_LOOP('',(#1328,#1329,#1330));
#297=EDGE_LOOP('',(#1331,#1332,#1333,#1334));
#298=EDGE_LOOP('',(#1335,#1336,#1337,#1338));
#299=EDGE_LOOP('',(#1339,#1340,#1341,#1342));
#300=EDGE_LOOP('',(#1343,#1344,#1345));
#301=EDGE_LOOP('',(#1346,#1347,#1348,#1349));
#302=EDGE_LOOP('',(#1350,#1351,#1352,#1353));
#303=EDGE_LOOP('',(#1354,#1355,#1356,#1357));
#304=EDGE_LOOP('',(#1358,#1359,#1360,#1361));
#305=EDGE_LOOP('',(#1362,#1363,#1364,#1365));
#306=EDGE_LOOP('',(#1366,#1367,#1368,#1369));
#307=EDGE_LOOP('',(#1370,#1371,#1372,#1373));
#308=EDGE_LOOP('',(#1374,#1375,#1376,#1377));
#309=EDGE_LOOP('',(#1378,#1379,#1380,#1381));
#310=EDGE_LOOP('',(#1382,#1383,#1384,#1385));
#311=EDGE_LOOP('',(#1386,#1387,#1388,#1389));
#312=EDGE_LOOP('',(#1390,#1391,#1392,#1393));
#313=EDGE_LOOP('',(#1394,#1395,#1396,#1397));
#314=EDGE_LOOP('',(#1398,#1399,#1400,#1401));
#315=EDGE_LOOP('',(#1402,#1403,#1404,#1405));
#316=EDGE_LOOP('',(#1406,#1407,#1408,#1409));
#317=EDGE_LOOP('',(#1410,#1411,#1412,#1413));
#318=EDGE_LOOP('',(#1414,#1415,#1416,#1417));
#319=EDGE_LOOP('',(#1418,#1419,#1420,#1421));
#320=EDGE_LOOP('',(#1422,#1423,#1424,#1425));
#321=EDGE_LOOP('',(#1426,#1427,#1428,#1429));
#322=EDGE_LOOP('',(#1430,#1431,#1432,#1433));
#323=EDGE_LOOP('',(#1434,#1435,#1436,#1437));
#324=EDGE_LOOP('',(#1438,#1439,#1440,#1441));
#325=EDGE_LOOP('',(#1442,#1443,#1444,#1445,#1446,#1447,#1448,#1449,#1450,
#1451,#1452,#1453));
#326=EDGE_LOOP('',(#1454,#1455,#1456,#1457,#1458,#1459,#1460,#1461,#1462,
#1463,#1464,#1465));
#327=EDGE_LOOP('',(#1466,#1467,#1468,#1469));
#328=EDGE_LOOP('',(#1470,#1471,#1472,#1473,#1474,#1475,#1476,#1477,#1478,
#1479,#1480,#1481));
#329=EDGE_LOOP('',(#1482,#1483,#1484,#1485));
#330=EDGE_LOOP('',(#1486,#1487,#1488,#1489));
#331=EDGE_LOOP('',(#1490,#1491,#1492,#1493));
#332=EDGE_LOOP('',(#1494,#1495,#1496,#1497));
#333=EDGE_LOOP('',(#1498,#1499,#1500,#1501,#1502,#1503,#1504,#1505,#1506,
#1507,#1508,#1509));
#334=EDGE_LOOP('',(#1510,#1511,#1512,#1513,#1514,#1515));
#335=EDGE_LOOP('',(#1516,#1517,#1518));
#336=EDGE_LOOP('',(#1519,#1520,#1521,#1522,#1523,#1524,#1525,#1526));
#337=EDGE_LOOP('',(#1527,#1528,#1529,#1530));
#338=B_SPLINE_CURVE_WITH_KNOTS('',3,(#1993,#1994,#1995,#1996,#1997),
 .UNSPECIFIED.,.F.,.F.,(4,1,4),(-0.720296785915545,-0.102899541287286,0.720296784883726),
 .UNSPECIFIED.);
#339=B_SPLINE_CURVE_WITH_KNOTS('',3,(#2000,#2001,#2002,#2003,#2004),
 .UNSPECIFIED.,.F.,.F.,(4,1,4),(-0.720296784883726,0.102899541287286,0.720296785915545),
 .UNSPECIFIED.);
#340=B_SPLINE_CURVE_WITH_KNOTS('',3,(#2030,#2031,#2032,#2033),
 .UNSPECIFIED.,.F.,.F.,(4,4),(-0.766162656751343,-0.720296785915544),
 .UNSPECIFIED.);
#341=B_SPLINE_CURVE_WITH_KNOTS('',3,(#2034,#2035,#2036,#2037),
 .UNSPECIFIED.,.F.,.F.,(4,4),(0.720296785915544,0.766162656751343),
 .UNSPECIFIED.);
#342=B_SPLINE_CURVE_WITH_KNOTS('',3,(#2062,#2063,#2064,#2065,#2066),
 .UNSPECIFIED.,.F.,.F.,(4,1,4),(-0.720296784883727,-0.102899540255467,0.720296785915546),
 .UNSPECIFIED.);
#343=B_SPLINE_CURVE_WITH_KNOTS('',3,(#2069,#2070,#2071,#2072,#2073),
 .UNSPECIFIED.,.F.,.F.,(4,1,4),(-0.720296785915546,0.102899540255467,0.720296784883727),
 .UNSPECIFIED.);
#344=B_SPLINE_CURVE_WITH_KNOTS('',3,(#2090,#2091,#2092,#2093),
 .UNSPECIFIED.,.F.,.F.,(4,4),(0.720296785915544,0.766162656751345),
 .UNSPECIFIED.);
#345=B_SPLINE_CURVE_WITH_KNOTS('',3,(#2094,#2095,#2096,#2097),
 .UNSPECIFIED.,.F.,.F.,(4,4),(-0.766162656751345,-0.720296785915544),
 .UNSPECIFIED.);
#346=B_SPLINE_CURVE_WITH_KNOTS('',3,(#2123,#2124,#2125,#2126),
 .UNSPECIFIED.,.F.,.F.,(4,4),(-0.766162652177666,-0.720296784883726),
 .UNSPECIFIED.);
#347=B_SPLINE_CURVE_WITH_KNOTS('',3,(#2127,#2128,#2129,#2130),
 .UNSPECIFIED.,.F.,.F.,(4,4),(0.720296784883726,0.766162652177666),
 .UNSPECIFIED.);
#348=B_SPLINE_CURVE_WITH_KNOTS('',3,(#2155,#2156,#2157,#2158,#2159),
 .UNSPECIFIED.,.F.,.F.,(4,1,4),(-0.720296785915546,-0.102899541287286,0.720296784883727),
 .UNSPECIFIED.);
#349=B_SPLINE_CURVE_WITH_KNOTS('',3,(#2162,#2163,#2164,#2165,#2166),
 .UNSPECIFIED.,.F.,.F.,(4,1,4),(-0.720296784883727,0.102899541287286,0.720296785915546),
 .UNSPECIFIED.);
#350=B_SPLINE_CURVE_WITH_KNOTS('',3,(#2183,#2184,#2185,#2186),
 .UNSPECIFIED.,.F.,.F.,(4,4),(0.720296784883725,0.766162652177663),
 .UNSPECIFIED.);
#351=B_SPLINE_CURVE_WITH_KNOTS('',3,(#2187,#2188,#2189,#2190),
 .UNSPECIFIED.,.F.,.F.,(4,4),(-0.766162652177663,-0.720296784883725),
 .UNSPECIFIED.);
#352=B_SPLINE_CURVE_WITH_KNOTS('',3,(#2216,#2217,#2218,#2219),
 .UNSPECIFIED.,.F.,.F.,(4,4),(-0.766162649691592,-0.720296785915545),
 .UNSPECIFIED.);
#353=B_SPLINE_CURVE_WITH_KNOTS('',3,(#2220,#2221,#2222,#2223),
 .UNSPECIFIED.,.F.,.F.,(4,4),(0.720296785915545,0.766162649691592),
 .UNSPECIFIED.);
#354=B_SPLINE_CURVE_WITH_KNOTS('',3,(#2248,#2249,#2250,#2251,#2252),
 .UNSPECIFIED.,.F.,.F.,(4,1,4),(-0.720296784883726,-0.102899540255467,0.720296785915545),
 .UNSPECIFIED.);
#355=B_SPLINE_CURVE_WITH_KNOTS('',3,(#2255,#2256,#2257,#2258,#2259),
 .UNSPECIFIED.,.F.,.F.,(4,1,4),(-0.720296785915545,0.102899540255467,0.720296784883726),
 .UNSPECIFIED.);
#356=B_SPLINE_CURVE_WITH_KNOTS('',3,(#2276,#2277,#2278,#2279),
 .UNSPECIFIED.,.F.,.F.,(4,4),(0.720296785915544,0.766162649691591),
 .UNSPECIFIED.);
#357=B_SPLINE_CURVE_WITH_KNOTS('',3,(#2280,#2281,#2282,#2283),
 .UNSPECIFIED.,.F.,.F.,(4,4),(-0.766162649691591,-0.720296785915544),
 .UNSPECIFIED.);
#358=B_SPLINE_CURVE_WITH_KNOTS('',3,(#2309,#2310,#2311,#2312),
 .UNSPECIFIED.,.F.,.F.,(4,4),(-0.766162652177665,-0.720296784883726),
 .UNSPECIFIED.);
#359=B_SPLINE_CURVE_WITH_KNOTS('',3,(#2313,#2314,#2315,#2316),
 .UNSPECIFIED.,.F.,.F.,(4,4),(0.720296784883726,0.766162652177665),
 .UNSPECIFIED.);
#360=B_SPLINE_CURVE_WITH_KNOTS('',3,(#2333,#2334,#2335,#2336),
 .UNSPECIFIED.,.F.,.F.,(4,4),(0.720296784883727,0.766162652177667),
 .UNSPECIFIED.);
#361=B_SPLINE_CURVE_WITH_KNOTS('',3,(#2337,#2338,#2339,#2340),
 .UNSPECIFIED.,.F.,.F.,(4,4),(-0.766162652177667,-0.720296784883727),
 .UNSPECIFIED.);
#362=LINE('',#1991,#517);
#363=LINE('',#1999,#518);
#364=LINE('',#2008,#519);
#365=LINE('',#2010,#520);
#366=LINE('',#2012,#521);
#367=LINE('',#2013,#522);
#368=LINE('',#2060,#523);
#369=LINE('',#2068,#524);
#370=LINE('',#2101,#525);
#371=LINE('',#2103,#526);
#372=LINE('',#2105,#527);
#373=LINE('',#2106,#528);
#374=LINE('',#2153,#529);
#375=LINE('',#2161,#530);
#376=LINE('',#2194,#531);
#377=LINE('',#2196,#532);
#378=LINE('',#2198,#533);
#379=LINE('',#2199,#534);
#380=LINE('',#2246,#535);
#381=LINE('',#2254,#536);
#382=LINE('',#2287,#537);
#383=LINE('',#2289,#538);
#384=LINE('',#2291,#539);
#385=LINE('',#2292,#540);
#386=LINE('',#2343,#541);
#387=LINE('',#2346,#542);
#388=LINE('',#2349,#543);
#389=LINE('',#2350,#544);
#390=LINE('',#2353,#545);
#391=LINE('',#2357,#546);
#392=LINE('',#2358,#547);
#393=LINE('',#2404,#548);
#394=LINE('',#2532,#549);
#395=LINE('',#2598,#550);
#396=LINE('',#2648,#551);
#397=LINE('',#2651,#552);
#398=LINE('',#2654,#553);
#399=LINE('',#2655,#554);
#400=LINE('',#2691,#555);
#401=LINE('',#2703,#556);
#402=LINE('',#2746,#557);
#403=LINE('',#2838,#558);
#404=LINE('',#2865,#559);
#405=LINE('',#2912,#560);
#406=LINE('',#2915,#561);
#407=LINE('',#2916,#562);
#408=LINE('',#2948,#563);
#409=LINE('',#2980,#564);
#410=LINE('',#3012,#565);
#411=LINE('',#3044,#566);
#412=LINE('',#3076,#567);
#413=LINE('',#3108,#568);
#414=LINE('',#3140,#569);
#415=LINE('',#3187,#570);
#416=LINE('',#3219,#571);
#417=LINE('',#3251,#572);
#418=LINE('',#3283,#573);
#419=LINE('',#3286,#574);
#420=LINE('',#3287,#575);
#421=LINE('',#3379,#576);
#422=LINE('',#3411,#577);
#423=LINE('',#3443,#578);
#424=LINE('',#3475,#579);
#425=LINE('',#3478,#580);
#426=LINE('',#3479,#581);
#427=LINE('',#3526,#582);
#428=LINE('',#3558,#583);
#429=LINE('',#3684,#584);
#430=LINE('',#3696,#585);
#431=LINE('',#3728,#586);
#432=LINE('',#3793,#587);
#433=LINE('',#3795,#588);
#434=LINE('',#3797,#589);
#435=LINE('',#3798,#590);
#436=LINE('',#3801,#591);
#437=LINE('',#3803,#592);
#438=LINE('',#3804,#593);
#439=LINE('',#3807,#594);
#440=LINE('',#3809,#595);
#441=LINE('',#3810,#596);
#442=LINE('',#3813,#597);
#443=LINE('',#3815,#598);
#444=LINE('',#3816,#599);
#445=LINE('',#3819,#600);
#446=LINE('',#3821,#601);
#447=LINE('',#3822,#602);
#448=LINE('',#3825,#603);
#449=LINE('',#3827,#604);
#450=LINE('',#3828,#605);
#451=LINE('',#3831,#606);
#452=LINE('',#3833,#607);
#453=LINE('',#3834,#608);
#454=LINE('',#3837,#609);
#455=LINE('',#3839,#610);
#456=LINE('',#3840,#611);
#457=LINE('',#3843,#612);
#458=LINE('',#3845,#613);
#459=LINE('',#3846,#614);
#460=LINE('',#3849,#615);
#461=LINE('',#3851,#616);
#462=LINE('',#3852,#617);
#463=LINE('',#3855,#618);
#464=LINE('',#3857,#619);
#465=LINE('',#3858,#620);
#466=LINE('',#3860,#621);
#467=LINE('',#3861,#622);
#468=LINE('',#3865,#623);
#469=LINE('',#3867,#624);
#470=LINE('',#3869,#625);
#471=LINE('',#3870,#626);
#472=LINE('',#3873,#627);
#473=LINE('',#3875,#628);
#474=LINE('',#3876,#629);
#475=LINE('',#3879,#630);
#476=LINE('',#3881,#631);
#477=LINE('',#3882,#632);
#478=LINE('',#3885,#633);
#479=LINE('',#3887,#634);
#480=LINE('',#3888,#635);
#481=LINE('',#3891,#636);
#482=LINE('',#3893,#637);
#483=LINE('',#3894,#638);
#484=LINE('',#3897,#639);
#485=LINE('',#3899,#640);
#486=LINE('',#3900,#641);
#487=LINE('',#3903,#642);
#488=LINE('',#3905,#643);
#489=LINE('',#3906,#644);
#490=LINE('',#3909,#645);
#491=LINE('',#3911,#646);
#492=LINE('',#3912,#647);
#493=LINE('',#3915,#648);
#494=LINE('',#3917,#649);
#495=LINE('',#3918,#650);
#496=LINE('',#3921,#651);
#497=LINE('',#3923,#652);
#498=LINE('',#3924,#653);
#499=LINE('',#3927,#654);
#500=LINE('',#3929,#655);
#501=LINE('',#3930,#656);
#502=LINE('',#3932,#657);
#503=LINE('',#3933,#658);
#504=LINE('',#3938,#659);
#505=LINE('',#3940,#660);
#506=LINE('',#3942,#661);
#507=LINE('',#3943,#662);
#508=LINE('',#3946,#663);
#509=LINE('',#3948,#664);
#510=LINE('',#3949,#665);
#511=LINE('',#3952,#666);
#512=LINE('',#3954,#667);
#513=LINE('',#3955,#668);
#514=LINE('',#3957,#669);
#515=LINE('',#3959,#670);
#516=LINE('',#3962,#671);
#517=VECTOR('',#1703,10.);
#518=VECTOR('',#1704,10.);
#519=VECTOR('',#1707,10.);
#520=VECTOR('',#1708,10.);
#521=VECTOR('',#1709,10.);
#522=VECTOR('',#1710,10.);
#523=VECTOR('',#1711,10.);
#524=VECTOR('',#1712,10.);
#525=VECTOR('',#1715,10.);
#526=VECTOR('',#1716,10.);
#527=VECTOR('',#1717,10.);
#528=VECTOR('',#1718,10.);
#529=VECTOR('',#1719,10.);
#530=VECTOR('',#1720,10.);
#531=VECTOR('',#1723,10.);
#532=VECTOR('',#1724,10.);
#533=VECTOR('',#1725,10.);
#534=VECTOR('',#1726,10.);
#535=VECTOR('',#1727,10.);
#536=VECTOR('',#1728,10.);
#537=VECTOR('',#1731,10.);
#538=VECTOR('',#1732,10.);
#539=VECTOR('',#1733,10.);
#540=VECTOR('',#1734,10.);
#541=VECTOR('',#1737,10.);
#542=VECTOR('',#1740,10.);
#543=VECTOR('',#1743,10.);
#544=VECTOR('',#1744,10.);
#545=VECTOR('',#1747,10.);
#546=VECTOR('',#1752,10.);
#547=VECTOR('',#1753,10.);
#548=VECTOR('',#1756,10.);
#549=VECTOR('',#1757,10.);
#550=VECTOR('',#1758,10.);
#551=VECTOR('',#1761,10.);
#552=VECTOR('',#1764,10.);
#553=VECTOR('',#1767,10.);
#554=VECTOR('',#1768,10.);
#555=VECTOR('',#1773,10.);
#556=VECTOR('',#1774,10.);
#557=VECTOR('',#1775,10.);
#558=VECTOR('',#1776,10.);
#559=VECTOR('',#1777,10.);
#560=VECTOR('',#1778,10.);
#561=VECTOR('',#1781,10.);
#562=VECTOR('',#1782,10.);
#563=VECTOR('',#1783,10.);
#564=VECTOR('',#1784,10.);
#565=VECTOR('',#1785,10.);
#566=VECTOR('',#1786,10.);
#567=VECTOR('',#1787,10.);
#568=VECTOR('',#1788,10.);
#569=VECTOR('',#1789,10.);
#570=VECTOR('',#1790,10.);
#571=VECTOR('',#1791,10.);
#572=VECTOR('',#1792,10.);
#573=VECTOR('',#1793,10.);
#574=VECTOR('',#1796,10.);
#575=VECTOR('',#1797,10.);
#576=VECTOR('',#1798,10.);
#577=VECTOR('',#1799,10.);
#578=VECTOR('',#1800,10.);
#579=VECTOR('',#1801,10.);
#580=VECTOR('',#1804,10.);
#581=VECTOR('',#1805,10.);
#582=VECTOR('',#1806,10.);
#583=VECTOR('',#1807,10.);
#584=VECTOR('',#1810,10.);
#585=VECTOR('',#1811,10.);
#586=VECTOR('',#1812,10.);
#587=VECTOR('',#1817,10.);
#588=VECTOR('',#1818,10.);
#589=VECTOR('',#1819,10.);
#590=VECTOR('',#1820,10.);
#591=VECTOR('',#1823,10.);
#592=VECTOR('',#1824,10.);
#593=VECTOR('',#1825,10.);
#594=VECTOR('',#1828,10.);
#595=VECTOR('',#1829,10.);
#596=VECTOR('',#1830,10.);
#597=VECTOR('',#1833,10.);
#598=VECTOR('',#1834,10.);
#599=VECTOR('',#1835,10.);
#600=VECTOR('',#1838,10.);
#601=VECTOR('',#1839,10.);
#602=VECTOR('',#1840,10.);
#603=VECTOR('',#1843,10.);
#604=VECTOR('',#1844,10.);
#605=VECTOR('',#1845,10.);
#606=VECTOR('',#1848,10.);
#607=VECTOR('',#1849,10.);
#608=VECTOR('',#1850,10.);
#609=VECTOR('',#1853,10.);
#610=VECTOR('',#1854,10.);
#611=VECTOR('',#1855,10.);
#612=VECTOR('',#1858,10.);
#613=VECTOR('',#1859,10.);
#614=VECTOR('',#1860,10.);
#615=VECTOR('',#1863,10.);
#616=VECTOR('',#1864,10.);
#617=VECTOR('',#1865,10.);
#618=VECTOR('',#1868,10.);
#619=VECTOR('',#1869,10.);
#620=VECTOR('',#1870,10.);
#621=VECTOR('',#1873,10.);
#622=VECTOR('',#1874,10.);
#623=VECTOR('',#1877,10.);
#624=VECTOR('',#1878,10.);
#625=VECTOR('',#1879,10.);
#626=VECTOR('',#1880,10.);
#627=VECTOR('',#1883,10.);
#628=VECTOR('',#1884,10.);
#629=VECTOR('',#1885,10.);
#630=VECTOR('',#1888,10.);
#631=VECTOR('',#1889,10.);
#632=VECTOR('',#1890,10.);
#633=VECTOR('',#1893,10.);
#634=VECTOR('',#1894,10.);
#635=VECTOR('',#1895,10.);
#636=VECTOR('',#1898,10.);
#637=VECTOR('',#1899,10.);
#638=VECTOR('',#1900,10.);
#639=VECTOR('',#1903,10.);
#640=VECTOR('',#1904,10.);
#641=VECTOR('',#1905,10.);
#642=VECTOR('',#1908,10.);
#643=VECTOR('',#1909,10.);
#644=VECTOR('',#1910,10.);
#645=VECTOR('',#1913,10.);
#646=VECTOR('',#1914,10.);
#647=VECTOR('',#1915,10.);
#648=VECTOR('',#1918,10.);
#649=VECTOR('',#1919,10.);
#650=VECTOR('',#1920,10.);
#651=VECTOR('',#1923,10.);
#652=VECTOR('',#1924,10.);
#653=VECTOR('',#1925,10.);
#654=VECTOR('',#1928,10.);
#655=VECTOR('',#1929,10.);
#656=VECTOR('',#1930,10.);
#657=VECTOR('',#1933,10.);
#658=VECTOR('',#1934,10.);
#659=VECTOR('',#1939,10.);
#660=VECTOR('',#1940,10.);
#661=VECTOR('',#1941,10.);
#662=VECTOR('',#1942,10.);
#663=VECTOR('',#1945,10.);
#664=VECTOR('',#1946,10.);
#665=VECTOR('',#1947,10.);
#666=VECTOR('',#1950,10.);
#667=VECTOR('',#1951,10.);
#668=VECTOR('',#1952,10.);
#669=VECTOR('',#1955,10.);
#670=VECTOR('',#1958,10.);
#671=VECTOR('',#1963,10.);
#672=VERTEX_POINT('',#1989);
#673=VERTEX_POINT('',#1990);
#674=VERTEX_POINT('',#1992);
#675=VERTEX_POINT('',#1998);
#676=VERTEX_POINT('',#2006);
#677=VERTEX_POINT('',#2007);
#678=VERTEX_POINT('',#2009);
#679=VERTEX_POINT('',#2011);
#680=VERTEX_POINT('',#2058);
#681=VERTEX_POINT('',#2059);
#682=VERTEX_POINT('',#2061);
#683=VERTEX_POINT('',#2067);
#684=VERTEX_POINT('',#2099);
#685=VERTEX_POINT('',#2100);
#686=VERTEX_POINT('',#2102);
#687=VERTEX_POINT('',#2104);
#688=VERTEX_POINT('',#2151);
#689=VERTEX_POINT('',#2152);
#690=VERTEX_POINT('',#2154);
#691=VERTEX_POINT('',#2160);
#692=VERTEX_POINT('',#2192);
#693=VERTEX_POINT('',#2193);
#694=VERTEX_POINT('',#2195);
#695=VERTEX_POINT('',#2197);
#696=VERTEX_POINT('',#2244);
#697=VERTEX_POINT('',#2245);
#698=VERTEX_POINT('',#2247);
#699=VERTEX_POINT('',#2253);
#700=VERTEX_POINT('',#2285);
#701=VERTEX_POINT('',#2286);
#702=VERTEX_POINT('',#2288);
#703=VERTEX_POINT('',#2290);
#704=VERTEX_POINT('',#2342);
#705=VERTEX_POINT('',#2344);
#706=VERTEX_POINT('',#2348);
#707=VERTEX_POINT('',#2352);
#708=VERTEX_POINT('',#2356);
#709=VERTEX_POINT('',#2360);
#710=VERTEX_POINT('',#2361);
#711=VERTEX_POINT('',#2387);
#712=VERTEX_POINT('',#2403);
#713=VERTEX_POINT('',#2405);
#714=VERTEX_POINT('',#2416);
#715=VERTEX_POINT('',#2427);
#716=VERTEX_POINT('',#2438);
#717=VERTEX_POINT('',#2449);
#718=VERTEX_POINT('',#2460);
#719=VERTEX_POINT('',#2471);
#720=VERTEX_POINT('',#2482);
#721=VERTEX_POINT('',#2498);
#722=VERTEX_POINT('',#2509);
#723=VERTEX_POINT('',#2520);
#724=VERTEX_POINT('',#2531);
#725=VERTEX_POINT('',#2533);
#726=VERTEX_POINT('',#2564);
#727=VERTEX_POINT('',#2575);
#728=VERTEX_POINT('',#2586);
#729=VERTEX_POINT('',#2597);
#730=VERTEX_POINT('',#2599);
#731=VERTEX_POINT('',#2615);
#732=VERTEX_POINT('',#2647);
#733=VERTEX_POINT('',#2649);
#734=VERTEX_POINT('',#2653);
#735=VERTEX_POINT('',#2678);
#736=VERTEX_POINT('',#2679);
#737=VERTEX_POINT('',#2690);
#738=VERTEX_POINT('',#2692);
#739=VERTEX_POINT('',#2724);
#740=VERTEX_POINT('',#2735);
#741=VERTEX_POINT('',#2837);
#742=VERTEX_POINT('',#2839);
#743=VERTEX_POINT('',#2896);
#744=VERTEX_POINT('',#2914);
#745=VERTEX_POINT('',#2937);
#746=VERTEX_POINT('',#2969);
#747=VERTEX_POINT('',#3001);
#748=VERTEX_POINT('',#3033);
#749=VERTEX_POINT('',#3065);
#750=VERTEX_POINT('',#3097);
#751=VERTEX_POINT('',#3129);
#752=VERTEX_POINT('',#3171);
#753=VERTEX_POINT('',#3208);
#754=VERTEX_POINT('',#3240);
#755=VERTEX_POINT('',#3272);
#756=VERTEX_POINT('',#3285);
#757=VERTEX_POINT('',#3348);
#758=VERTEX_POINT('',#3400);
#759=VERTEX_POINT('',#3432);
#760=VERTEX_POINT('',#3464);
#761=VERTEX_POINT('',#3477);
#762=VERTEX_POINT('',#3510);
#763=VERTEX_POINT('',#3547);
#764=VERTEX_POINT('',#3620);
#765=VERTEX_POINT('',#3621);
#766=VERTEX_POINT('',#3637);
#767=VERTEX_POINT('',#3683);
#768=VERTEX_POINT('',#3685);
#769=VERTEX_POINT('',#3727);
#770=VERTEX_POINT('',#3791);
#771=VERTEX_POINT('',#3792);
#772=VERTEX_POINT('',#3794);
#773=VERTEX_POINT('',#3796);
#774=VERTEX_POINT('',#3800);
#775=VERTEX_POINT('',#3802);
#776=VERTEX_POINT('',#3806);
#777=VERTEX_POINT('',#3808);
#778=VERTEX_POINT('',#3812);
#779=VERTEX_POINT('',#3814);
#780=VERTEX_POINT('',#3818);
#781=VERTEX_POINT('',#3820);
#782=VERTEX_POINT('',#3824);
#783=VERTEX_POINT('',#3826);
#784=VERTEX_POINT('',#3830);
#785=VERTEX_POINT('',#3832);
#786=VERTEX_POINT('',#3836);
#787=VERTEX_POINT('',#3838);
#788=VERTEX_POINT('',#3842);
#789=VERTEX_POINT('',#3844);
#790=VERTEX_POINT('',#3848);
#791=VERTEX_POINT('',#3850);
#792=VERTEX_POINT('',#3854);
#793=VERTEX_POINT('',#3856);
#794=VERTEX_POINT('',#3863);
#795=VERTEX_POINT('',#3864);
#796=VERTEX_POINT('',#3866);
#797=VERTEX_POINT('',#3868);
#798=VERTEX_POINT('',#3872);
#799=VERTEX_POINT('',#3874);
#800=VERTEX_POINT('',#3878);
#801=VERTEX_POINT('',#3880);
#802=VERTEX_POINT('',#3884);
#803=VERTEX_POINT('',#3886);
#804=VERTEX_POINT('',#3890);
#805=VERTEX_POINT('',#3892);
#806=VERTEX_POINT('',#3896);
#807=VERTEX_POINT('',#3898);
#808=VERTEX_POINT('',#3902);
#809=VERTEX_POINT('',#3904);
#810=VERTEX_POINT('',#3908);
#811=VERTEX_POINT('',#3910);
#812=VERTEX_POINT('',#3914);
#813=VERTEX_POINT('',#3916);
#814=VERTEX_POINT('',#3920);
#815=VERTEX_POINT('',#3922);
#816=VERTEX_POINT('',#3926);
#817=VERTEX_POINT('',#3928);
#818=VERTEX_POINT('',#3936);
#819=VERTEX_POINT('',#3937);
#820=VERTEX_POINT('',#3939);
#821=VERTEX_POINT('',#3941);
#822=VERTEX_POINT('',#3945);
#823=VERTEX_POINT('',#3947);
#824=VERTEX_POINT('',#3951);
#825=VERTEX_POINT('',#3953);
#826=EDGE_CURVE('',#672,#673,#362,.T.);
#827=EDGE_CURVE('',#673,#674,#338,.T.);
#828=EDGE_CURVE('',#674,#675,#363,.T.);
#829=EDGE_CURVE('',#675,#672,#339,.T.);
#830=EDGE_CURVE('',#676,#677,#364,.T.);
#831=EDGE_CURVE('',#677,#678,#365,.T.);
#832=EDGE_CURVE('',#678,#679,#366,.T.);
#833=EDGE_CURVE('',#679,#676,#367,.T.);
#834=EDGE_CURVE('',#678,#673,#340,.T.);
#835=EDGE_CURVE('',#672,#679,#341,.T.);
#836=EDGE_CURVE('',#680,#681,#368,.T.);
#837=EDGE_CURVE('',#681,#682,#342,.T.);
#838=EDGE_CURVE('',#682,#683,#369,.T.);
#839=EDGE_CURVE('',#683,#680,#343,.T.);
#840=EDGE_CURVE('',#682,#677,#344,.T.);
#841=EDGE_CURVE('',#676,#683,#345,.T.);
#842=EDGE_CURVE('',#684,#685,#370,.T.);
#843=EDGE_CURVE('',#685,#686,#371,.T.);
#844=EDGE_CURVE('',#686,#687,#372,.T.);
#845=EDGE_CURVE('',#687,#684,#373,.T.);
#846=EDGE_CURVE('',#686,#681,#346,.T.);
#847=EDGE_CURVE('',#680,#687,#347,.T.);
#848=EDGE_CURVE('',#688,#689,#374,.T.);
#849=EDGE_CURVE('',#689,#690,#348,.T.);
#850=EDGE_CURVE('',#690,#691,#375,.T.);
#851=EDGE_CURVE('',#691,#688,#349,.T.);
#852=EDGE_CURVE('',#690,#685,#350,.T.);
#853=EDGE_CURVE('',#684,#691,#351,.T.);
#854=EDGE_CURVE('',#692,#693,#376,.T.);
#855=EDGE_CURVE('',#693,#694,#377,.T.);
#856=EDGE_CURVE('',#694,#695,#378,.T.);
#857=EDGE_CURVE('',#695,#692,#379,.T.);
#858=EDGE_CURVE('',#694,#689,#352,.T.);
#859=EDGE_CURVE('',#688,#695,#353,.T.);
#860=EDGE_CURVE('',#696,#697,#380,.T.);
#861=EDGE_CURVE('',#697,#698,#354,.T.);
#862=EDGE_CURVE('',#698,#699,#381,.T.);
#863=EDGE_CURVE('',#699,#696,#355,.T.);
#864=EDGE_CURVE('',#698,#693,#356,.T.);
#865=EDGE_CURVE('',#692,#699,#357,.T.);
#866=EDGE_CURVE('',#700,#701,#382,.T.);
#867=EDGE_CURVE('',#701,#702,#383,.T.);
#868=EDGE_CURVE('',#702,#703,#384,.T.);
#869=EDGE_CURVE('',#703,#700,#385,.T.);
#870=EDGE_CURVE('',#702,#697,#358,.T.);
#871=EDGE_CURVE('',#696,#703,#359,.T.);
#872=EDGE_CURVE('',#674,#701,#360,.T.);
#873=EDGE_CURVE('',#700,#675,#361,.T.);
#874=EDGE_CURVE('',#683,#704,#386,.T.);
#875=EDGE_CURVE('',#704,#705,#99,.T.);
#876=EDGE_CURVE('',#705,#680,#387,.T.);
#877=EDGE_CURVE('',#706,#672,#388,.T.);
#878=EDGE_CURVE('',#704,#706,#389,.T.);
#879=EDGE_CURVE('',#675,#707,#390,.T.);
#880=EDGE_CURVE('',#707,#706,#100,.T.);
#881=EDGE_CURVE('',#708,#696,#391,.T.);
#882=EDGE_CURVE('',#707,#708,#392,.T.);
#883=EDGE_CURVE('',#709,#710,#47,.T.);
#884=EDGE_CURVE('',#710,#711,#48,.T.);
#885=EDGE_CURVE('',#711,#712,#393,.T.);
#886=EDGE_CURVE('',#712,#713,#49,.T.);
#887=EDGE_CURVE('',#713,#714,#50,.T.);
#888=EDGE_CURVE('',#714,#715,#51,.T.);
#889=EDGE_CURVE('',#715,#716,#52,.T.);
#890=EDGE_CURVE('',#716,#717,#53,.T.);
#891=EDGE_CURVE('',#717,#718,#54,.T.);
#892=EDGE_CURVE('',#718,#719,#55,.T.);
#893=EDGE_CURVE('',#719,#720,#56,.T.);
#894=EDGE_CURVE('',#720,#721,#57,.T.);
#895=EDGE_CURVE('',#721,#722,#58,.T.);
#896=EDGE_CURVE('',#722,#723,#59,.T.);
#897=EDGE_CURVE('',#723,#724,#394,.T.);
#898=EDGE_CURVE('',#724,#725,#60,.T.);
#899=EDGE_CURVE('',#725,#726,#61,.T.);
#900=EDGE_CURVE('',#726,#727,#62,.T.);
#901=EDGE_CURVE('',#727,#728,#63,.T.);
#902=EDGE_CURVE('',#728,#729,#395,.T.);
#903=EDGE_CURVE('',#729,#730,#64,.T.);
#904=EDGE_CURVE('',#730,#731,#65,.T.);
#905=EDGE_CURVE('',#731,#709,#66,.T.);
#906=EDGE_CURVE('',#691,#732,#396,.T.);
#907=EDGE_CURVE('',#732,#733,#101,.T.);
#908=EDGE_CURVE('',#733,#688,#397,.T.);
#909=EDGE_CURVE('',#734,#733,#398,.T.);
#910=EDGE_CURVE('',#699,#734,#399,.T.);
#911=EDGE_CURVE('',#734,#708,#102,.T.);
#912=EDGE_CURVE('',#735,#736,#67,.T.);
#913=EDGE_CURVE('',#735,#737,#400,.T.);
#914=EDGE_CURVE('',#738,#737,#68,.T.);
#915=EDGE_CURVE('',#736,#738,#401,.T.);
#916=EDGE_CURVE('',#736,#739,#69,.T.);
#917=EDGE_CURVE('',#740,#738,#70,.T.);
#918=EDGE_CURVE('',#739,#740,#402,.T.);
#919=EDGE_CURVE('',#739,#735,#71,.T.);
#920=EDGE_CURVE('',#737,#740,#72,.T.);
#921=EDGE_CURVE('',#709,#741,#403,.T.);
#922=EDGE_CURVE('',#742,#741,#73,.T.);
#923=EDGE_CURVE('',#710,#742,#404,.T.);
#924=EDGE_CURVE('',#743,#742,#74,.T.);
#925=EDGE_CURVE('',#711,#743,#405,.T.);
#926=EDGE_CURVE('',#744,#743,#406,.T.);
#927=EDGE_CURVE('',#712,#744,#407,.T.);
#928=EDGE_CURVE('',#745,#744,#75,.T.);
#929=EDGE_CURVE('',#713,#745,#408,.T.);
#930=EDGE_CURVE('',#746,#745,#76,.T.);
#931=EDGE_CURVE('',#714,#746,#409,.T.);
#932=EDGE_CURVE('',#747,#746,#77,.T.);
#933=EDGE_CURVE('',#715,#747,#410,.T.);
#934=EDGE_CURVE('',#748,#747,#78,.T.);
#935=EDGE_CURVE('',#716,#748,#411,.T.);
#936=EDGE_CURVE('',#749,#748,#79,.T.);
#937=EDGE_CURVE('',#717,#749,#412,.T.);
#938=EDGE_CURVE('',#750,#749,#80,.T.);
#939=EDGE_CURVE('',#718,#750,#413,.T.);
#940=EDGE_CURVE('',#751,#750,#81,.T.);
#941=EDGE_CURVE('',#719,#751,#414,.T.);
#942=EDGE_CURVE('',#752,#751,#82,.T.);
#943=EDGE_CURVE('',#720,#752,#415,.T.);
#944=EDGE_CURVE('',#753,#752,#83,.T.);
#945=EDGE_CURVE('',#721,#753,#416,.T.);
#946=EDGE_CURVE('',#754,#753,#84,.T.);
#947=EDGE_CURVE('',#722,#754,#417,.T.);
#948=EDGE_CURVE('',#755,#754,#85,.T.);
#949=EDGE_CURVE('',#723,#755,#418,.T.);
#950=EDGE_CURVE('',#756,#755,#419,.T.);
#951=EDGE_CURVE('',#724,#756,#420,.T.);
#952=EDGE_CURVE('',#757,#756,#86,.T.);
#953=EDGE_CURVE('',#725,#757,#421,.T.);
#954=EDGE_CURVE('',#758,#757,#87,.T.);
#955=EDGE_CURVE('',#726,#758,#422,.T.);
#956=EDGE_CURVE('',#759,#758,#88,.T.);
#957=EDGE_CURVE('',#727,#759,#423,.T.);
#958=EDGE_CURVE('',#760,#759,#89,.T.);
#959=EDGE_CURVE('',#728,#760,#424,.T.);
#960=EDGE_CURVE('',#761,#760,#425,.T.);
#961=EDGE_CURVE('',#729,#761,#426,.T.);
#962=EDGE_CURVE('',#762,#761,#90,.T.);
#963=EDGE_CURVE('',#730,#762,#427,.T.);
#964=EDGE_CURVE('',#763,#762,#91,.T.);
#965=EDGE_CURVE('',#731,#763,#428,.T.);
#966=EDGE_CURVE('',#741,#763,#92,.T.);
#967=EDGE_CURVE('',#764,#765,#93,.T.);
#968=EDGE_CURVE('',#765,#766,#94,.T.);
#969=EDGE_CURVE('',#766,#764,#95,.T.);
#970=EDGE_CURVE('',#766,#767,#429,.T.);
#971=EDGE_CURVE('',#767,#768,#96,.T.);
#972=EDGE_CURVE('',#768,#764,#430,.T.);
#973=EDGE_CURVE('',#765,#769,#431,.T.);
#974=EDGE_CURVE('',#769,#767,#97,.T.);
#975=EDGE_CURVE('',#768,#769,#98,.T.);
#976=EDGE_CURVE('',#770,#771,#432,.T.);
#977=EDGE_CURVE('',#770,#772,#433,.T.);
#978=EDGE_CURVE('',#773,#772,#434,.T.);
#979=EDGE_CURVE('',#771,#773,#435,.T.);
#980=EDGE_CURVE('',#771,#774,#436,.T.);
#981=EDGE_CURVE('',#775,#773,#437,.T.);
#982=EDGE_CURVE('',#774,#775,#438,.T.);
#983=EDGE_CURVE('',#774,#776,#439,.T.);
#984=EDGE_CURVE('',#777,#775,#440,.T.);
#985=EDGE_CURVE('',#776,#777,#441,.T.);
#986=EDGE_CURVE('',#776,#778,#442,.T.);
#987=EDGE_CURVE('',#779,#777,#443,.T.);
#988=EDGE_CURVE('',#778,#779,#444,.T.);
#989=EDGE_CURVE('',#778,#780,#445,.T.);
#990=EDGE_CURVE('',#781,#779,#446,.T.);
#991=EDGE_CURVE('',#780,#781,#447,.T.);
#992=EDGE_CURVE('',#780,#782,#448,.T.);
#993=EDGE_CURVE('',#783,#781,#449,.T.);
#994=EDGE_CURVE('',#782,#783,#450,.T.);
#995=EDGE_CURVE('',#782,#784,#451,.T.);
#996=EDGE_CURVE('',#785,#783,#452,.T.);
#997=EDGE_CURVE('',#784,#785,#453,.T.);
#998=EDGE_CURVE('',#784,#786,#454,.T.);
#999=EDGE_CURVE('',#787,#785,#455,.T.);
#1000=EDGE_CURVE('',#786,#787,#456,.T.);
#1001=EDGE_CURVE('',#786,#788,#457,.T.);
#1002=EDGE_CURVE('',#789,#787,#458,.T.);
#1003=EDGE_CURVE('',#788,#789,#459,.T.);
#1004=EDGE_CURVE('',#788,#790,#460,.T.);
#1005=EDGE_CURVE('',#791,#789,#461,.T.);
#1006=EDGE_CURVE('',#790,#791,#462,.T.);
#1007=EDGE_CURVE('',#790,#792,#463,.T.);
#1008=EDGE_CURVE('',#793,#791,#464,.T.);
#1009=EDGE_CURVE('',#792,#793,#465,.T.);
#1010=EDGE_CURVE('',#792,#770,#466,.T.);
#1011=EDGE_CURVE('',#772,#793,#467,.T.);
#1012=EDGE_CURVE('',#794,#795,#468,.T.);
#1013=EDGE_CURVE('',#794,#796,#469,.T.);
#1014=EDGE_CURVE('',#797,#796,#470,.T.);
#1015=EDGE_CURVE('',#795,#797,#471,.T.);
#1016=EDGE_CURVE('',#795,#798,#472,.T.);
#1017=EDGE_CURVE('',#799,#797,#473,.T.);
#1018=EDGE_CURVE('',#798,#799,#474,.T.);
#1019=EDGE_CURVE('',#798,#800,#475,.T.);
#1020=EDGE_CURVE('',#801,#799,#476,.T.);
#1021=EDGE_CURVE('',#800,#801,#477,.T.);
#1022=EDGE_CURVE('',#800,#802,#478,.T.);
#1023=EDGE_CURVE('',#803,#801,#479,.T.);
#1024=EDGE_CURVE('',#802,#803,#480,.T.);
#1025=EDGE_CURVE('',#802,#804,#481,.T.);
#1026=EDGE_CURVE('',#805,#803,#482,.T.);
#1027=EDGE_CURVE('',#804,#805,#483,.T.);
#1028=EDGE_CURVE('',#804,#806,#484,.T.);
#1029=EDGE_CURVE('',#807,#805,#485,.T.);
#1030=EDGE_CURVE('',#806,#807,#486,.T.);
#1031=EDGE_CURVE('',#806,#808,#487,.T.);
#1032=EDGE_CURVE('',#809,#807,#488,.T.);
#1033=EDGE_CURVE('',#808,#809,#489,.T.);
#1034=EDGE_CURVE('',#808,#810,#490,.T.);
#1035=EDGE_CURVE('',#811,#809,#491,.T.);
#1036=EDGE_CURVE('',#810,#811,#492,.T.);
#1037=EDGE_CURVE('',#810,#812,#493,.T.);
#1038=EDGE_CURVE('',#813,#811,#494,.T.);
#1039=EDGE_CURVE('',#812,#813,#495,.T.);
#1040=EDGE_CURVE('',#812,#814,#496,.T.);
#1041=EDGE_CURVE('',#815,#813,#497,.T.);
#1042=EDGE_CURVE('',#814,#815,#498,.T.);
#1043=EDGE_CURVE('',#814,#816,#499,.T.);
#1044=EDGE_CURVE('',#817,#815,#500,.T.);
#1045=EDGE_CURVE('',#816,#817,#501,.T.);
#1046=EDGE_CURVE('',#816,#794,#502,.T.);
#1047=EDGE_CURVE('',#796,#817,#503,.T.);
#1048=EDGE_CURVE('',#818,#819,#504,.T.);
#1049=EDGE_CURVE('',#820,#818,#505,.T.);
#1050=EDGE_CURVE('',#821,#820,#506,.T.);
#1051=EDGE_CURVE('',#819,#821,#507,.T.);
#1052=EDGE_CURVE('',#819,#822,#508,.F.);
#1053=EDGE_CURVE('',#823,#822,#509,.T.);
#1054=EDGE_CURVE('',#823,#818,#510,.F.);
#1055=EDGE_CURVE('',#820,#824,#511,.F.);
#1056=EDGE_CURVE('',#825,#824,#512,.T.);
#1057=EDGE_CURVE('',#825,#821,#513,.F.);
#1058=EDGE_CURVE('',#822,#825,#514,.T.);
#1059=EDGE_CURVE('',#824,#823,#515,.T.);
#1060=EDGE_CURVE('',#732,#705,#516,.T.);
#1061=ORIENTED_EDGE('',*,*,#826,.T.);
#1062=ORIENTED_EDGE('',*,*,#827,.T.);
#1063=ORIENTED_EDGE('',*,*,#828,.T.);
#1064=ORIENTED_EDGE('',*,*,#829,.T.);
#1065=ORIENTED_EDGE('',*,*,#830,.T.);
#1066=ORIENTED_EDGE('',*,*,#831,.T.);
#1067=ORIENTED_EDGE('',*,*,#832,.T.);
#1068=ORIENTED_EDGE('',*,*,#833,.T.);
#1069=ORIENTED_EDGE('',*,*,#832,.F.);
#1070=ORIENTED_EDGE('',*,*,#834,.T.);
#1071=ORIENTED_EDGE('',*,*,#826,.F.);
#1072=ORIENTED_EDGE('',*,*,#835,.T.);
#1073=ORIENTED_EDGE('',*,*,#836,.T.);
#1074=ORIENTED_EDGE('',*,*,#837,.T.);
#1075=ORIENTED_EDGE('',*,*,#838,.T.);
#1076=ORIENTED_EDGE('',*,*,#839,.T.);
#1077=ORIENTED_EDGE('',*,*,#838,.F.);
#1078=ORIENTED_EDGE('',*,*,#840,.T.);
#1079=ORIENTED_EDGE('',*,*,#830,.F.);
#1080=ORIENTED_EDGE('',*,*,#841,.T.);
#1081=ORIENTED_EDGE('',*,*,#842,.T.);
#1082=ORIENTED_EDGE('',*,*,#843,.T.);
#1083=ORIENTED_EDGE('',*,*,#844,.T.);
#1084=ORIENTED_EDGE('',*,*,#845,.T.);
#1085=ORIENTED_EDGE('',*,*,#844,.F.);
#1086=ORIENTED_EDGE('',*,*,#846,.T.);
#1087=ORIENTED_EDGE('',*,*,#836,.F.);
#1088=ORIENTED_EDGE('',*,*,#847,.T.);
#1089=ORIENTED_EDGE('',*,*,#848,.T.);
#1090=ORIENTED_EDGE('',*,*,#849,.T.);
#1091=ORIENTED_EDGE('',*,*,#850,.T.);
#1092=ORIENTED_EDGE('',*,*,#851,.T.);
#1093=ORIENTED_EDGE('',*,*,#850,.F.);
#1094=ORIENTED_EDGE('',*,*,#852,.T.);
#1095=ORIENTED_EDGE('',*,*,#842,.F.);
#1096=ORIENTED_EDGE('',*,*,#853,.T.);
#1097=ORIENTED_EDGE('',*,*,#854,.T.);
#1098=ORIENTED_EDGE('',*,*,#855,.T.);
#1099=ORIENTED_EDGE('',*,*,#856,.T.);
#1100=ORIENTED_EDGE('',*,*,#857,.T.);
#1101=ORIENTED_EDGE('',*,*,#856,.F.);
#1102=ORIENTED_EDGE('',*,*,#858,.T.);
#1103=ORIENTED_EDGE('',*,*,#848,.F.);
#1104=ORIENTED_EDGE('',*,*,#859,.T.);
#1105=ORIENTED_EDGE('',*,*,#860,.T.);
#1106=ORIENTED_EDGE('',*,*,#861,.T.);
#1107=ORIENTED_EDGE('',*,*,#862,.T.);
#1108=ORIENTED_EDGE('',*,*,#863,.T.);
#1109=ORIENTED_EDGE('',*,*,#862,.F.);
#1110=ORIENTED_EDGE('',*,*,#864,.T.);
#1111=ORIENTED_EDGE('',*,*,#854,.F.);
#1112=ORIENTED_EDGE('',*,*,#865,.T.);
#1113=ORIENTED_EDGE('',*,*,#866,.T.);
#1114=ORIENTED_EDGE('',*,*,#867,.T.);
#1115=ORIENTED_EDGE('',*,*,#868,.T.);
#1116=ORIENTED_EDGE('',*,*,#869,.T.);
#1117=ORIENTED_EDGE('',*,*,#868,.F.);
#1118=ORIENTED_EDGE('',*,*,#870,.T.);
#1119=ORIENTED_EDGE('',*,*,#860,.F.);
#1120=ORIENTED_EDGE('',*,*,#871,.T.);
#1121=ORIENTED_EDGE('',*,*,#828,.F.);
#1122=ORIENTED_EDGE('',*,*,#872,.T.);
#1123=ORIENTED_EDGE('',*,*,#866,.F.);
#1124=ORIENTED_EDGE('',*,*,#873,.T.);
#1125=ORIENTED_EDGE('',*,*,#839,.F.);
#1126=ORIENTED_EDGE('',*,*,#874,.T.);
#1127=ORIENTED_EDGE('',*,*,#875,.T.);
#1128=ORIENTED_EDGE('',*,*,#876,.T.);
#1129=ORIENTED_EDGE('',*,*,#841,.F.);
#1130=ORIENTED_EDGE('',*,*,#833,.F.);
#1131=ORIENTED_EDGE('',*,*,#835,.F.);
#1132=ORIENTED_EDGE('',*,*,#877,.F.);
#1133=ORIENTED_EDGE('',*,*,#878,.F.);
#1134=ORIENTED_EDGE('',*,*,#874,.F.);
#1135=ORIENTED_EDGE('',*,*,#829,.F.);
#1136=ORIENTED_EDGE('',*,*,#879,.T.);
#1137=ORIENTED_EDGE('',*,*,#880,.T.);
#1138=ORIENTED_EDGE('',*,*,#877,.T.);
#1139=ORIENTED_EDGE('',*,*,#873,.F.);
#1140=ORIENTED_EDGE('',*,*,#869,.F.);
#1141=ORIENTED_EDGE('',*,*,#871,.F.);
#1142=ORIENTED_EDGE('',*,*,#881,.F.);
#1143=ORIENTED_EDGE('',*,*,#882,.F.);
#1144=ORIENTED_EDGE('',*,*,#879,.F.);
#1145=ORIENTED_EDGE('',*,*,#867,.F.);
#1146=ORIENTED_EDGE('',*,*,#872,.F.);
#1147=ORIENTED_EDGE('',*,*,#827,.F.);
#1148=ORIENTED_EDGE('',*,*,#834,.F.);
#1149=ORIENTED_EDGE('',*,*,#831,.F.);
#1150=ORIENTED_EDGE('',*,*,#840,.F.);
#1151=ORIENTED_EDGE('',*,*,#837,.F.);
#1152=ORIENTED_EDGE('',*,*,#846,.F.);
#1153=ORIENTED_EDGE('',*,*,#843,.F.);
#1154=ORIENTED_EDGE('',*,*,#852,.F.);
#1155=ORIENTED_EDGE('',*,*,#849,.F.);
#1156=ORIENTED_EDGE('',*,*,#858,.F.);
#1157=ORIENTED_EDGE('',*,*,#855,.F.);
#1158=ORIENTED_EDGE('',*,*,#864,.F.);
#1159=ORIENTED_EDGE('',*,*,#861,.F.);
#1160=ORIENTED_EDGE('',*,*,#870,.F.);
#1161=ORIENTED_EDGE('',*,*,#883,.T.);
#1162=ORIENTED_EDGE('',*,*,#884,.T.);
#1163=ORIENTED_EDGE('',*,*,#885,.T.);
#1164=ORIENTED_EDGE('',*,*,#886,.T.);
#1165=ORIENTED_EDGE('',*,*,#887,.T.);
#1166=ORIENTED_EDGE('',*,*,#888,.T.);
#1167=ORIENTED_EDGE('',*,*,#889,.T.);
#1168=ORIENTED_EDGE('',*,*,#890,.T.);
#1169=ORIENTED_EDGE('',*,*,#891,.T.);
#1170=ORIENTED_EDGE('',*,*,#892,.T.);
#1171=ORIENTED_EDGE('',*,*,#893,.T.);
#1172=ORIENTED_EDGE('',*,*,#894,.T.);
#1173=ORIENTED_EDGE('',*,*,#895,.T.);
#1174=ORIENTED_EDGE('',*,*,#896,.T.);
#1175=ORIENTED_EDGE('',*,*,#897,.T.);
#1176=ORIENTED_EDGE('',*,*,#898,.T.);
#1177=ORIENTED_EDGE('',*,*,#899,.T.);
#1178=ORIENTED_EDGE('',*,*,#900,.T.);
#1179=ORIENTED_EDGE('',*,*,#901,.T.);
#1180=ORIENTED_EDGE('',*,*,#902,.T.);
#1181=ORIENTED_EDGE('',*,*,#903,.T.);
#1182=ORIENTED_EDGE('',*,*,#904,.T.);
#1183=ORIENTED_EDGE('',*,*,#905,.T.);
#1184=ORIENTED_EDGE('',*,*,#851,.F.);
#1185=ORIENTED_EDGE('',*,*,#906,.T.);
#1186=ORIENTED_EDGE('',*,*,#907,.T.);
#1187=ORIENTED_EDGE('',*,*,#908,.T.);
#1188=ORIENTED_EDGE('',*,*,#859,.F.);
#1189=ORIENTED_EDGE('',*,*,#908,.F.);
#1190=ORIENTED_EDGE('',*,*,#909,.F.);
#1191=ORIENTED_EDGE('',*,*,#910,.F.);
#1192=ORIENTED_EDGE('',*,*,#865,.F.);
#1193=ORIENTED_EDGE('',*,*,#857,.F.);
#1194=ORIENTED_EDGE('',*,*,#863,.F.);
#1195=ORIENTED_EDGE('',*,*,#910,.T.);
#1196=ORIENTED_EDGE('',*,*,#911,.T.);
#1197=ORIENTED_EDGE('',*,*,#881,.T.);
#1198=ORIENTED_EDGE('',*,*,#912,.F.);
#1199=ORIENTED_EDGE('',*,*,#913,.T.);
#1200=ORIENTED_EDGE('',*,*,#914,.F.);
#1201=ORIENTED_EDGE('',*,*,#915,.F.);
#1202=ORIENTED_EDGE('',*,*,#916,.F.);
#1203=ORIENTED_EDGE('',*,*,#915,.T.);
#1204=ORIENTED_EDGE('',*,*,#917,.F.);
#1205=ORIENTED_EDGE('',*,*,#918,.F.);
#1206=ORIENTED_EDGE('',*,*,#919,.F.);
#1207=ORIENTED_EDGE('',*,*,#918,.T.);
#1208=ORIENTED_EDGE('',*,*,#920,.F.);
#1209=ORIENTED_EDGE('',*,*,#913,.F.);
#1210=ORIENTED_EDGE('',*,*,#883,.F.);
#1211=ORIENTED_EDGE('',*,*,#921,.T.);
#1212=ORIENTED_EDGE('',*,*,#922,.F.);
#1213=ORIENTED_EDGE('',*,*,#923,.F.);
#1214=ORIENTED_EDGE('',*,*,#884,.F.);
#1215=ORIENTED_EDGE('',*,*,#923,.T.);
#1216=ORIENTED_EDGE('',*,*,#924,.F.);
#1217=ORIENTED_EDGE('',*,*,#925,.F.);
#1218=ORIENTED_EDGE('',*,*,#885,.F.);
#1219=ORIENTED_EDGE('',*,*,#925,.T.);
#1220=ORIENTED_EDGE('',*,*,#926,.F.);
#1221=ORIENTED_EDGE('',*,*,#927,.F.);
#1222=ORIENTED_EDGE('',*,*,#886,.F.);
#1223=ORIENTED_EDGE('',*,*,#927,.T.);
#1224=ORIENTED_EDGE('',*,*,#928,.F.);
#1225=ORIENTED_EDGE('',*,*,#929,.F.);
#1226=ORIENTED_EDGE('',*,*,#887,.F.);
#1227=ORIENTED_EDGE('',*,*,#929,.T.);
#1228=ORIENTED_EDGE('',*,*,#930,.F.);
#1229=ORIENTED_EDGE('',*,*,#931,.F.);
#1230=ORIENTED_EDGE('',*,*,#888,.F.);
#1231=ORIENTED_EDGE('',*,*,#931,.T.);
#1232=ORIENTED_EDGE('',*,*,#932,.F.);
#1233=ORIENTED_EDGE('',*,*,#933,.F.);
#1234=ORIENTED_EDGE('',*,*,#889,.F.);
#1235=ORIENTED_EDGE('',*,*,#933,.T.);
#1236=ORIENTED_EDGE('',*,*,#934,.F.);
#1237=ORIENTED_EDGE('',*,*,#935,.F.);
#1238=ORIENTED_EDGE('',*,*,#890,.F.);
#1239=ORIENTED_EDGE('',*,*,#935,.T.);
#1240=ORIENTED_EDGE('',*,*,#936,.F.);
#1241=ORIENTED_EDGE('',*,*,#937,.F.);
#1242=ORIENTED_EDGE('',*,*,#891,.F.);
#1243=ORIENTED_EDGE('',*,*,#937,.T.);
#1244=ORIENTED_EDGE('',*,*,#938,.F.);
#1245=ORIENTED_EDGE('',*,*,#939,.F.);
#1246=ORIENTED_EDGE('',*,*,#892,.F.);
#1247=ORIENTED_EDGE('',*,*,#939,.T.);
#1248=ORIENTED_EDGE('',*,*,#940,.F.);
#1249=ORIENTED_EDGE('',*,*,#941,.F.);
#1250=ORIENTED_EDGE('',*,*,#893,.F.);
#1251=ORIENTED_EDGE('',*,*,#941,.T.);
#1252=ORIENTED_EDGE('',*,*,#942,.F.);
#1253=ORIENTED_EDGE('',*,*,#943,.F.);
#1254=ORIENTED_EDGE('',*,*,#894,.F.);
#1255=ORIENTED_EDGE('',*,*,#943,.T.);
#1256=ORIENTED_EDGE('',*,*,#944,.F.);
#1257=ORIENTED_EDGE('',*,*,#945,.F.);
#1258=ORIENTED_EDGE('',*,*,#895,.F.);
#1259=ORIENTED_EDGE('',*,*,#945,.T.);
#1260=ORIENTED_EDGE('',*,*,#946,.F.);
#1261=ORIENTED_EDGE('',*,*,#947,.F.);
#1262=ORIENTED_EDGE('',*,*,#896,.F.);
#1263=ORIENTED_EDGE('',*,*,#947,.T.);
#1264=ORIENTED_EDGE('',*,*,#948,.F.);
#1265=ORIENTED_EDGE('',*,*,#949,.F.);
#1266=ORIENTED_EDGE('',*,*,#897,.F.);
#1267=ORIENTED_EDGE('',*,*,#949,.T.);
#1268=ORIENTED_EDGE('',*,*,#950,.F.);
#1269=ORIENTED_EDGE('',*,*,#951,.F.);
#1270=ORIENTED_EDGE('',*,*,#898,.F.);
#1271=ORIENTED_EDGE('',*,*,#951,.T.);
#1272=ORIENTED_EDGE('',*,*,#952,.F.);
#1273=ORIENTED_EDGE('',*,*,#953,.F.);
#1274=ORIENTED_EDGE('',*,*,#899,.F.);
#1275=ORIENTED_EDGE('',*,*,#953,.T.);
#1276=ORIENTED_EDGE('',*,*,#954,.F.);
#1277=ORIENTED_EDGE('',*,*,#955,.F.);
#1278=ORIENTED_EDGE('',*,*,#900,.F.);
#1279=ORIENTED_EDGE('',*,*,#955,.T.);
#1280=ORIENTED_EDGE('',*,*,#956,.F.);
#1281=ORIENTED_EDGE('',*,*,#957,.F.);
#1282=ORIENTED_EDGE('',*,*,#901,.F.);
#1283=ORIENTED_EDGE('',*,*,#957,.T.);
#1284=ORIENTED_EDGE('',*,*,#958,.F.);
#1285=ORIENTED_EDGE('',*,*,#959,.F.);
#1286=ORIENTED_EDGE('',*,*,#902,.F.);
#1287=ORIENTED_EDGE('',*,*,#959,.T.);
#1288=ORIENTED_EDGE('',*,*,#960,.F.);
#1289=ORIENTED_EDGE('',*,*,#961,.F.);
#1290=ORIENTED_EDGE('',*,*,#903,.F.);
#1291=ORIENTED_EDGE('',*,*,#961,.T.);
#1292=ORIENTED_EDGE('',*,*,#962,.F.);
#1293=ORIENTED_EDGE('',*,*,#963,.F.);
#1294=ORIENTED_EDGE('',*,*,#904,.F.);
#1295=ORIENTED_EDGE('',*,*,#963,.T.);
#1296=ORIENTED_EDGE('',*,*,#964,.F.);
#1297=ORIENTED_EDGE('',*,*,#965,.F.);
#1298=ORIENTED_EDGE('',*,*,#905,.F.);
#1299=ORIENTED_EDGE('',*,*,#965,.T.);
#1300=ORIENTED_EDGE('',*,*,#966,.F.);
#1301=ORIENTED_EDGE('',*,*,#921,.F.);
#1302=ORIENTED_EDGE('',*,*,#966,.T.);
#1303=ORIENTED_EDGE('',*,*,#964,.T.);
#1304=ORIENTED_EDGE('',*,*,#962,.T.);
#1305=ORIENTED_EDGE('',*,*,#960,.T.);
#1306=ORIENTED_EDGE('',*,*,#958,.T.);
#1307=ORIENTED_EDGE('',*,*,#956,.T.);
#1308=ORIENTED_EDGE('',*,*,#954,.T.);
#1309=ORIENTED_EDGE('',*,*,#952,.T.);
#1310=ORIENTED_EDGE('',*,*,#950,.T.);
#1311=ORIENTED_EDGE('',*,*,#948,.T.);
#1312=ORIENTED_EDGE('',*,*,#946,.T.);
#1313=ORIENTED_EDGE('',*,*,#944,.T.);
#1314=ORIENTED_EDGE('',*,*,#942,.T.);
#1315=ORIENTED_EDGE('',*,*,#940,.T.);
#1316=ORIENTED_EDGE('',*,*,#938,.T.);
#1317=ORIENTED_EDGE('',*,*,#936,.T.);
#1318=ORIENTED_EDGE('',*,*,#934,.T.);
#1319=ORIENTED_EDGE('',*,*,#932,.T.);
#1320=ORIENTED_EDGE('',*,*,#930,.T.);
#1321=ORIENTED_EDGE('',*,*,#928,.T.);
#1322=ORIENTED_EDGE('',*,*,#926,.T.);
#1323=ORIENTED_EDGE('',*,*,#924,.T.);
#1324=ORIENTED_EDGE('',*,*,#922,.T.);
#1325=ORIENTED_EDGE('',*,*,#920,.T.);
#1326=ORIENTED_EDGE('',*,*,#917,.T.);
#1327=ORIENTED_EDGE('',*,*,#914,.T.);
#1328=ORIENTED_EDGE('',*,*,#967,.T.);
#1329=ORIENTED_EDGE('',*,*,#968,.T.);
#1330=ORIENTED_EDGE('',*,*,#969,.T.);
#1331=ORIENTED_EDGE('',*,*,#970,.T.);
#1332=ORIENTED_EDGE('',*,*,#971,.T.);
#1333=ORIENTED_EDGE('',*,*,#972,.T.);
#1334=ORIENTED_EDGE('',*,*,#969,.F.);
#1335=ORIENTED_EDGE('',*,*,#973,.T.);
#1336=ORIENTED_EDGE('',*,*,#974,.T.);
#1337=ORIENTED_EDGE('',*,*,#970,.F.);
#1338=ORIENTED_EDGE('',*,*,#968,.F.);
#1339=ORIENTED_EDGE('',*,*,#972,.F.);
#1340=ORIENTED_EDGE('',*,*,#975,.T.);
#1341=ORIENTED_EDGE('',*,*,#973,.F.);
#1342=ORIENTED_EDGE('',*,*,#967,.F.);
#1343=ORIENTED_EDGE('',*,*,#975,.F.);
#1344=ORIENTED_EDGE('',*,*,#971,.F.);
#1345=ORIENTED_EDGE('',*,*,#974,.F.);
#1346=ORIENTED_EDGE('',*,*,#976,.F.);
#1347=ORIENTED_EDGE('',*,*,#977,.T.);
#1348=ORIENTED_EDGE('',*,*,#978,.F.);
#1349=ORIENTED_EDGE('',*,*,#979,.F.);
#1350=ORIENTED_EDGE('',*,*,#980,.F.);
#1351=ORIENTED_EDGE('',*,*,#979,.T.);
#1352=ORIENTED_EDGE('',*,*,#981,.F.);
#1353=ORIENTED_EDGE('',*,*,#982,.F.);
#1354=ORIENTED_EDGE('',*,*,#983,.F.);
#1355=ORIENTED_EDGE('',*,*,#982,.T.);
#1356=ORIENTED_EDGE('',*,*,#984,.F.);
#1357=ORIENTED_EDGE('',*,*,#985,.F.);
#1358=ORIENTED_EDGE('',*,*,#986,.F.);
#1359=ORIENTED_EDGE('',*,*,#985,.T.);
#1360=ORIENTED_EDGE('',*,*,#987,.F.);
#1361=ORIENTED_EDGE('',*,*,#988,.F.);
#1362=ORIENTED_EDGE('',*,*,#989,.F.);
#1363=ORIENTED_EDGE('',*,*,#988,.T.);
#1364=ORIENTED_EDGE('',*,*,#990,.F.);
#1365=ORIENTED_EDGE('',*,*,#991,.F.);
#1366=ORIENTED_EDGE('',*,*,#992,.F.);
#1367=ORIENTED_EDGE('',*,*,#991,.T.);
#1368=ORIENTED_EDGE('',*,*,#993,.F.);
#1369=ORIENTED_EDGE('',*,*,#994,.F.);
#1370=ORIENTED_EDGE('',*,*,#995,.F.);
#1371=ORIENTED_EDGE('',*,*,#994,.T.);
#1372=ORIENTED_EDGE('',*,*,#996,.F.);
#1373=ORIENTED_EDGE('',*,*,#997,.F.);
#1374=ORIENTED_EDGE('',*,*,#998,.F.);
#1375=ORIENTED_EDGE('',*,*,#997,.T.);
#1376=ORIENTED_EDGE('',*,*,#999,.F.);
#1377=ORIENTED_EDGE('',*,*,#1000,.F.);
#1378=ORIENTED_EDGE('',*,*,#1001,.F.);
#1379=ORIENTED_EDGE('',*,*,#1000,.T.);
#1380=ORIENTED_EDGE('',*,*,#1002,.F.);
#1381=ORIENTED_EDGE('',*,*,#1003,.F.);
#1382=ORIENTED_EDGE('',*,*,#1004,.F.);
#1383=ORIENTED_EDGE('',*,*,#1003,.T.);
#1384=ORIENTED_EDGE('',*,*,#1005,.F.);
#1385=ORIENTED_EDGE('',*,*,#1006,.F.);
#1386=ORIENTED_EDGE('',*,*,#1007,.F.);
#1387=ORIENTED_EDGE('',*,*,#1006,.T.);
#1388=ORIENTED_EDGE('',*,*,#1008,.F.);
#1389=ORIENTED_EDGE('',*,*,#1009,.F.);
#1390=ORIENTED_EDGE('',*,*,#1010,.F.);
#1391=ORIENTED_EDGE('',*,*,#1009,.T.);
#1392=ORIENTED_EDGE('',*,*,#1011,.F.);
#1393=ORIENTED_EDGE('',*,*,#977,.F.);
#1394=ORIENTED_EDGE('',*,*,#1012,.F.);
#1395=ORIENTED_EDGE('',*,*,#1013,.T.);
#1396=ORIENTED_EDGE('',*,*,#1014,.F.);
#1397=ORIENTED_EDGE('',*,*,#1015,.F.);
#1398=ORIENTED_EDGE('',*,*,#1016,.F.);
#1399=ORIENTED_EDGE('',*,*,#1015,.T.);
#1400=ORIENTED_EDGE('',*,*,#1017,.F.);
#1401=ORIENTED_EDGE('',*,*,#1018,.F.);
#1402=ORIENTED_EDGE('',*,*,#1019,.F.);
#1403=ORIENTED_EDGE('',*,*,#1018,.T.);
#1404=ORIENTED_EDGE('',*,*,#1020,.F.);
#1405=ORIENTED_EDGE('',*,*,#1021,.F.);
#1406=ORIENTED_EDGE('',*,*,#1022,.F.);
#1407=ORIENTED_EDGE('',*,*,#1021,.T.);
#1408=ORIENTED_EDGE('',*,*,#1023,.F.);
#1409=ORIENTED_EDGE('',*,*,#1024,.F.);
#1410=ORIENTED_EDGE('',*,*,#1025,.F.);
#1411=ORIENTED_EDGE('',*,*,#1024,.T.);
#1412=ORIENTED_EDGE('',*,*,#1026,.F.);
#1413=ORIENTED_EDGE('',*,*,#1027,.F.);
#1414=ORIENTED_EDGE('',*,*,#1028,.F.);
#1415=ORIENTED_EDGE('',*,*,#1027,.T.);
#1416=ORIENTED_EDGE('',*,*,#1029,.F.);
#1417=ORIENTED_EDGE('',*,*,#1030,.F.);
#1418=ORIENTED_EDGE('',*,*,#1031,.F.);
#1419=ORIENTED_EDGE('',*,*,#1030,.T.);
#1420=ORIENTED_EDGE('',*,*,#1032,.F.);
#1421=ORIENTED_EDGE('',*,*,#1033,.F.);
#1422=ORIENTED_EDGE('',*,*,#1034,.F.);
#1423=ORIENTED_EDGE('',*,*,#1033,.T.);
#1424=ORIENTED_EDGE('',*,*,#1035,.F.);
#1425=ORIENTED_EDGE('',*,*,#1036,.F.);
#1426=ORIENTED_EDGE('',*,*,#1037,.F.);
#1427=ORIENTED_EDGE('',*,*,#1036,.T.);
#1428=ORIENTED_EDGE('',*,*,#1038,.F.);
#1429=ORIENTED_EDGE('',*,*,#1039,.F.);
#1430=ORIENTED_EDGE('',*,*,#1040,.F.);
#1431=ORIENTED_EDGE('',*,*,#1039,.T.);
#1432=ORIENTED_EDGE('',*,*,#1041,.F.);
#1433=ORIENTED_EDGE('',*,*,#1042,.F.);
#1434=ORIENTED_EDGE('',*,*,#1043,.F.);
#1435=ORIENTED_EDGE('',*,*,#1042,.T.);
#1436=ORIENTED_EDGE('',*,*,#1044,.F.);
#1437=ORIENTED_EDGE('',*,*,#1045,.F.);
#1438=ORIENTED_EDGE('',*,*,#1046,.F.);
#1439=ORIENTED_EDGE('',*,*,#1045,.T.);
#1440=ORIENTED_EDGE('',*,*,#1047,.F.);
#1441=ORIENTED_EDGE('',*,*,#1013,.F.);
#1442=ORIENTED_EDGE('',*,*,#1047,.T.);
#1443=ORIENTED_EDGE('',*,*,#1044,.T.);
#1444=ORIENTED_EDGE('',*,*,#1041,.T.);
#1445=ORIENTED_EDGE('',*,*,#1038,.T.);
#1446=ORIENTED_EDGE('',*,*,#1035,.T.);
#1447=ORIENTED_EDGE('',*,*,#1032,.T.);
#1448=ORIENTED_EDGE('',*,*,#1029,.T.);
#1449=ORIENTED_EDGE('',*,*,#1026,.T.);
#1450=ORIENTED_EDGE('',*,*,#1023,.T.);
#1451=ORIENTED_EDGE('',*,*,#1020,.T.);
#1452=ORIENTED_EDGE('',*,*,#1017,.T.);
#1453=ORIENTED_EDGE('',*,*,#1014,.T.);
#1454=ORIENTED_EDGE('',*,*,#1011,.T.);
#1455=ORIENTED_EDGE('',*,*,#1008,.T.);
#1456=ORIENTED_EDGE('',*,*,#1005,.T.);
#1457=ORIENTED_EDGE('',*,*,#1002,.T.);
#1458=ORIENTED_EDGE('',*,*,#999,.T.);
#1459=ORIENTED_EDGE('',*,*,#996,.T.);
#1460=ORIENTED_EDGE('',*,*,#993,.T.);
#1461=ORIENTED_EDGE('',*,*,#990,.T.);
#1462=ORIENTED_EDGE('',*,*,#987,.T.);
#1463=ORIENTED_EDGE('',*,*,#984,.T.);
#1464=ORIENTED_EDGE('',*,*,#981,.T.);
#1465=ORIENTED_EDGE('',*,*,#978,.T.);
#1466=ORIENTED_EDGE('',*,*,#1048,.F.);
#1467=ORIENTED_EDGE('',*,*,#1049,.F.);
#1468=ORIENTED_EDGE('',*,*,#1050,.F.);
#1469=ORIENTED_EDGE('',*,*,#1051,.F.);
#1470=ORIENTED_EDGE('',*,*,#1012,.T.);
#1471=ORIENTED_EDGE('',*,*,#1016,.T.);
#1472=ORIENTED_EDGE('',*,*,#1019,.T.);
#1473=ORIENTED_EDGE('',*,*,#1022,.T.);
#1474=ORIENTED_EDGE('',*,*,#1025,.T.);
#1475=ORIENTED_EDGE('',*,*,#1028,.T.);
#1476=ORIENTED_EDGE('',*,*,#1031,.T.);
#1477=ORIENTED_EDGE('',*,*,#1034,.T.);
#1478=ORIENTED_EDGE('',*,*,#1037,.T.);
#1479=ORIENTED_EDGE('',*,*,#1040,.T.);
#1480=ORIENTED_EDGE('',*,*,#1043,.T.);
#1481=ORIENTED_EDGE('',*,*,#1046,.T.);
#1482=ORIENTED_EDGE('',*,*,#1052,.T.);
#1483=ORIENTED_EDGE('',*,*,#1053,.F.);
#1484=ORIENTED_EDGE('',*,*,#1054,.T.);
#1485=ORIENTED_EDGE('',*,*,#1048,.T.);
#1486=ORIENTED_EDGE('',*,*,#1055,.T.);
#1487=ORIENTED_EDGE('',*,*,#1056,.F.);
#1488=ORIENTED_EDGE('',*,*,#1057,.T.);
#1489=ORIENTED_EDGE('',*,*,#1050,.T.);
#1490=ORIENTED_EDGE('',*,*,#1052,.F.);
#1491=ORIENTED_EDGE('',*,*,#1051,.T.);
#1492=ORIENTED_EDGE('',*,*,#1057,.F.);
#1493=ORIENTED_EDGE('',*,*,#1058,.F.);
#1494=ORIENTED_EDGE('',*,*,#1054,.F.);
#1495=ORIENTED_EDGE('',*,*,#1059,.F.);
#1496=ORIENTED_EDGE('',*,*,#1055,.F.);
#1497=ORIENTED_EDGE('',*,*,#1049,.T.);
#1498=ORIENTED_EDGE('',*,*,#976,.T.);
#1499=ORIENTED_EDGE('',*,*,#980,.T.);
#1500=ORIENTED_EDGE('',*,*,#983,.T.);
#1501=ORIENTED_EDGE('',*,*,#986,.T.);
#1502=ORIENTED_EDGE('',*,*,#989,.T.);
#1503=ORIENTED_EDGE('',*,*,#992,.T.);
#1504=ORIENTED_EDGE('',*,*,#995,.T.);
#1505=ORIENTED_EDGE('',*,*,#998,.T.);
#1506=ORIENTED_EDGE('',*,*,#1001,.T.);
#1507=ORIENTED_EDGE('',*,*,#1004,.T.);
#1508=ORIENTED_EDGE('',*,*,#1007,.T.);
#1509=ORIENTED_EDGE('',*,*,#1010,.T.);
#1510=ORIENTED_EDGE('',*,*,#847,.F.);
#1511=ORIENTED_EDGE('',*,*,#876,.F.);
#1512=ORIENTED_EDGE('',*,*,#1060,.F.);
#1513=ORIENTED_EDGE('',*,*,#906,.F.);
#1514=ORIENTED_EDGE('',*,*,#853,.F.);
#1515=ORIENTED_EDGE('',*,*,#845,.F.);
#1516=ORIENTED_EDGE('',*,*,#912,.T.);
#1517=ORIENTED_EDGE('',*,*,#916,.T.);
#1518=ORIENTED_EDGE('',*,*,#919,.T.);
#1519=ORIENTED_EDGE('',*,*,#907,.F.);
#1520=ORIENTED_EDGE('',*,*,#1060,.T.);
#1521=ORIENTED_EDGE('',*,*,#875,.F.);
#1522=ORIENTED_EDGE('',*,*,#878,.T.);
#1523=ORIENTED_EDGE('',*,*,#880,.F.);
#1524=ORIENTED_EDGE('',*,*,#882,.T.);
#1525=ORIENTED_EDGE('',*,*,#911,.F.);
#1526=ORIENTED_EDGE('',*,*,#909,.T.);
#1527=ORIENTED_EDGE('',*,*,#1056,.T.);
#1528=ORIENTED_EDGE('',*,*,#1059,.T.);
#1529=ORIENTED_EDGE('',*,*,#1053,.T.);
#1530=ORIENTED_EDGE('',*,*,#1058,.T.);
#1531=B_SPLINE_SURFACE_WITH_KNOTS('',3,3,((#1969,#1970,#1971,#1972,#1973),
(#1974,#1975,#1976,#1977,#1978),(#1979,#1980,#1981,#1982,#1983),(#1984,
#1985,#1986,#1987,#1988)),.UNSPECIFIED.,.F.,.F.,.F.,(4,4),(4,1,4),(0.,1.),
(-0.720296785915545,-0.102899541287286,0.720296784883726),.UNSPECIFIED.);
#1532=B_SPLINE_SURFACE_WITH_KNOTS('',3,3,((#2014,#2015,#2016,#2017),(#2018,
#2019,#2020,#2021),(#2022,#2023,#2024,#2025),(#2026,#2027,#2028,#2029)),
 .UNSPECIFIED.,.F.,.F.,.F.,(4,4),(4,4),(0.,1.),(0.720296785915544,0.766162656751343),
 .UNSPECIFIED.);
#1533=B_SPLINE_SURFACE_WITH_KNOTS('',3,3,((#2038,#2039,#2040,#2041,#2042),
(#2043,#2044,#2045,#2046,#2047),(#2048,#2049,#2050,#2051,#2052),(#2053,
#2054,#2055,#2056,#2057)),.UNSPECIFIED.,.F.,.F.,.F.,(4,4),(4,1,4),(0.,1.),
(-0.720296784883727,-0.102899540255467,0.720296785915546),.UNSPECIFIED.);
#1534=B_SPLINE_SURFACE_WITH_KNOTS('',3,3,((#2074,#2075,#2076,#2077),(#2078,
#2079,#2080,#2081),(#2082,#2083,#2084,#2085),(#2086,#2087,#2088,#2089)),
 .UNSPECIFIED.,.F.,.F.,.F.,(4,4),(4,4),(0.,1.),(-0.766162656751345,-0.720296785915544),
 .UNSPECIFIED.);
#1535=B_SPLINE_SURFACE_WITH_KNOTS('',3,3,((#2107,#2108,#2109,#2110),(#2111,
#2112,#2113,#2114),(#2115,#2116,#2117,#2118),(#2119,#2120,#2121,#2122)),
 .UNSPECIFIED.,.F.,.F.,.F.,(4,4),(4,4),(0.,1.),(0.720296784883726,0.766162652177666),
 .UNSPECIFIED.);
#1536=B_SPLINE_SURFACE_WITH_KNOTS('',3,3,((#2131,#2132,#2133,#2134,#2135),
(#2136,#2137,#2138,#2139,#2140),(#2141,#2142,#2143,#2144,#2145),(#2146,
#2147,#2148,#2149,#2150)),.UNSPECIFIED.,.F.,.F.,.F.,(4,4),(4,1,4),(0.,1.),
(-0.720296785915546,-0.102899541287286,0.720296784883727),.UNSPECIFIED.);
#1537=B_SPLINE_SURFACE_WITH_KNOTS('',3,3,((#2167,#2168,#2169,#2170),(#2171,
#2172,#2173,#2174),(#2175,#2176,#2177,#2178),(#2179,#2180,#2181,#2182)),
 .UNSPECIFIED.,.F.,.F.,.F.,(4,4),(4,4),(0.,1.),(-0.766162652177663,-0.720296784883725),
 .UNSPECIFIED.);
#1538=B_SPLINE_SURFACE_WITH_KNOTS('',3,3,((#2200,#2201,#2202,#2203),(#2204,
#2205,#2206,#2207),(#2208,#2209,#2210,#2211),(#2212,#2213,#2214,#2215)),
 .UNSPECIFIED.,.F.,.F.,.F.,(4,4),(4,4),(0.,1.),(0.720296785915545,0.766162649691592),
 .UNSPECIFIED.);
#1539=B_SPLINE_SURFACE_WITH_KNOTS('',3,3,((#2224,#2225,#2226,#2227,#2228),
(#2229,#2230,#2231,#2232,#2233),(#2234,#2235,#2236,#2237,#2238),(#2239,
#2240,#2241,#2242,#2243)),.UNSPECIFIED.,.F.,.F.,.F.,(4,4),(4,1,4),(0.,1.),
(-0.720296784883726,-0.102899540255467,0.720296785915545),.UNSPECIFIED.);
#1540=B_SPLINE_SURFACE_WITH_KNOTS('',3,3,((#2260,#2261,#2262,#2263),(#2264,
#2265,#2266,#2267),(#2268,#2269,#2270,#2271),(#2272,#2273,#2274,#2275)),
 .UNSPECIFIED.,.F.,.F.,.F.,(4,4),(4,4),(0.,1.),(-0.766162649691591,-0.720296785915544),
 .UNSPECIFIED.);
#1541=B_SPLINE_SURFACE_WITH_KNOTS('',3,3,((#2293,#2294,#2295,#2296),(#2297,
#2298,#2299,#2300),(#2301,#2302,#2303,#2304),(#2305,#2306,#2307,#2308)),
 .UNSPECIFIED.,.F.,.F.,.F.,(4,4),(4,4),(0.,1.),(0.720296784883726,0.766162652177665),
 .UNSPECIFIED.);
#1542=B_SPLINE_SURFACE_WITH_KNOTS('',3,3,((#2317,#2318,#2319,#2320),(#2321,
#2322,#2323,#2324),(#2325,#2326,#2327,#2328),(#2329,#2330,#2331,#2332)),
 .UNSPECIFIED.,.F.,.F.,.F.,(4,4),(4,4),(0.,1.),(-0.766162652177667,-0.720296784883727),
 .UNSPECIFIED.);
#1543=ADVANCED_FACE('',(#154),#1531,.T.);
#1544=ADVANCED_FACE('',(#155),#107,.T.);
#1545=ADVANCED_FACE('',(#156),#1532,.T.);
#1546=ADVANCED_FACE('',(#157),#1533,.T.);
#1547=ADVANCED_FACE('',(#158),#1534,.T.);
#1548=ADVANCED_FACE('',(#159),#108,.T.);
#1549=ADVANCED_FACE('',(#160),#1535,.T.);
#1550=ADVANCED_FACE('',(#161),#1536,.T.);
#1551=ADVANCED_FACE('',(#162),#1537,.T.);
#1552=ADVANCED_FACE('',(#163),#109,.T.);
#1553=ADVANCED_FACE('',(#164),#1538,.T.);
#1554=ADVANCED_FACE('',(#165),#1539,.T.);
#1555=ADVANCED_FACE('',(#166),#1540,.T.);
#1556=ADVANCED_FACE('',(#167),#110,.T.);
#1557=ADVANCED_FACE('',(#168),#1541,.T.);
#1558=ADVANCED_FACE('',(#169),#1542,.T.);
#1559=ADVANCED_FACE('',(#170),#103,.T.);
#1560=ADVANCED_FACE('',(#171),#111,.F.);
#1561=ADVANCED_FACE('',(#172),#104,.T.);
#1562=ADVANCED_FACE('',(#173),#112,.F.);
#1563=ADVANCED_FACE('',(#174,#41),#113,.T.);
#1564=ADVANCED_FACE('',(#175),#105,.T.);
#1565=ADVANCED_FACE('',(#176),#114,.F.);
#1566=ADVANCED_FACE('',(#177),#106,.T.);
#1567=ADVANCED_FACE('',(#178),#15,.T.);
#1568=ADVANCED_FACE('',(#179),#16,.T.);
#1569=ADVANCED_FACE('',(#180),#17,.T.);
#1570=ADVANCED_FACE('',(#181),#18,.T.);
#1571=ADVANCED_FACE('',(#182),#19,.T.);
#1572=ADVANCED_FACE('',(#183),#115,.T.);
#1573=ADVANCED_FACE('',(#184),#20,.T.);
#1574=ADVANCED_FACE('',(#185),#21,.T.);
#1575=ADVANCED_FACE('',(#186),#22,.T.);
#1576=ADVANCED_FACE('',(#187),#23,.T.);
#1577=ADVANCED_FACE('',(#188),#24,.T.);
#1578=ADVANCED_FACE('',(#189),#25,.T.);
#1579=ADVANCED_FACE('',(#190),#26,.T.);
#1580=ADVANCED_FACE('',(#191),#27,.T.);
#1581=ADVANCED_FACE('',(#192),#28,.T.);
#1582=ADVANCED_FACE('',(#193),#29,.T.);
#1583=ADVANCED_FACE('',(#194),#30,.T.);
#1584=ADVANCED_FACE('',(#195),#116,.T.);
#1585=ADVANCED_FACE('',(#196),#31,.T.);
#1586=ADVANCED_FACE('',(#197),#32,.T.);
#1587=ADVANCED_FACE('',(#198),#33,.T.);
#1588=ADVANCED_FACE('',(#199),#34,.T.);
#1589=ADVANCED_FACE('',(#200),#117,.T.);
#1590=ADVANCED_FACE('',(#201),#35,.T.);
#1591=ADVANCED_FACE('',(#202),#36,.T.);
#1592=ADVANCED_FACE('',(#203),#37,.T.);
#1593=ADVANCED_FACE('',(#204,#42,#43),#118,.T.);
#1594=ADVANCED_FACE('',(#205),#38,.F.);
#1595=ADVANCED_FACE('',(#206),#39,.F.);
#1596=ADVANCED_FACE('',(#207),#40,.F.);
#1597=ADVANCED_FACE('',(#208),#119,.T.);
#1598=ADVANCED_FACE('',(#209),#120,.T.);
#1599=ADVANCED_FACE('',(#210),#121,.T.);
#1600=ADVANCED_FACE('',(#211),#122,.T.);
#1601=ADVANCED_FACE('',(#212),#123,.T.);
#1602=ADVANCED_FACE('',(#213),#124,.T.);
#1603=ADVANCED_FACE('',(#214),#125,.T.);
#1604=ADVANCED_FACE('',(#215),#126,.T.);
#1605=ADVANCED_FACE('',(#216),#127,.T.);
#1606=ADVANCED_FACE('',(#217),#128,.T.);
#1607=ADVANCED_FACE('',(#218),#129,.T.);
#1608=ADVANCED_FACE('',(#219),#130,.T.);
#1609=ADVANCED_FACE('',(#220),#131,.T.);
#1610=ADVANCED_FACE('',(#221),#132,.T.);
#1611=ADVANCED_FACE('',(#222),#133,.T.);
#1612=ADVANCED_FACE('',(#223),#134,.T.);
#1613=ADVANCED_FACE('',(#224),#135,.T.);
#1614=ADVANCED_FACE('',(#225),#136,.T.);
#1615=ADVANCED_FACE('',(#226),#137,.T.);
#1616=ADVANCED_FACE('',(#227),#138,.T.);
#1617=ADVANCED_FACE('',(#228),#139,.T.);
#1618=ADVANCED_FACE('',(#229),#140,.T.);
#1619=ADVANCED_FACE('',(#230),#141,.T.);
#1620=ADVANCED_FACE('',(#231),#142,.T.);
#1621=ADVANCED_FACE('',(#232),#143,.T.);
#1622=ADVANCED_FACE('',(#233,#44),#144,.T.);
#1623=ADVANCED_FACE('',(#234,#45),#145,.F.);
#1624=ADVANCED_FACE('',(#235),#146,.T.);
#1625=ADVANCED_FACE('',(#236),#147,.T.);
#1626=ADVANCED_FACE('',(#237),#148,.T.);
#1627=ADVANCED_FACE('',(#238),#149,.T.);
#1628=ADVANCED_FACE('',(#239),#150,.F.);
#1629=ADVANCED_FACE('',(#240),#151,.F.);
#1630=ADVANCED_FACE('',(#241),#152,.T.);
#1631=ADVANCED_FACE('',(#242,#46),#153,.F.);
#1632=CLOSED_SHELL('',(#1543,#1544,#1545,#1546,#1547,#1548,#1549,#1550,
#1551,#1552,#1553,#1554,#1555,#1556,#1557,#1558,#1559,#1560,#1561,#1562,
#1563,#1564,#1565,#1566,#1567,#1568,#1569,#1570,#1571,#1572,#1573,#1574,
#1575,#1576,#1577,#1578,#1579,#1580,#1581,#1582,#1583,#1584,#1585,#1586,
#1587,#1588,#1589,#1590,#1591,#1592,#1593,#1594,#1595,#1596,#1597,#1598,
#1599,#1600,#1601,#1602,#1603,#1604,#1605,#1606,#1607,#1608,#1609,#1610,
#1611,#1612,#1613,#1614,#1615,#1616,#1617,#1618,#1619,#1620,#1621,#1622,
#1623,#1624,#1625,#1626,#1627,#1628,#1629,#1630,#1631));
#1633=DERIVED_UNIT_ELEMENT(#1635,1.);
#1634=DERIVED_UNIT_ELEMENT(#3970,-3.);
#1635=(
MASS_UNIT()
NAMED_UNIT(*)
SI_UNIT(.KILO.,.GRAM.)
);
#1636=DERIVED_UNIT((#1633,#1634));
#1637=MEASURE_REPRESENTATION_ITEM('density measure',
POSITIVE_RATIO_MEASURE(7850.),#1636);
#1638=PROPERTY_DEFINITION_REPRESENTATION(#1643,#1640);
#1639=PROPERTY_DEFINITION_REPRESENTATION(#1644,#1641);
#1640=REPRESENTATION('material name',(#1642),#3967);
#1641=REPRESENTATION('density',(#1637),#3967);
#1642=DESCRIPTIVE_REPRESENTATION_ITEM('Steel','Steel');
#1643=PROPERTY_DEFINITION('material property','material name',#3977);
#1644=PROPERTY_DEFINITION('material property','density of part',#3977);
#1645=AXIS2_PLACEMENT_3D('',#1968,#1701,#1702);
#1646=AXIS2_PLACEMENT_3D('',#2005,#1705,#1706);
#1647=AXIS2_PLACEMENT_3D('',#2098,#1713,#1714);
#1648=AXIS2_PLACEMENT_3D('',#2191,#1721,#1722);
#1649=AXIS2_PLACEMENT_3D('',#2284,#1729,#1730);
#1650=AXIS2_PLACEMENT_3D('',#2341,#1735,#1736);
#1651=AXIS2_PLACEMENT_3D('',#2345,#1738,#1739);
#1652=AXIS2_PLACEMENT_3D('',#2347,#1741,#1742);
#1653=AXIS2_PLACEMENT_3D('',#2351,#1745,#1746);
#1654=AXIS2_PLACEMENT_3D('',#2354,#1748,#1749);
#1655=AXIS2_PLACEMENT_3D('',#2355,#1750,#1751);
#1656=AXIS2_PLACEMENT_3D('',#2359,#1754,#1755);
#1657=AXIS2_PLACEMENT_3D('',#2646,#1759,#1760);
#1658=AXIS2_PLACEMENT_3D('',#2650,#1762,#1763);
#1659=AXIS2_PLACEMENT_3D('',#2652,#1765,#1766);
#1660=AXIS2_PLACEMENT_3D('',#2656,#1769,#1770);
#1661=AXIS2_PLACEMENT_3D('',#2657,#1771,#1772);
#1662=AXIS2_PLACEMENT_3D('',#2913,#1779,#1780);
#1663=AXIS2_PLACEMENT_3D('',#3284,#1794,#1795);
#1664=AXIS2_PLACEMENT_3D('',#3476,#1802,#1803);
#1665=AXIS2_PLACEMENT_3D('',#3619,#1808,#1809);
#1666=AXIS2_PLACEMENT_3D('',#3789,#1813,#1814);
#1667=AXIS2_PLACEMENT_3D('',#3790,#1815,#1816);
#1668=AXIS2_PLACEMENT_3D('',#3799,#1821,#1822);
#1669=AXIS2_PLACEMENT_3D('',#3805,#1826,#1827);
#1670=AXIS2_PLACEMENT_3D('',#3811,#1831,#1832);
#1671=AXIS2_PLACEMENT_3D('',#3817,#1836,#1837);
#1672=AXIS2_PLACEMENT_3D('',#3823,#1841,#1842);
#1673=AXIS2_PLACEMENT_3D('',#3829,#1846,#1847);
#1674=AXIS2_PLACEMENT_3D('',#3835,#1851,#1852);
#1675=AXIS2_PLACEMENT_3D('',#3841,#1856,#1857);
#1676=AXIS2_PLACEMENT_3D('',#3847,#1861,#1862);
#1677=AXIS2_PLACEMENT_3D('',#3853,#1866,#1867);
#1678=AXIS2_PLACEMENT_3D('',#3859,#1871,#1872);
#1679=AXIS2_PLACEMENT_3D('',#3862,#1875,#1876);
#1680=AXIS2_PLACEMENT_3D('',#3871,#1881,#1882);
#1681=AXIS2_PLACEMENT_3D('',#3877,#1886,#1887);
#1682=AXIS2_PLACEMENT_3D('',#3883,#1891,#1892);
#1683=AXIS2_PLACEMENT_3D('',#3889,#1896,#1897);
#1684=AXIS2_PLACEMENT_3D('',#3895,#1901,#1902);
#1685=AXIS2_PLACEMENT_3D('',#3901,#1906,#1907);
#1686=AXIS2_PLACEMENT_3D('',#3907,#1911,#1912);
#1687=AXIS2_PLACEMENT_3D('',#3913,#1916,#1917);
#1688=AXIS2_PLACEMENT_3D('',#3919,#1921,#1922);
#1689=AXIS2_PLACEMENT_3D('',#3925,#1926,#1927);
#1690=AXIS2_PLACEMENT_3D('',#3931,#1931,#1932);
#1691=AXIS2_PLACEMENT_3D('',#3934,#1935,#1936);
#1692=AXIS2_PLACEMENT_3D('',#3935,#1937,#1938);
#1693=AXIS2_PLACEMENT_3D('',#3944,#1943,#1944);
#1694=AXIS2_PLACEMENT_3D('',#3950,#1948,#1949);
#1695=AXIS2_PLACEMENT_3D('',#3956,#1953,#1954);
#1696=AXIS2_PLACEMENT_3D('',#3958,#1956,#1957);
#1697=AXIS2_PLACEMENT_3D('',#3960,#1959,#1960);
#1698=AXIS2_PLACEMENT_3D('',#3961,#1961,#1962);
#1699=AXIS2_PLACEMENT_3D('',#3963,#1964,#1965);
#1700=AXIS2_PLACEMENT_3D('',#3964,#1966,#1967);
#1701=DIRECTION('axis',(0.,0.,1.));
#1702=DIRECTION('refdir',(1.,0.,0.));
#1703=DIRECTION('',(0.0356106681204367,0.773920740239322,0.63228045054662));
#1704=DIRECTION('',(-0.773920733121253,-0.0356106705967645,-0.632280459119773));
#1705=DIRECTION('center_axis',(0.,-0.633988608256979,0.773342385105316));
#1706=DIRECTION('ref_axis',(1.,0.,0.));
#1707=DIRECTION('',(0.,0.773342385105316,0.633988608256979));
#1708=DIRECTION('',(-1.,0.,0.));
#1709=DIRECTION('',(0.,-0.773342385105316,-0.633988608256979));
#1710=DIRECTION('',(1.,0.,0.));
#1711=DIRECTION('',(-0.773920733121251,0.0356106705967716,0.632280459119775));
#1712=DIRECTION('',(0.0356106681204382,-0.77392074023932,-0.632280450546622));
#1713=DIRECTION('center_axis',(0.633988910591752,0.,0.773342137250184));
#1714=DIRECTION('ref_axis',(0.773342137250184,0.,-0.633988910591752));
#1715=DIRECTION('',(-0.773342137250184,0.,0.633988910591752));
#1716=DIRECTION('',(0.,-1.,0.));
#1717=DIRECTION('',(0.773342137250184,0.,-0.633988910591752));
#1718=DIRECTION('',(0.,1.,0.));
#1719=DIRECTION('',(-0.0356106681204295,-0.773920740239321,0.632280450546621));
#1720=DIRECTION('',(0.773920733121252,0.0356106705967717,-0.632280459119774));
#1721=DIRECTION('center_axis',(0.,0.633988905605539,0.773342141337902));
#1722=DIRECTION('ref_axis',(1.,0.,0.));
#1723=DIRECTION('',(0.,-0.773342141337902,0.633988905605539));
#1724=DIRECTION('',(1.,0.,0.));
#1725=DIRECTION('',(0.,0.773342141337902,-0.633988905605539));
#1726=DIRECTION('',(-1.,0.,0.));
#1727=DIRECTION('',(0.773920733121252,-0.0356106705967646,0.632280459119774));
#1728=DIRECTION('',(-0.0356106681204367,0.773920740239319,-0.632280450546623));
#1729=DIRECTION('center_axis',(-0.633988910591752,0.,0.773342137250184));
#1730=DIRECTION('ref_axis',(0.773342137250184,0.,0.633988910591752));
#1731=DIRECTION('',(0.773342137250184,0.,0.633988910591752));
#1732=DIRECTION('',(0.,1.,0.));
#1733=DIRECTION('',(-0.773342137250184,0.,-0.633988910591752));
#1734=DIRECTION('',(0.,-1.,0.));
#1735=DIRECTION('center_axis',(0.192450077303046,-0.19245009020783,-0.962250451039151));
#1736=DIRECTION('ref_axis',(0.680413820007007,-0.680413818252188,0.272165518526779));
#1737=DIRECTION('',(0.192450077303046,-0.19245009020783,-0.962250451039151));
#1738=DIRECTION('center_axis',(0.,0.,1.));
#1739=DIRECTION('ref_axis',(0.707106780274717,-0.707106782098378,0.));
#1740=DIRECTION('',(-0.192450077303046,0.19245009020783,0.962250451039151));
#1741=DIRECTION('center_axis',(0.,0.98058067569092,-0.196116135138184));
#1742=DIRECTION('ref_axis',(0.,0.196116135138184,0.98058067569092));
#1743=DIRECTION('',(0.192450077303046,0.19245009020783,0.962250451039151));
#1744=DIRECTION('',(-1.,0.,0.));
#1745=DIRECTION('center_axis',(0.192450077303046,0.19245009020783,0.962250451039151));
#1746=DIRECTION('ref_axis',(-0.680413820007007,-0.680413818252188,0.272165518526779));
#1747=DIRECTION('',(-0.192450077303046,-0.19245009020783,-0.962250451039151));
#1748=DIRECTION('center_axis',(0.,0.,1.));
#1749=DIRECTION('ref_axis',(-0.707106780274716,-0.707106782098379,0.));
#1750=DIRECTION('center_axis',(0.980580678219884,0.,-0.196116122493365));
#1751=DIRECTION('ref_axis',(-0.196116122493365,0.,-0.980580678219884));
#1752=DIRECTION('',(0.192450077303046,-0.19245009020783,0.962250451039151));
#1753=DIRECTION('',(0.,1.,0.));
#1754=DIRECTION('center_axis',(0.,0.,1.));
#1755=DIRECTION('ref_axis',(1.,0.,0.));
#1756=DIRECTION('',(0.578804124764362,0.81546660578822,0.));
#1757=DIRECTION('',(0.898610898491718,0.438746456523476,0.));
#1758=DIRECTION('',(-0.622990940928516,-0.782229050547857,0.));
#1759=DIRECTION('center_axis',(-0.192450077303046,-0.19245009020783,0.962250451039151));
#1760=DIRECTION('ref_axis',(0.680413820007007,0.680413818252188,0.272165518526779));
#1761=DIRECTION('',(0.192450077303046,0.19245009020783,-0.962250451039151));
#1762=DIRECTION('center_axis',(0.,0.,1.));
#1763=DIRECTION('ref_axis',(0.707106780274717,0.707106782098378,0.));
#1764=DIRECTION('',(-0.192450077303046,-0.19245009020783,0.962250451039151));
#1765=DIRECTION('center_axis',(0.,-0.98058067569092,-0.196116135138184));
#1766=DIRECTION('ref_axis',(0.,0.196116135138184,-0.98058067569092));
#1767=DIRECTION('',(1.,0.,0.));
#1768=DIRECTION('',(-0.192450077303046,0.19245009020783,-0.962250451039151));
#1769=DIRECTION('center_axis',(-0.192450077303046,0.19245009020783,-0.962250451039151));
#1770=DIRECTION('ref_axis',(-0.680413820007007,0.680413818252188,0.272165518526778));
#1771=DIRECTION('center_axis',(0.,0.,1.));
#1772=DIRECTION('ref_axis',(-0.707106780274717,0.707106782098378,0.));
#1773=DIRECTION('',(0.,0.,1.));
#1774=DIRECTION('',(0.,0.,1.));
#1775=DIRECTION('',(0.,0.,1.));
#1776=DIRECTION('',(0.,0.,1.));
#1777=DIRECTION('',(0.,0.,1.));
#1778=DIRECTION('',(0.,0.,1.));
#1779=DIRECTION('center_axis',(-0.815466605788221,0.578804124764362,0.));
#1780=DIRECTION('ref_axis',(-0.578804124764362,-0.81546660578822,0.));
#1781=DIRECTION('',(-0.578804124764362,-0.81546660578822,0.));
#1782=DIRECTION('',(0.,0.,1.));
#1783=DIRECTION('',(0.,0.,1.));
#1784=DIRECTION('',(0.,0.,1.));
#1785=DIRECTION('',(0.,0.,1.));
#1786=DIRECTION('',(0.,0.,1.));
#1787=DIRECTION('',(0.,0.,1.));
#1788=DIRECTION('',(0.,0.,1.));
#1789=DIRECTION('',(0.,0.,1.));
#1790=DIRECTION('',(0.,0.,1.));
#1791=DIRECTION('',(0.,0.,1.));
#1792=DIRECTION('',(0.,0.,1.));
#1793=DIRECTION('',(0.,0.,1.));
#1794=DIRECTION('center_axis',(-0.438746456523476,0.898610898491718,0.));
#1795=DIRECTION('ref_axis',(-0.898610898491718,-0.438746456523476,0.));
#1796=DIRECTION('',(-0.898610898491718,-0.438746456523476,0.));
#1797=DIRECTION('',(0.,0.,1.));
#1798=DIRECTION('',(0.,0.,1.));
#1799=DIRECTION('',(0.,0.,1.));
#1800=DIRECTION('',(0.,0.,1.));
#1801=DIRECTION('',(0.,0.,1.));
#1802=DIRECTION('center_axis',(0.782229050547857,-0.622990940928516,0.));
#1803=DIRECTION('ref_axis',(0.622990940928516,0.782229050547857,0.));
#1804=DIRECTION('',(0.622990940928516,0.782229050547858,0.));
#1805=DIRECTION('',(0.,0.,1.));
#1806=DIRECTION('',(0.,0.,1.));
#1807=DIRECTION('',(0.,0.,1.));
#1808=DIRECTION('center_axis',(0.,0.,1.));
#1809=DIRECTION('ref_axis',(-1.,0.,0.));
#1810=DIRECTION('',(0.,0.,-1.));
#1811=DIRECTION('',(0.,0.,1.));
#1812=DIRECTION('',(0.,0.,-1.));
#1813=DIRECTION('center_axis',(0.,0.,1.));
#1814=DIRECTION('ref_axis',(-1.,0.,0.));
#1815=DIRECTION('center_axis',(1.,0.,0.));
#1816=DIRECTION('ref_axis',(0.,-1.,0.));
#1817=DIRECTION('',(0.,1.,0.));
#1818=DIRECTION('',(0.,0.,-1.));
#1819=DIRECTION('',(0.,-1.,0.));
#1820=DIRECTION('',(0.,0.,-1.));
#1821=DIRECTION('center_axis',(2.52323414687536E-16,-1.,0.));
#1822=DIRECTION('ref_axis',(-1.,-2.52323414687536E-16,0.));
#1823=DIRECTION('',(1.,2.52323414687536E-16,0.));
#1824=DIRECTION('',(-1.,-2.52323414687536E-16,0.));
#1825=DIRECTION('',(0.,0.,-1.));
#1826=DIRECTION('center_axis',(1.,0.,0.));
#1827=DIRECTION('ref_axis',(0.,-1.,0.));
#1828=DIRECTION('',(0.,1.,0.));
#1829=DIRECTION('',(0.,-1.,0.));
#1830=DIRECTION('',(0.,0.,-1.));
#1831=DIRECTION('center_axis',(0.,-1.,0.));
#1832=DIRECTION('ref_axis',(-1.,0.,0.));
#1833=DIRECTION('',(1.,0.,0.));
#1834=DIRECTION('',(-1.,0.,0.));
#1835=DIRECTION('',(0.,0.,-1.));
#1836=DIRECTION('center_axis',(-1.,-4.78544407166016E-17,0.));
#1837=DIRECTION('ref_axis',(-4.78544407166016E-17,1.,0.));
#1838=DIRECTION('',(4.78544407166016E-17,-1.,0.));
#1839=DIRECTION('',(-4.78544407166016E-17,1.,0.));
#1840=DIRECTION('',(0.,0.,-1.));
#1841=DIRECTION('center_axis',(0.,-1.,0.));
#1842=DIRECTION('ref_axis',(-1.,0.,0.));
#1843=DIRECTION('',(1.,0.,0.));
#1844=DIRECTION('',(-1.,0.,0.));
#1845=DIRECTION('',(0.,0.,-1.));
#1846=DIRECTION('center_axis',(-1.,0.,0.));
#1847=DIRECTION('ref_axis',(0.,1.,0.));
#1848=DIRECTION('',(0.,-1.,0.));
#1849=DIRECTION('',(0.,1.,0.));
#1850=DIRECTION('',(0.,0.,-1.));
#1851=DIRECTION('center_axis',(-2.52323414687536E-16,1.,0.));
#1852=DIRECTION('ref_axis',(1.,2.52323414687536E-16,0.));
#1853=DIRECTION('',(-1.,-2.52323414687536E-16,0.));
#1854=DIRECTION('',(1.,2.52323414687536E-16,0.));
#1855=DIRECTION('',(0.,0.,-1.));
#1856=DIRECTION('center_axis',(-1.,0.,0.));
#1857=DIRECTION('ref_axis',(0.,1.,0.));
#1858=DIRECTION('',(0.,-1.,0.));
#1859=DIRECTION('',(0.,1.,0.));
#1860=DIRECTION('',(0.,0.,-1.));
#1861=DIRECTION('center_axis',(0.,1.,0.));
#1862=DIRECTION('ref_axis',(1.,0.,0.));
#1863=DIRECTION('',(-1.,0.,0.));
#1864=DIRECTION('',(1.,0.,0.));
#1865=DIRECTION('',(0.,0.,-1.));
#1866=DIRECTION('center_axis',(1.,0.,0.));
#1867=DIRECTION('ref_axis',(0.,-1.,0.));
#1868=DIRECTION('',(0.,1.,0.));
#1869=DIRECTION('',(0.,-1.,0.));
#1870=DIRECTION('',(0.,0.,-1.));
#1871=DIRECTION('center_axis',(4.54182146437564E-16,1.,0.));
#1872=DIRECTION('ref_axis',(1.,-4.54182146437564E-16,0.));
#1873=DIRECTION('',(-1.,4.54182146437564E-16,0.));
#1874=DIRECTION('',(1.,-4.54182146437564E-16,0.));
#1875=DIRECTION('center_axis',(0.,-1.,0.));
#1876=DIRECTION('ref_axis',(-1.,0.,0.));
#1877=DIRECTION('',(1.,0.,0.));
#1878=DIRECTION('',(0.,0.,-1.));
#1879=DIRECTION('',(-1.,0.,0.));
#1880=DIRECTION('',(0.,0.,-1.));
#1881=DIRECTION('center_axis',(1.,0.,0.));
#1882=DIRECTION('ref_axis',(0.,-1.,0.));
#1883=DIRECTION('',(0.,1.,0.));
#1884=DIRECTION('',(0.,-1.,0.));
#1885=DIRECTION('',(0.,0.,-1.));
#1886=DIRECTION('center_axis',(2.01858731750028E-16,-1.,0.));
#1887=DIRECTION('ref_axis',(-1.,-2.01858731750028E-16,0.));
#1888=DIRECTION('',(1.,2.01858731750028E-16,0.));
#1889=DIRECTION('',(-1.,-2.01858731750028E-16,0.));
#1890=DIRECTION('',(0.,0.,-1.));
#1891=DIRECTION('center_axis',(1.,0.,0.));
#1892=DIRECTION('ref_axis',(0.,-1.,0.));
#1893=DIRECTION('',(0.,1.,0.));
#1894=DIRECTION('',(0.,-1.,0.));
#1895=DIRECTION('',(0.,0.,-1.));
#1896=DIRECTION('center_axis',(-2.01858731750028E-16,1.,0.));
#1897=DIRECTION('ref_axis',(1.,2.01858731750028E-16,0.));
#1898=DIRECTION('',(-1.,-2.01858731750028E-16,0.));
#1899=DIRECTION('',(1.,2.01858731750028E-16,0.));
#1900=DIRECTION('',(0.,0.,-1.));
#1901=DIRECTION('center_axis',(1.,0.,0.));
#1902=DIRECTION('ref_axis',(0.,-1.,0.));
#1903=DIRECTION('',(0.,1.,0.));
#1904=DIRECTION('',(0.,-1.,0.));
#1905=DIRECTION('',(0.,0.,-1.));
#1906=DIRECTION('center_axis',(0.,1.,0.));
#1907=DIRECTION('ref_axis',(1.,0.,0.));
#1908=DIRECTION('',(-1.,0.,0.));
#1909=DIRECTION('',(1.,0.,0.));
#1910=DIRECTION('',(0.,0.,-1.));
#1911=DIRECTION('center_axis',(-1.,0.,0.));
#1912=DIRECTION('ref_axis',(0.,1.,0.));
#1913=DIRECTION('',(0.,-1.,0.));
#1914=DIRECTION('',(0.,1.,0.));
#1915=DIRECTION('',(0.,0.,-1.));
#1916=DIRECTION('center_axis',(-2.01858731750028E-16,1.,0.));
#1917=DIRECTION('ref_axis',(1.,2.01858731750028E-16,0.));
#1918=DIRECTION('',(-1.,-2.01858731750028E-16,0.));
#1919=DIRECTION('',(1.,2.01858731750028E-16,0.));
#1920=DIRECTION('',(0.,0.,-1.));
#1921=DIRECTION('center_axis',(-1.,0.,0.));
#1922=DIRECTION('ref_axis',(0.,1.,0.));
#1923=DIRECTION('',(0.,-1.,0.));
#1924=DIRECTION('',(0.,1.,0.));
#1925=DIRECTION('',(0.,0.,-1.));
#1926=DIRECTION('center_axis',(-8.07434927000114E-16,-1.,0.));
#1927=DIRECTION('ref_axis',(-1.,8.07434927000114E-16,0.));
#1928=DIRECTION('',(1.,-8.07434927000114E-16,0.));
#1929=DIRECTION('',(-1.,8.07434927000114E-16,0.));
#1930=DIRECTION('',(0.,0.,-1.));
#1931=DIRECTION('center_axis',(-1.,0.,0.));
#1932=DIRECTION('ref_axis',(0.,1.,0.));
#1933=DIRECTION('',(0.,-1.,0.));
#1934=DIRECTION('',(0.,1.,0.));
#1935=DIRECTION('center_axis',(0.,0.,-1.));
#1936=DIRECTION('ref_axis',(-1.,0.,0.));
#1937=DIRECTION('center_axis',(0.,0.,1.));
#1938=DIRECTION('ref_axis',(1.,0.,0.));
#1939=DIRECTION('',(-1.,0.,0.));
#1940=DIRECTION('',(0.,1.,0.));
#1941=DIRECTION('',(1.,0.,0.));
#1942=DIRECTION('',(0.,-1.,0.));
#1943=DIRECTION('center_axis',(0.,-0.98058067569092,-0.196116135138184));
#1944=DIRECTION('ref_axis',(0.,0.196116135138184,-0.98058067569092));
#1945=DIRECTION('',(0.192450077303046,-0.19245009020783,0.962250451039151));
#1946=DIRECTION('',(-1.,0.,0.));
#1947=DIRECTION('',(0.192450077303046,0.19245009020783,-0.962250451039151));
#1948=DIRECTION('center_axis',(0.,0.98058067569092,-0.196116135138184));
#1949=DIRECTION('ref_axis',(0.,0.196116135138184,0.98058067569092));
#1950=DIRECTION('',(-0.192450077303046,0.19245009020783,0.962250451039151));
#1951=DIRECTION('',(1.,0.,0.));
#1952=DIRECTION('',(-0.192450077303046,-0.19245009020783,-0.962250451039151));
#1953=DIRECTION('center_axis',(0.980580678219884,0.,-0.196116122493365));
#1954=DIRECTION('ref_axis',(-0.196116122493365,0.,-0.980580678219884));
#1955=DIRECTION('',(0.,-1.,0.));
#1956=DIRECTION('center_axis',(-0.980580678219884,0.,-0.196116122493365));
#1957=DIRECTION('ref_axis',(-0.196116122493365,0.,0.980580678219884));
#1958=DIRECTION('',(0.,1.,0.));
#1959=DIRECTION('center_axis',(0.,0.,1.));
#1960=DIRECTION('ref_axis',(1.,0.,0.));
#1961=DIRECTION('center_axis',(-0.980580678219884,0.,-0.196116122493365));
#1962=DIRECTION('ref_axis',(-0.196116122493365,0.,0.980580678219884));
#1963=DIRECTION('',(0.,-1.,0.));
#1964=DIRECTION('center_axis',(0.,0.,1.));
#1965=DIRECTION('ref_axis',(1.,0.,0.));
#1966=DIRECTION('center_axis',(0.,0.,1.));
#1967=DIRECTION('ref_axis',(1.,0.,0.));
#1968=CARTESIAN_POINT('',(0.,0.,0.));
#1969=CARTESIAN_POINT('Ctrl Pts',(-5.13680931552621,-7.09797067347747,9.5101473031649));
#1970=CARTESIAN_POINT('Ctrl Pts',(-5.57665138040397,-7.09717589273604,9.51412120687202));
#1971=CARTESIAN_POINT('Ctrl Pts',(-6.61197382287623,-6.74627867157926,9.52296710598327));
#1972=CARTESIAN_POINT('Ctrl Pts',(-7.09691095980141,-5.72326540107294,9.51544583905327));
#1973=CARTESIAN_POINT('Ctrl Pts',(-7.09797066735165,-5.13680931748134,9.51014730094683));
#1974=CARTESIAN_POINT('Ctrl Pts',(-5.12761298405663,-6.89810832789169,9.67343153544327));
#1975=CARTESIAN_POINT('Ctrl Pts',(-5.52585012614139,-6.89274665605773,9.67608080458135));
#1976=CARTESIAN_POINT('Ctrl Pts',(-6.45118364588701,-6.57028483675701,9.68197807065551));
#1977=CARTESIAN_POINT('Ctrl Pts',(-6.89095942919477,-5.65859583959267,9.67696389270218));
#1978=CARTESIAN_POINT('Ctrl Pts',(-6.89810832540905,-5.1276129854553,9.67343153396455));
#1979=CARTESIAN_POINT('Ctrl Pts',(-5.11841665258704,-6.69824598230591,9.83671576772163));
#1980=CARTESIAN_POINT('Ctrl Pts',(-5.47504887187881,-6.68831741937942,9.83804040229067));
#1981=CARTESIAN_POINT('Ctrl Pts',(-6.29039346889779,-6.39429100193476,9.84098903532776));
#1982=CARTESIAN_POINT('Ctrl Pts',(-6.68500789858812,-5.5939262781124,9.83848194635109));
#1983=CARTESIAN_POINT('Ctrl Pts',(-6.69824598346645,-5.11841665342926,9.83671576698228));
#1984=CARTESIAN_POINT('Ctrl Pts',(-5.10922032111746,-6.49838363672012,10.));
#1985=CARTESIAN_POINT('Ctrl Pts',(-5.42424761761624,-6.48388818270111,10.));
#1986=CARTESIAN_POINT('Ctrl Pts',(-6.12960329190858,-6.21829716711251,10.));
#1987=CARTESIAN_POINT('Ctrl Pts',(-6.47905636798148,-5.52925671663212,10.));
#1988=CARTESIAN_POINT('Ctrl Pts',(-6.49838364152385,-5.10922032140322,10.));
#1989=CARTESIAN_POINT('',(-5.13680931552621,-7.09797067347747,9.5101473031649));
#1990=CARTESIAN_POINT('',(-5.10922032111746,-6.49838363672012,10.));
#1991=CARTESIAN_POINT('',(-5.13680931552621,-7.09797067347747,9.5101473031649));
#1992=CARTESIAN_POINT('',(-6.49838364152385,-5.10922032140323,10.));
#1993=CARTESIAN_POINT('Ctrl Pts',(-5.10922032111746,-6.49838363672012,10.));
#1994=CARTESIAN_POINT('Ctrl Pts',(-5.42424761761624,-6.48388818270111,10.));
#1995=CARTESIAN_POINT('Ctrl Pts',(-6.12960329190858,-6.21829716711251,10.));
#1996=CARTESIAN_POINT('Ctrl Pts',(-6.47905636798148,-5.52925671663212,10.));
#1997=CARTESIAN_POINT('Ctrl Pts',(-6.49838364152385,-5.10922032140322,10.));
#1998=CARTESIAN_POINT('',(-7.09797066735165,-5.13680931748134,9.51014730094683));
#1999=CARTESIAN_POINT('',(-6.49838364152385,-5.10922032140323,10.));
#2000=CARTESIAN_POINT('Ctrl Pts',(-7.09797066735165,-5.13680931748134,9.51014730094683));
#2001=CARTESIAN_POINT('Ctrl Pts',(-7.09691095980141,-5.72326540107294,9.51544583905327));
#2002=CARTESIAN_POINT('Ctrl Pts',(-6.61197382287623,-6.74627867157926,9.52296710598327));
#2003=CARTESIAN_POINT('Ctrl Pts',(-5.57665138040397,-7.09717589273604,9.51412120687202));
#2004=CARTESIAN_POINT('Ctrl Pts',(-5.13680931552621,-7.09797067347747,9.5101473031649));
#2005=CARTESIAN_POINT('Origin',(0.,-6.79902896429807,9.75485486878047));
#2006=CARTESIAN_POINT('',(5.03883876764736,-7.09805818659826,9.50970973756095));
#2007=CARTESIAN_POINT('',(5.03883876764736,-6.49999974199788,10.));
#2008=CARTESIAN_POINT('',(5.03883876764736,-7.09805818659826,9.50970973756095));
#2009=CARTESIAN_POINT('',(-5.03883876764736,-6.49999974199788,10.));
#2010=CARTESIAN_POINT('',(0.,-6.49999974199788,10.));
#2011=CARTESIAN_POINT('',(-5.03883876764736,-7.09805818659826,9.50970973756095));
#2012=CARTESIAN_POINT('',(-5.03883876764736,-6.49999974199788,10.));
#2013=CARTESIAN_POINT('',(0.,-7.09805818659826,9.50970973756095));
#2014=CARTESIAN_POINT('Ctrl Pts',(-5.10922032111746,-6.49838363672012,10.));
#2015=CARTESIAN_POINT('Ctrl Pts',(-5.085817234342,-6.49946049060557,10.));
#2016=CARTESIAN_POINT('Ctrl Pts',(-5.06234852302935,-6.50000013174865,10.));
#2017=CARTESIAN_POINT('Ctrl Pts',(-5.03883877189988,-6.50000013158149,10.));
#2018=CARTESIAN_POINT('Ctrl Pts',(-5.11841665258704,-6.69824598230591,9.83671576772163));
#2019=CARTESIAN_POINT('Ctrl Pts',(-5.09192277453974,-6.69898356607184,9.83661736184345));
#2020=CARTESIAN_POINT('Ctrl Pts',(-5.06539860666863,-6.69935282169617,9.83656988753207));
#2021=CARTESIAN_POINT('Ctrl Pts',(-5.03883877048237,-6.69935282158175,9.83656988754696));
#2022=CARTESIAN_POINT('Ctrl Pts',(-5.12761298405663,-6.89810832789169,9.67343153544327));
#2023=CARTESIAN_POINT('Ctrl Pts',(-5.09802831473748,-6.89850664153811,9.67323472368689));
#2024=CARTESIAN_POINT('Ctrl Pts',(-5.06844869030791,-6.89870551164369,9.67313977506415));
#2025=CARTESIAN_POINT('Ctrl Pts',(-5.03883876906487,-6.89870551158201,9.67313977509392));
#2026=CARTESIAN_POINT('Ctrl Pts',(-5.13680931552621,-7.09797067347747,9.5101473031649));
#2027=CARTESIAN_POINT('Ctrl Pts',(-5.10413385493523,-7.09802971700438,9.50985208553034));
#2028=CARTESIAN_POINT('Ctrl Pts',(-5.07149877394719,-7.09805820159121,9.50970966259622));
#2029=CARTESIAN_POINT('Ctrl Pts',(-5.03883876764736,-7.09805820158227,9.50970966264088));
#2030=CARTESIAN_POINT('Ctrl Pts',(-5.03883877189988,-6.50000013158149,10.));
#2031=CARTESIAN_POINT('Ctrl Pts',(-5.06234852302935,-6.50000013174865,10.));
#2032=CARTESIAN_POINT('Ctrl Pts',(-5.085817234342,-6.49946049060557,10.));
#2033=CARTESIAN_POINT('Ctrl Pts',(-5.10922032111746,-6.49838363672012,10.));
#2034=CARTESIAN_POINT('Ctrl Pts',(-5.13680931552621,-7.09797067347747,9.5101473031649));
#2035=CARTESIAN_POINT('Ctrl Pts',(-5.10413385493523,-7.09802971700438,9.50985208553034));
#2036=CARTESIAN_POINT('Ctrl Pts',(-5.07149877394719,-7.09805820159121,9.50970966259622));
#2037=CARTESIAN_POINT('Ctrl Pts',(-5.03883876764736,-7.09805820158227,9.50970966264088));
#2038=CARTESIAN_POINT('Ctrl Pts',(7.09797066735165,-5.13680931748134,9.51014730094683));
#2039=CARTESIAN_POINT('Ctrl Pts',(7.09717588668897,-5.57665138017504,9.51412120452666));
#2040=CARTESIAN_POINT('Ctrl Pts',(6.74627867289655,-6.61197382011165,9.52296710559102));
#2041=CARTESIAN_POINT('Ctrl Pts',(5.72326540202989,-7.09691096582223,9.51544584144106));
#2042=CARTESIAN_POINT('Ctrl Pts',(5.13680931552621,-7.09797067347747,9.5101473031649));
#2043=CARTESIAN_POINT('Ctrl Pts',(6.89810832540905,-5.1276129854553,9.67343153396455));
#2044=CARTESIAN_POINT('Ctrl Pts',(6.89274665324834,-5.52585012605833,9.67608080301777));
#2045=CARTESIAN_POINT('Ctrl Pts',(6.57028483800982,-6.45118364377664,9.68197807039401));
#2046=CARTESIAN_POINT('Ctrl Pts',(5.65859584016965,-6.89095943211308,9.67696389429404));
#2047=CARTESIAN_POINT('Ctrl Pts',(5.12761298405663,-6.89810832789169,9.67343153544327));
#2048=CARTESIAN_POINT('Ctrl Pts',(6.69824598346645,-5.11841665342926,9.83671576698228));
#2049=CARTESIAN_POINT('Ctrl Pts',(6.6883174198077,-5.47504887194161,9.83804040150889));
#2050=CARTESIAN_POINT('Ctrl Pts',(6.39429100312308,-6.29039346744164,9.84098903519701));
#2051=CARTESIAN_POINT('Ctrl Pts',(5.59392627830941,-6.68500789840393,9.83848194714702));
#2052=CARTESIAN_POINT('Ctrl Pts',(5.11841665258704,-6.69824598230591,9.83671576772163));
#2053=CARTESIAN_POINT('Ctrl Pts',(6.49838364152385,-5.10922032140322,10.));
#2054=CARTESIAN_POINT('Ctrl Pts',(6.48388818636707,-5.4242476178249,10.));
#2055=CARTESIAN_POINT('Ctrl Pts',(6.21829716823634,-6.12960329110664,10.));
#2056=CARTESIAN_POINT('Ctrl Pts',(5.52925671644917,-6.47905636469478,10.));
#2057=CARTESIAN_POINT('Ctrl Pts',(5.10922032111746,-6.49838363672012,10.));
#2058=CARTESIAN_POINT('',(7.09797066735165,-5.13680931748134,9.51014730094682));
#2059=CARTESIAN_POINT('',(6.49838364152385,-5.10922032140322,10.));
#2060=CARTESIAN_POINT('',(7.09797066735165,-5.13680931748134,9.51014730094682));
#2061=CARTESIAN_POINT('',(5.10922032111746,-6.49838363672012,10.));
#2062=CARTESIAN_POINT('Ctrl Pts',(6.49838364152385,-5.10922032140322,10.));
#2063=CARTESIAN_POINT('Ctrl Pts',(6.48388818636707,-5.4242476178249,10.));
#2064=CARTESIAN_POINT('Ctrl Pts',(6.21829716823634,-6.12960329110664,10.));
#2065=CARTESIAN_POINT('Ctrl Pts',(5.52925671644917,-6.47905636469478,10.));
#2066=CARTESIAN_POINT('Ctrl Pts',(5.10922032111746,-6.49838363672012,10.));
#2067=CARTESIAN_POINT('',(5.13680931552621,-7.09797067347747,9.5101473031649));
#2068=CARTESIAN_POINT('',(5.10922032111746,-6.49838363672012,10.));
#2069=CARTESIAN_POINT('Ctrl Pts',(5.13680931552621,-7.09797067347747,9.5101473031649));
#2070=CARTESIAN_POINT('Ctrl Pts',(5.72326540202989,-7.09691096582223,9.51544584144106));
#2071=CARTESIAN_POINT('Ctrl Pts',(6.74627867289655,-6.61197382011165,9.52296710559102));
#2072=CARTESIAN_POINT('Ctrl Pts',(7.09717588668897,-5.57665138017504,9.51412120452666));
#2073=CARTESIAN_POINT('Ctrl Pts',(7.09797066735165,-5.13680931748134,9.51014730094683));
#2074=CARTESIAN_POINT('Ctrl Pts',(5.03883877189988,-6.50000013158149,10.));
#2075=CARTESIAN_POINT('Ctrl Pts',(5.06234852302935,-6.50000013174865,10.));
#2076=CARTESIAN_POINT('Ctrl Pts',(5.085817234342,-6.49946049060557,10.));
#2077=CARTESIAN_POINT('Ctrl Pts',(5.10922032111746,-6.49838363672012,10.));
#2078=CARTESIAN_POINT('Ctrl Pts',(5.03883877048237,-6.69935282158175,9.83656988754696));
#2079=CARTESIAN_POINT('Ctrl Pts',(5.06539860666863,-6.69935282169617,9.83656988753207));
#2080=CARTESIAN_POINT('Ctrl Pts',(5.09192277453974,-6.69898356607184,9.83661736184345));
#2081=CARTESIAN_POINT('Ctrl Pts',(5.11841665258704,-6.69824598230591,9.83671576772163));
#2082=CARTESIAN_POINT('Ctrl Pts',(5.03883876906486,-6.89870551158201,9.67313977509392));
#2083=CARTESIAN_POINT('Ctrl Pts',(5.06844869030791,-6.89870551164369,9.67313977506415));
#2084=CARTESIAN_POINT('Ctrl Pts',(5.09802831473748,-6.89850664153811,9.67323472368689));
#2085=CARTESIAN_POINT('Ctrl Pts',(5.12761298405663,-6.89810832789169,9.67343153544327));
#2086=CARTESIAN_POINT('Ctrl Pts',(5.03883876764736,-7.09805820158228,9.50970966264088));
#2087=CARTESIAN_POINT('Ctrl Pts',(5.07149877394719,-7.09805820159121,9.50970966259622));
#2088=CARTESIAN_POINT('Ctrl Pts',(5.10413385493523,-7.09802971700438,9.50985208553034));
#2089=CARTESIAN_POINT('Ctrl Pts',(5.13680931552621,-7.09797067347747,9.5101473031649));
#2090=CARTESIAN_POINT('Ctrl Pts',(5.10922032111746,-6.49838363672012,10.));
#2091=CARTESIAN_POINT('Ctrl Pts',(5.085817234342,-6.49946049060557,10.));
#2092=CARTESIAN_POINT('Ctrl Pts',(5.06234852302935,-6.50000013174865,10.));
#2093=CARTESIAN_POINT('Ctrl Pts',(5.03883877189988,-6.50000013158149,10.));
#2094=CARTESIAN_POINT('Ctrl Pts',(5.03883876764736,-7.09805820158228,9.50970966264088));
#2095=CARTESIAN_POINT('Ctrl Pts',(5.07149877394719,-7.09805820159121,9.50970966259622));
#2096=CARTESIAN_POINT('Ctrl Pts',(5.10413385493523,-7.09802971700438,9.50985208553034));
#2097=CARTESIAN_POINT('Ctrl Pts',(5.13680931552621,-7.09797067347747,9.5101473031649));
#2098=CARTESIAN_POINT('Origin',(6.79902916473379,-4.5,9.75485483044503));
#2099=CARTESIAN_POINT('',(7.09805819535713,5.03883877767068,9.50970966089006));
#2100=CARTESIAN_POINT('',(6.50000013411045,5.03883877767068,10.));
#2101=CARTESIAN_POINT('',(7.09805819535713,5.03883877767068,9.50970966089006));
#2102=CARTESIAN_POINT('',(6.50000013411045,-5.03883877767068,10.));
#2103=CARTESIAN_POINT('',(6.50000013411045,-4.5,10.));
#2104=CARTESIAN_POINT('',(7.09805819535713,-5.03883877767068,9.50970966089006));
#2105=CARTESIAN_POINT('',(6.50000013411045,-5.03883877767068,10.));
#2106=CARTESIAN_POINT('',(7.09805819535713,-4.5,9.50970966089006));
#2107=CARTESIAN_POINT('Ctrl Pts',(6.49838364152385,-5.10922032140322,10.));
#2108=CARTESIAN_POINT('Ctrl Pts',(6.49946049541067,-5.08581723644073,10.));
#2109=CARTESIAN_POINT('Ctrl Pts',(6.50000013663834,-5.06234852694925,10.));
#2110=CARTESIAN_POINT('Ctrl Pts',(6.50000013663941,-5.03883877764343,10.));
#2111=CARTESIAN_POINT('Ctrl Pts',(6.69824598346645,-5.11841665342926,9.83671576698228));
#2112=CARTESIAN_POINT('Ctrl Pts',(6.69898356722983,-5.09192277748578,9.83661736111484));
#2113=CARTESIAN_POINT('Ctrl Pts',(6.69935282291034,-5.06539861172362,9.83656988680134));
#2114=CARTESIAN_POINT('Ctrl Pts',(6.69935282291107,-5.03883877765251,9.83656988680124));
#2115=CARTESIAN_POINT('Ctrl Pts',(6.89810832540905,-5.1276129854553,9.67343153396455));
#2116=CARTESIAN_POINT('Ctrl Pts',(6.89850663904899,-5.09802831853082,9.67323472222968));
#2117=CARTESIAN_POINT('Ctrl Pts',(6.89870550918234,-5.06844869649798,9.67313977360267));
#2118=CARTESIAN_POINT('Ctrl Pts',(6.89870550918274,-5.0388387776616,9.67313977360248));
#2119=CARTESIAN_POINT('Ctrl Pts',(7.09797066735165,-5.13680931748134,9.51014730094683));
#2120=CARTESIAN_POINT('Ctrl Pts',(7.09802971086815,-5.10413385957587,9.50985208334452));
#2121=CARTESIAN_POINT('Ctrl Pts',(7.09805819545434,-5.07149878127234,9.509709660404));
#2122=CARTESIAN_POINT('Ctrl Pts',(7.0980581954544,-5.03883877767068,9.50970966040372));
#2123=CARTESIAN_POINT('Ctrl Pts',(6.50000013663941,-5.03883877764343,10.));
#2124=CARTESIAN_POINT('Ctrl Pts',(6.50000013663834,-5.06234852694925,10.));
#2125=CARTESIAN_POINT('Ctrl Pts',(6.49946049541067,-5.08581723644073,10.));
#2126=CARTESIAN_POINT('Ctrl Pts',(6.49838364152385,-5.10922032140322,10.));
#2127=CARTESIAN_POINT('Ctrl Pts',(7.09797066735165,-5.13680931748134,9.51014730094683));
#2128=CARTESIAN_POINT('Ctrl Pts',(7.09802971086815,-5.10413385957587,9.50985208334452));
#2129=CARTESIAN_POINT('Ctrl Pts',(7.09805819545434,-5.07149878127234,9.509709660404));
#2130=CARTESIAN_POINT('Ctrl Pts',(7.0980581954544,-5.03883877767068,9.50970966040372));
#2131=CARTESIAN_POINT('Ctrl Pts',(5.13680931552621,7.09797067347747,9.5101473031649));
#2132=CARTESIAN_POINT('Ctrl Pts',(5.57665138040396,7.09717589273604,9.51412120687202));
#2133=CARTESIAN_POINT('Ctrl Pts',(6.61197382287623,6.74627867157926,9.52296710598327));
#2134=CARTESIAN_POINT('Ctrl Pts',(7.09691095980141,5.72326540107294,9.51544583905327));
#2135=CARTESIAN_POINT('Ctrl Pts',(7.09797066735165,5.13680931748133,9.51014730094683));
#2136=CARTESIAN_POINT('Ctrl Pts',(5.12761298405662,6.89810832789169,9.67343153544327));
#2137=CARTESIAN_POINT('Ctrl Pts',(5.52585012614139,6.89274665605773,9.67608080458135));
#2138=CARTESIAN_POINT('Ctrl Pts',(6.45118364588701,6.57028483675701,9.68197807065552));
#2139=CARTESIAN_POINT('Ctrl Pts',(6.89095942919477,5.65859583959267,9.67696389270218));
#2140=CARTESIAN_POINT('Ctrl Pts',(6.89810832540905,5.1276129854553,9.67343153396455));
#2141=CARTESIAN_POINT('Ctrl Pts',(5.11841665258704,6.69824598230591,9.83671576772163));
#2142=CARTESIAN_POINT('Ctrl Pts',(5.47504887187881,6.68831741937942,9.83804040229067));
#2143=CARTESIAN_POINT('Ctrl Pts',(6.29039346889779,6.39429100193476,9.84098903532776));
#2144=CARTESIAN_POINT('Ctrl Pts',(6.68500789858812,5.59392627811239,9.83848194635109));
#2145=CARTESIAN_POINT('Ctrl Pts',(6.69824598346645,5.11841665342926,9.83671576698228));
#2146=CARTESIAN_POINT('Ctrl Pts',(5.10922032111746,6.49838363672012,10.));
#2147=CARTESIAN_POINT('Ctrl Pts',(5.42424761761624,6.48388818270111,10.));
#2148=CARTESIAN_POINT('Ctrl Pts',(6.12960329190858,6.21829716711251,10.));
#2149=CARTESIAN_POINT('Ctrl Pts',(6.47905636798148,5.52925671663212,10.));
#2150=CARTESIAN_POINT('Ctrl Pts',(6.49838364152385,5.10922032140322,10.));
#2151=CARTESIAN_POINT('',(5.13680931552621,7.09797067347747,9.5101473031649));
#2152=CARTESIAN_POINT('',(5.10922032111746,6.49838363672012,10.));
#2153=CARTESIAN_POINT('',(5.13680931552621,7.09797067347747,9.5101473031649));
#2154=CARTESIAN_POINT('',(6.49838364152385,5.10922032140322,10.));
#2155=CARTESIAN_POINT('Ctrl Pts',(5.10922032111746,6.49838363672012,10.));
#2156=CARTESIAN_POINT('Ctrl Pts',(5.42424761761624,6.48388818270111,10.));
#2157=CARTESIAN_POINT('Ctrl Pts',(6.12960329190858,6.21829716711251,10.));
#2158=CARTESIAN_POINT('Ctrl Pts',(6.47905636798148,5.52925671663212,10.));
#2159=CARTESIAN_POINT('Ctrl Pts',(6.49838364152385,5.10922032140322,10.));
#2160=CARTESIAN_POINT('',(7.09797066735165,5.13680931748134,9.51014730094683));
#2161=CARTESIAN_POINT('',(6.49838364152385,5.10922032140322,10.));
#2162=CARTESIAN_POINT('Ctrl Pts',(7.09797066735165,5.13680931748133,9.51014730094683));
#2163=CARTESIAN_POINT('Ctrl Pts',(7.09691095980141,5.72326540107294,9.51544583905327));
#2164=CARTESIAN_POINT('Ctrl Pts',(6.61197382287623,6.74627867157926,9.52296710598327));
#2165=CARTESIAN_POINT('Ctrl Pts',(5.57665138040396,7.09717589273604,9.51412120687202));
#2166=CARTESIAN_POINT('Ctrl Pts',(5.13680931552621,7.09797067347747,9.5101473031649));
#2167=CARTESIAN_POINT('Ctrl Pts',(6.50000013663941,5.03883877764344,10.));
#2168=CARTESIAN_POINT('Ctrl Pts',(6.50000013663834,5.06234852694926,10.));
#2169=CARTESIAN_POINT('Ctrl Pts',(6.49946049541067,5.08581723644073,10.));
#2170=CARTESIAN_POINT('Ctrl Pts',(6.49838364152385,5.10922032140323,10.));
#2171=CARTESIAN_POINT('Ctrl Pts',(6.69935282291108,5.03883877765252,9.83656988680124));
#2172=CARTESIAN_POINT('Ctrl Pts',(6.69935282291034,5.06539861172362,9.83656988680134));
#2173=CARTESIAN_POINT('Ctrl Pts',(6.69898356722983,5.09192277748578,9.83661736111484));
#2174=CARTESIAN_POINT('Ctrl Pts',(6.69824598346645,5.11841665342926,9.83671576698228));
#2175=CARTESIAN_POINT('Ctrl Pts',(6.89870550918274,5.0388387776616,9.67313977360248));
#2176=CARTESIAN_POINT('Ctrl Pts',(6.89870550918234,5.06844869649798,9.67313977360267));
#2177=CARTESIAN_POINT('Ctrl Pts',(6.89850663904899,5.09802831853083,9.67323472222968));
#2178=CARTESIAN_POINT('Ctrl Pts',(6.89810832540905,5.1276129854553,9.67343153396455));
#2179=CARTESIAN_POINT('Ctrl Pts',(7.0980581954544,5.03883877767069,9.50970966040372));
#2180=CARTESIAN_POINT('Ctrl Pts',(7.09805819545434,5.07149878127234,9.50970966040401));
#2181=CARTESIAN_POINT('Ctrl Pts',(7.09802971086815,5.10413385957587,9.50985208334452));
#2182=CARTESIAN_POINT('Ctrl Pts',(7.09797066735165,5.13680931748134,9.51014730094683));
#2183=CARTESIAN_POINT('Ctrl Pts',(6.49838364152385,5.10922032140323,10.));
#2184=CARTESIAN_POINT('Ctrl Pts',(6.49946049541067,5.08581723644073,10.));
#2185=CARTESIAN_POINT('Ctrl Pts',(6.50000013663834,5.06234852694926,10.));
#2186=CARTESIAN_POINT('Ctrl Pts',(6.50000013663941,5.03883877764344,10.));
#2187=CARTESIAN_POINT('Ctrl Pts',(7.0980581954544,5.03883877767069,9.50970966040372));
#2188=CARTESIAN_POINT('Ctrl Pts',(7.09805819545434,5.07149878127234,9.50970966040401));
#2189=CARTESIAN_POINT('Ctrl Pts',(7.09802971086815,5.10413385957587,9.50985208334452));
#2190=CARTESIAN_POINT('Ctrl Pts',(7.09797066735165,5.13680931748134,9.51014730094683));
#2191=CARTESIAN_POINT('Origin',(0.,6.799029167895,9.75485483107727));
#2192=CARTESIAN_POINT('',(-5.03883878272861,7.09805820167954,9.50970966215454));
#2193=CARTESIAN_POINT('',(-5.03883878272861,6.50000013411045,10.));
#2194=CARTESIAN_POINT('',(-5.03883878272861,7.09805820167954,9.50970966215454));
#2195=CARTESIAN_POINT('',(5.03883878272861,6.50000013411045,10.));
#2196=CARTESIAN_POINT('',(0.,6.50000013411045,10.));
#2197=CARTESIAN_POINT('',(5.03883878272861,7.09805820167954,9.50970966215454));
#2198=CARTESIAN_POINT('',(5.03883878272861,6.50000013411045,10.));
#2199=CARTESIAN_POINT('',(0.,7.09805820167954,9.50970966215454));
#2200=CARTESIAN_POINT('Ctrl Pts',(5.10922032111746,6.49838363672012,10.));
#2201=CARTESIAN_POINT('Ctrl Pts',(5.08581723794424,6.49946049043982,10.));
#2202=CARTESIAN_POINT('Ctrl Pts',(5.06234853025405,6.50000013158256,10.));
#2203=CARTESIAN_POINT('Ctrl Pts',(5.03883878275586,6.50000013158149,10.));
#2204=CARTESIAN_POINT('Ctrl Pts',(5.11841665258704,6.6982459823059,9.83671576772163));
#2205=CARTESIAN_POINT('Ctrl Pts',(5.09192277861772,6.69898356595831,9.83661736185859));
#2206=CARTESIAN_POINT('Ctrl Pts',(5.06539861483393,6.69935282158248,9.83656988754687));
#2207=CARTESIAN_POINT('Ctrl Pts',(5.03883878274678,6.69935282158175,9.83656988754696));
#2208=CARTESIAN_POINT('Ctrl Pts',(5.12761298405663,6.89810832789169,9.67343153544327));
#2209=CARTESIAN_POINT('Ctrl Pts',(5.0980283192912,6.8985066414768,9.67323472371719));
#2210=CARTESIAN_POINT('Ctrl Pts',(5.06844869941382,6.89870551158241,9.67313977509373));
#2211=CARTESIAN_POINT('Ctrl Pts',(5.03883878273769,6.89870551158201,9.67313977509392));
#2212=CARTESIAN_POINT('Ctrl Pts',(5.13680931552621,7.09797067347747,9.5101473031649));
#2213=CARTESIAN_POINT('Ctrl Pts',(5.10413385996469,7.0980297169953,9.50985208557578));
#2214=CARTESIAN_POINT('Ctrl Pts',(5.07149878399371,7.09805820158233,9.50970966264059));
#2215=CARTESIAN_POINT('Ctrl Pts',(5.03883878272861,7.09805820158227,9.50970966264088));
#2216=CARTESIAN_POINT('Ctrl Pts',(5.03883878275586,6.50000013158149,10.));
#2217=CARTESIAN_POINT('Ctrl Pts',(5.06234853025405,6.50000013158256,10.));
#2218=CARTESIAN_POINT('Ctrl Pts',(5.08581723794424,6.49946049043982,10.));
#2219=CARTESIAN_POINT('Ctrl Pts',(5.10922032111746,6.49838363672012,10.));
#2220=CARTESIAN_POINT('Ctrl Pts',(5.13680931552621,7.09797067347747,9.5101473031649));
#2221=CARTESIAN_POINT('Ctrl Pts',(5.10413385996469,7.0980297169953,9.50985208557578));
#2222=CARTESIAN_POINT('Ctrl Pts',(5.07149878399371,7.09805820158233,9.50970966264059));
#2223=CARTESIAN_POINT('Ctrl Pts',(5.03883878272861,7.09805820158227,9.50970966264088));
#2224=CARTESIAN_POINT('Ctrl Pts',(-7.09797066735165,5.13680931748134,9.51014730094683));
#2225=CARTESIAN_POINT('Ctrl Pts',(-7.09717588668897,5.57665138017504,9.51412120452666));
#2226=CARTESIAN_POINT('Ctrl Pts',(-6.74627867289654,6.61197382011165,9.52296710559102));
#2227=CARTESIAN_POINT('Ctrl Pts',(-5.72326540202988,7.09691096582223,9.51544584144106));
#2228=CARTESIAN_POINT('Ctrl Pts',(-5.13680931552621,7.09797067347747,9.5101473031649));
#2229=CARTESIAN_POINT('Ctrl Pts',(-6.89810832540905,5.1276129854553,9.67343153396455));
#2230=CARTESIAN_POINT('Ctrl Pts',(-6.89274665324834,5.52585012605832,9.67608080301778));
#2231=CARTESIAN_POINT('Ctrl Pts',(-6.57028483800981,6.45118364377664,9.68197807039401));
#2232=CARTESIAN_POINT('Ctrl Pts',(-5.65859584016965,6.89095943211308,9.67696389429404));
#2233=CARTESIAN_POINT('Ctrl Pts',(-5.12761298405663,6.89810832789169,9.67343153544327));
#2234=CARTESIAN_POINT('Ctrl Pts',(-6.69824598346645,5.11841665342926,9.83671576698228));
#2235=CARTESIAN_POINT('Ctrl Pts',(-6.6883174198077,5.47504887194161,9.83804040150889));
#2236=CARTESIAN_POINT('Ctrl Pts',(-6.39429100312308,6.29039346744164,9.840989035197));
#2237=CARTESIAN_POINT('Ctrl Pts',(-5.59392627830941,6.68500789840393,9.83848194714702));
#2238=CARTESIAN_POINT('Ctrl Pts',(-5.11841665258704,6.69824598230591,9.83671576772163));
#2239=CARTESIAN_POINT('Ctrl Pts',(-6.49838364152385,5.10922032140322,10.));
#2240=CARTESIAN_POINT('Ctrl Pts',(-6.48388818636707,5.4242476178249,10.));
#2241=CARTESIAN_POINT('Ctrl Pts',(-6.21829716823634,6.12960329110664,10.));
#2242=CARTESIAN_POINT('Ctrl Pts',(-5.52925671644917,6.47905636469478,10.));
#2243=CARTESIAN_POINT('Ctrl Pts',(-5.10922032111746,6.49838363672012,10.));
#2244=CARTESIAN_POINT('',(-7.09797066735165,5.13680931748133,9.51014730094683));
#2245=CARTESIAN_POINT('',(-6.49838364152385,5.10922032140323,10.));
#2246=CARTESIAN_POINT('',(-7.09797066735165,5.13680931748133,9.51014730094683));
#2247=CARTESIAN_POINT('',(-5.10922032111746,6.49838363672012,10.));
#2248=CARTESIAN_POINT('Ctrl Pts',(-6.49838364152385,5.10922032140322,10.));
#2249=CARTESIAN_POINT('Ctrl Pts',(-6.48388818636707,5.4242476178249,10.));
#2250=CARTESIAN_POINT('Ctrl Pts',(-6.21829716823634,6.12960329110664,10.));
#2251=CARTESIAN_POINT('Ctrl Pts',(-5.52925671644917,6.47905636469478,10.));
#2252=CARTESIAN_POINT('Ctrl Pts',(-5.10922032111746,6.49838363672012,10.));
#2253=CARTESIAN_POINT('',(-5.13680931552621,7.09797067347747,9.5101473031649));
#2254=CARTESIAN_POINT('',(-5.10922032111746,6.49838363672012,10.));
#2255=CARTESIAN_POINT('Ctrl Pts',(-5.13680931552621,7.09797067347747,9.5101473031649));
#2256=CARTESIAN_POINT('Ctrl Pts',(-5.72326540202988,7.09691096582223,9.51544584144106));
#2257=CARTESIAN_POINT('Ctrl Pts',(-6.74627867289654,6.61197382011165,9.52296710559102));
#2258=CARTESIAN_POINT('Ctrl Pts',(-7.09717588668897,5.57665138017504,9.51412120452666));
#2259=CARTESIAN_POINT('Ctrl Pts',(-7.09797066735165,5.13680931748134,9.51014730094683));
#2260=CARTESIAN_POINT('Ctrl Pts',(-5.03883878275586,6.50000013158149,10.));
#2261=CARTESIAN_POINT('Ctrl Pts',(-5.06234853025405,6.50000013158256,10.));
#2262=CARTESIAN_POINT('Ctrl Pts',(-5.08581723794424,6.49946049043982,10.));
#2263=CARTESIAN_POINT('Ctrl Pts',(-5.10922032111746,6.49838363672012,10.));
#2264=CARTESIAN_POINT('Ctrl Pts',(-5.03883878274678,6.69935282158175,9.83656988754696));
#2265=CARTESIAN_POINT('Ctrl Pts',(-5.06539861483394,6.69935282158248,9.83656988754687));
#2266=CARTESIAN_POINT('Ctrl Pts',(-5.09192277861773,6.69898356595831,9.83661736185859));
#2267=CARTESIAN_POINT('Ctrl Pts',(-5.11841665258704,6.6982459823059,9.83671576772163));
#2268=CARTESIAN_POINT('Ctrl Pts',(-5.03883878273769,6.89870551158201,9.67313977509392));
#2269=CARTESIAN_POINT('Ctrl Pts',(-5.06844869941382,6.89870551158241,9.67313977509373));
#2270=CARTESIAN_POINT('Ctrl Pts',(-5.09802831929121,6.8985066414768,9.67323472371719));
#2271=CARTESIAN_POINT('Ctrl Pts',(-5.12761298405663,6.89810832789169,9.67343153544327));
#2272=CARTESIAN_POINT('Ctrl Pts',(-5.03883878272861,7.09805820158227,9.50970966264088));
#2273=CARTESIAN_POINT('Ctrl Pts',(-5.07149878399371,7.09805820158233,9.50970966264059));
#2274=CARTESIAN_POINT('Ctrl Pts',(-5.10413385996469,7.0980297169953,9.50985208557578));
#2275=CARTESIAN_POINT('Ctrl Pts',(-5.13680931552621,7.09797067347747,9.5101473031649));
#2276=CARTESIAN_POINT('Ctrl Pts',(-5.10922032111746,6.49838363672012,10.));
#2277=CARTESIAN_POINT('Ctrl Pts',(-5.08581723794424,6.49946049043982,10.));
#2278=CARTESIAN_POINT('Ctrl Pts',(-5.06234853025405,6.50000013158256,10.));
#2279=CARTESIAN_POINT('Ctrl Pts',(-5.03883878275586,6.50000013158149,10.));
#2280=CARTESIAN_POINT('Ctrl Pts',(-5.03883878272861,7.09805820158227,9.50970966264088));
#2281=CARTESIAN_POINT('Ctrl Pts',(-5.07149878399371,7.09805820158233,9.50970966264059));
#2282=CARTESIAN_POINT('Ctrl Pts',(-5.10413385996469,7.0980297169953,9.50985208557578));
#2283=CARTESIAN_POINT('Ctrl Pts',(-5.13680931552621,7.09797067347747,9.5101473031649));
#2284=CARTESIAN_POINT('Origin',(-6.79902916473379,-4.5,9.75485483044503));
#2285=CARTESIAN_POINT('',(-7.09805819535713,-5.03883877767068,9.50970966089006));
#2286=CARTESIAN_POINT('',(-6.50000013411045,-5.03883877767068,10.));
#2287=CARTESIAN_POINT('',(-7.09805819535713,-5.03883877767068,9.50970966089006));
#2288=CARTESIAN_POINT('',(-6.50000013411045,5.03883877767068,10.));
#2289=CARTESIAN_POINT('',(-6.50000013411045,-4.5,10.));
#2290=CARTESIAN_POINT('',(-7.09805819535713,5.03883877767068,9.50970966089006));
#2291=CARTESIAN_POINT('',(-6.50000013411045,5.03883877767068,10.));
#2292=CARTESIAN_POINT('',(-7.09805819535713,-4.5,9.50970966089006));
#2293=CARTESIAN_POINT('Ctrl Pts',(-6.49838364152385,5.10922032140322,10.));
#2294=CARTESIAN_POINT('Ctrl Pts',(-6.49946049541067,5.08581723644073,10.));
#2295=CARTESIAN_POINT('Ctrl Pts',(-6.50000013663834,5.06234852694925,10.));
#2296=CARTESIAN_POINT('Ctrl Pts',(-6.50000013663941,5.03883877764343,10.));
#2297=CARTESIAN_POINT('Ctrl Pts',(-6.69824598346645,5.11841665342926,9.83671576698228));
#2298=CARTESIAN_POINT('Ctrl Pts',(-6.69898356722983,5.09192277748578,9.83661736111484));
#2299=CARTESIAN_POINT('Ctrl Pts',(-6.69935282291034,5.06539861172362,9.83656988680134));
#2300=CARTESIAN_POINT('Ctrl Pts',(-6.69935282291108,5.03883877765251,9.83656988680124));
#2301=CARTESIAN_POINT('Ctrl Pts',(-6.89810832540905,5.1276129854553,9.67343153396455));
#2302=CARTESIAN_POINT('Ctrl Pts',(-6.89850663904899,5.09802831853082,9.67323472222968));
#2303=CARTESIAN_POINT('Ctrl Pts',(-6.89870550918234,5.06844869649798,9.67313977360267));
#2304=CARTESIAN_POINT('Ctrl Pts',(-6.89870550918274,5.0388387776616,9.67313977360248));
#2305=CARTESIAN_POINT('Ctrl Pts',(-7.09797066735165,5.13680931748134,9.51014730094683));
#2306=CARTESIAN_POINT('Ctrl Pts',(-7.09802971086815,5.10413385957587,9.50985208334452));
#2307=CARTESIAN_POINT('Ctrl Pts',(-7.09805819545434,5.07149878127234,9.50970966040401));
#2308=CARTESIAN_POINT('Ctrl Pts',(-7.0980581954544,5.03883877767068,9.50970966040372));
#2309=CARTESIAN_POINT('Ctrl Pts',(-6.50000013663941,5.03883877764343,10.));
#2310=CARTESIAN_POINT('Ctrl Pts',(-6.50000013663834,5.06234852694925,10.));
#2311=CARTESIAN_POINT('Ctrl Pts',(-6.49946049541067,5.08581723644073,10.));
#2312=CARTESIAN_POINT('Ctrl Pts',(-6.49838364152385,5.10922032140322,10.));
#2313=CARTESIAN_POINT('Ctrl Pts',(-7.09797066735165,5.13680931748134,9.51014730094683));
#2314=CARTESIAN_POINT('Ctrl Pts',(-7.09802971086815,5.10413385957587,9.50985208334452));
#2315=CARTESIAN_POINT('Ctrl Pts',(-7.09805819545434,5.07149878127234,9.50970966040401));
#2316=CARTESIAN_POINT('Ctrl Pts',(-7.0980581954544,5.03883877767068,9.50970966040372));
#2317=CARTESIAN_POINT('Ctrl Pts',(-6.50000013663941,-5.03883877764343,10.));
#2318=CARTESIAN_POINT('Ctrl Pts',(-6.50000013663834,-5.06234852694925,10.));
#2319=CARTESIAN_POINT('Ctrl Pts',(-6.49946049541067,-5.08581723644073,10.));
#2320=CARTESIAN_POINT('Ctrl Pts',(-6.49838364152385,-5.10922032140322,10.));
#2321=CARTESIAN_POINT('Ctrl Pts',(-6.69935282291108,-5.03883877765251,9.83656988680124));
#2322=CARTESIAN_POINT('Ctrl Pts',(-6.69935282291034,-5.06539861172362,9.83656988680134));
#2323=CARTESIAN_POINT('Ctrl Pts',(-6.69898356722983,-5.09192277748578,9.83661736111484));
#2324=CARTESIAN_POINT('Ctrl Pts',(-6.69824598346645,-5.11841665342926,9.83671576698228));
#2325=CARTESIAN_POINT('Ctrl Pts',(-6.89870550918274,-5.0388387776616,9.67313977360248));
#2326=CARTESIAN_POINT('Ctrl Pts',(-6.89870550918234,-5.06844869649798,9.67313977360267));
#2327=CARTESIAN_POINT('Ctrl Pts',(-6.89850663904899,-5.09802831853082,9.67323472222968));
#2328=CARTESIAN_POINT('Ctrl Pts',(-6.89810832540905,-5.1276129854553,9.67343153396455));
#2329=CARTESIAN_POINT('Ctrl Pts',(-7.0980581954544,-5.03883877767068,9.50970966040372));
#2330=CARTESIAN_POINT('Ctrl Pts',(-7.09805819545434,-5.07149878127234,9.50970966040401));
#2331=CARTESIAN_POINT('Ctrl Pts',(-7.09802971086815,-5.10413385957587,9.50985208334452));
#2332=CARTESIAN_POINT('Ctrl Pts',(-7.09797066735165,-5.13680931748134,9.51014730094683));
#2333=CARTESIAN_POINT('Ctrl Pts',(-6.49838364152385,-5.10922032140322,10.));
#2334=CARTESIAN_POINT('Ctrl Pts',(-6.49946049541067,-5.08581723644073,10.));
#2335=CARTESIAN_POINT('Ctrl Pts',(-6.50000013663834,-5.06234852694925,10.));
#2336=CARTESIAN_POINT('Ctrl Pts',(-6.50000013663941,-5.03883877764343,10.));
#2337=CARTESIAN_POINT('Ctrl Pts',(-7.0980581954544,-5.03883877767068,9.50970966040372));
#2338=CARTESIAN_POINT('Ctrl Pts',(-7.09805819545434,-5.07149878127234,9.50970966040401));
#2339=CARTESIAN_POINT('Ctrl Pts',(-7.09802971086815,-5.10413385957587,9.50985208334452));
#2340=CARTESIAN_POINT('Ctrl Pts',(-7.09797066735165,-5.13680931748134,9.51014730094683));
#2341=CARTESIAN_POINT('Origin',(7.15252972766451,-7.15252986939854,-0.960687703626005));
#2342=CARTESIAN_POINT('',(7.03883864346007,-9.,0.));
#2343=CARTESIAN_POINT('',(7.15252972766451,-9.11369122078038,-0.568455433349637));
#2344=CARTESIAN_POINT('',(9.,-7.03883877767068,0.));
#2345=CARTESIAN_POINT('Origin',(6.96039219982313,-6.96039232867334,0.));
#2346=CARTESIAN_POINT('',(9.11369108410427,-7.15252986939854,-0.568455458639274));
#2347=CARTESIAN_POINT('Origin',(0.,-9.43142304720829,-2.15711456548918));
#2348=CARTESIAN_POINT('',(-7.03883864346007,-9.,0.));
#2349=CARTESIAN_POINT('',(-6.18956681510794,-8.15072824365211,4.24635945229168));
#2350=CARTESIAN_POINT('',(9.,-9.,0.));
#2351=CARTESIAN_POINT('Origin',(-6.18956681510794,-6.18956689227027,3.85412718201532));
#2352=CARTESIAN_POINT('',(-9.,-7.03883877767068,0.));
#2353=CARTESIAN_POINT('',(-8.15072817154771,-6.18956689227027,4.24635942700205));
#2354=CARTESIAN_POINT('Origin',(-6.96039219982313,-6.96039232867334,0.));
#2355=CARTESIAN_POINT('Origin',(-7.00000010430813,-9.,10.0000001490116));
#2356=CARTESIAN_POINT('',(-9.,7.03883877767068,0.));
#2357=CARTESIAN_POINT('',(-6.6467098109405,4.68554843081077,11.7664517342996));
#2358=CARTESIAN_POINT('',(-9.,-9.,0.));
#2359=CARTESIAN_POINT('Origin',(0.,0.,10.));
#2360=CARTESIAN_POINT('',(-2.84370259185398,-3.4854323702892,10.));
#2361=CARTESIAN_POINT('',(-5.5435675901212,-1.98523032259407,10.));
#2362=CARTESIAN_POINT('Ctrl Pts',(-2.84370259185398,-3.4854323702892,10.));
#2363=CARTESIAN_POINT('Ctrl Pts',(-2.88970939408411,-3.52703433413437,10.));
#2364=CARTESIAN_POINT('Ctrl Pts',(-2.98191676625172,-3.60916387259467,10.));
#2365=CARTESIAN_POINT('Ctrl Pts',(-3.12081078870822,-3.72913454086063,10.));
#2366=CARTESIAN_POINT('Ctrl Pts',(-3.30721695977446,-3.88214964777513,10.));
#2367=CARTESIAN_POINT('Ctrl Pts',(-3.54258089428638,-4.05883385387318,10.));
#2368=CARTESIAN_POINT('Ctrl Pts',(-3.78040532939935,-4.21699334055237,10.));
#2369=CARTESIAN_POINT('Ctrl Pts',(-4.02089680676593,-4.35237626293029,10.));
#2370=CARTESIAN_POINT('Ctrl Pts',(-4.2629630826616,-4.4615174170326,10.));
#2371=CARTESIAN_POINT('Ctrl Pts',(-4.50714817999204,-4.54173396485426,10.));
#2372=CARTESIAN_POINT('Ctrl Pts',(-4.75928303493716,-4.58982424914041,10.));
#2373=CARTESIAN_POINT('Ctrl Pts',(-5.01698950605471,-4.60172799349127,10.));
#2374=CARTESIAN_POINT('Ctrl Pts',(-5.27357114746756,-4.57413811200978,10.));
#2375=CARTESIAN_POINT('Ctrl Pts',(-5.4876045200272,-4.50023375934866,10.));
#2376=CARTESIAN_POINT('Ctrl Pts',(-5.64596670491824,-4.38268865147819,10.));
#2377=CARTESIAN_POINT('Ctrl Pts',(-5.77328153135847,-4.22597827715666,10.));
#2378=CARTESIAN_POINT('Ctrl Pts',(-5.88924474606792,-4.02647475379637,10.));
#2379=CARTESIAN_POINT('Ctrl Pts',(-5.97140464117188,-3.74765942507551,10.));
#2380=CARTESIAN_POINT('Ctrl Pts',(-5.94862744903919,-3.33683899046575,10.));
#2381=CARTESIAN_POINT('Ctrl Pts',(-5.83993538156832,-2.85068311593639,10.));
#2382=CARTESIAN_POINT('Ctrl Pts',(-5.69100895922939,-2.3839082111441,10.));
#2383=CARTESIAN_POINT('Ctrl Pts',(-5.59086339824811,-2.11252306100187,10.));
#2384=CARTESIAN_POINT('Ctrl Pts',(-5.5507031603075,-2.00647671974143,10.));
#2385=CARTESIAN_POINT('Ctrl Pts',(-5.54285076887165,-1.98436079550536,10.));
#2386=CARTESIAN_POINT('Ctrl Pts',(-5.54357088288752,-1.98522758702604,10.));
#2387=CARTESIAN_POINT('',(-2.85729203131526,-2.57637276409825,10.));
#2388=CARTESIAN_POINT('Ctrl Pts',(-5.5435675901212,-1.98523032259407,10.));
#2389=CARTESIAN_POINT('Ctrl Pts',(-5.45388008027309,-1.85107162493441,10.));
#2390=CARTESIAN_POINT('Ctrl Pts',(-5.28615710813276,-1.59516866395632,10.));
#2391=CARTESIAN_POINT('Ctrl Pts',(-5.06959953219428,-1.24866789088357,10.));
#2392=CARTESIAN_POINT('Ctrl Pts',(-4.84522467159261,-0.863098996758237,
10.));
#2393=CARTESIAN_POINT('Ctrl Pts',(-4.64079006477205,-0.519544390000058,
10.));
#2394=CARTESIAN_POINT('Ctrl Pts',(-4.4738831960096,-0.3288329654002,10.));
#2395=CARTESIAN_POINT('Ctrl Pts',(-4.30664203170638,-0.304668096039192,
10.));
#2396=CARTESIAN_POINT('Ctrl Pts',(-4.11053068247969,-0.452128241047424,
10.));
#2397=CARTESIAN_POINT('Ctrl Pts',(-3.87178513475028,-0.762438028014844,
10.));
#2398=CARTESIAN_POINT('Ctrl Pts',(-3.58507158910848,-1.22257069438994,10.));
#2399=CARTESIAN_POINT('Ctrl Pts',(-3.31715104191666,-1.70029153648145,10.));
#2400=CARTESIAN_POINT('Ctrl Pts',(-3.09524130056806,-2.11626746696827,10.));
#2401=CARTESIAN_POINT('Ctrl Pts',(-2.93813614386787,-2.41880132089387,10.));
#2402=CARTESIAN_POINT('Ctrl Pts',(-2.85729203131526,-2.57637276409825,10.));
#2403=CARTESIAN_POINT('',(-1.3620517716954,-0.469755953365416,10.));
#2404=CARTESIAN_POINT('',(-1.02303708647437,0.00787567163742967,10.));
#2405=CARTESIAN_POINT('',(-2.14370260750021,0.114567549244495,10.));
#2406=CARTESIAN_POINT('Ctrl Pts',(-1.3620517716954,-0.469755953365416,10.));
#2407=CARTESIAN_POINT('Ctrl Pts',(-1.38879727675313,-0.455280991833933,
10.));
#2408=CARTESIAN_POINT('Ctrl Pts',(-1.44281382115549,-0.425296633758782,
10.));
#2409=CARTESIAN_POINT('Ctrl Pts',(-1.52541457775848,-0.377218096352034,
10.));
#2410=CARTESIAN_POINT('Ctrl Pts',(-1.63891983018344,-0.306478251119995,
10.));
#2411=CARTESIAN_POINT('Ctrl Pts',(-1.78916813224509,-0.201584785121069,
10.));
#2412=CARTESIAN_POINT('Ctrl Pts',(-1.9202777666846,-0.0961933679973351,
10.));
#2413=CARTESIAN_POINT('Ctrl Pts',(-2.02783022113426,0.000998824807242965,
10.));
#2414=CARTESIAN_POINT('Ctrl Pts',(-2.10428549279195,0.075150434536244,10.));
#2415=CARTESIAN_POINT('Ctrl Pts',(-2.14370260750021,0.114567549244495,10.));
#2416=CARTESIAN_POINT('',(-2.42493803916939,0.652915895892654,10.));
#2417=CARTESIAN_POINT('Ctrl Pts',(-2.14370260750021,0.114567549244495,10.));
#2418=CARTESIAN_POINT('Ctrl Pts',(-2.15737064009544,0.133527178721366,10.));
#2419=CARTESIAN_POINT('Ctrl Pts',(-2.18442552902144,0.171745713580334,10.));
#2420=CARTESIAN_POINT('Ctrl Pts',(-2.22416468826725,0.229970966104971,10.));
#2421=CARTESIAN_POINT('Ctrl Pts',(-2.27534669801029,0.309524267744936,10.));
#2422=CARTESIAN_POINT('Ctrl Pts',(-2.33484776063595,0.413730498573093,10.));
#2423=CARTESIAN_POINT('Ctrl Pts',(-2.37661090942666,0.503308964117109,10.));
#2424=CARTESIAN_POINT('Ctrl Pts',(-2.4030001781538,0.575743455022883,10.));
#2425=CARTESIAN_POINT('Ctrl Pts',(-2.41804968956687,0.626740167403062,10.));
#2426=CARTESIAN_POINT('Ctrl Pts',(-2.42493803916939,0.652915895892654,10.));
#2427=CARTESIAN_POINT('',(-2.51033204792593,1.11190869295902,10.));
#2428=CARTESIAN_POINT('Ctrl Pts',(-2.42493803916939,0.652915895892654,10.));
#2429=CARTESIAN_POINT('Ctrl Pts',(-2.43192405737449,0.679462765072027,10.));
#2430=CARTESIAN_POINT('Ctrl Pts',(-2.44428235422674,0.730365228457666,10.));
#2431=CARTESIAN_POINT('Ctrl Pts',(-2.45798348001313,0.800150823718534,10.));
#2432=CARTESIAN_POINT('Ctrl Pts',(-2.4683842387101,0.881710944096511,10.));
#2433=CARTESIAN_POINT('Ctrl Pts',(-2.4759894734822,0.969761536621843,10.));
#2434=CARTESIAN_POINT('Ctrl Pts',(-2.48432674450204,1.03168147463181,10.));
#2435=CARTESIAN_POINT('Ctrl Pts',(-2.49510317114322,1.0736299157287,10.));
#2436=CARTESIAN_POINT('Ctrl Pts',(-2.50483132527629,1.09949879968866,10.));
#2437=CARTESIAN_POINT('Ctrl Pts',(-2.51033204792593,1.11190869295902,10.));
#2438=CARTESIAN_POINT('',(-3.22068962638938,1.52810335037023,10.));
#2439=CARTESIAN_POINT('Ctrl Pts',(-2.51033204792593,1.11190869295902,10.));
#2440=CARTESIAN_POINT('Ctrl Pts',(-2.54954079124144,1.14661927334913,10.));
#2441=CARTESIAN_POINT('Ctrl Pts',(-2.62539160580619,1.20892430927204,10.));
#2442=CARTESIAN_POINT('Ctrl Pts',(-2.73147418274923,1.28105444847384,10.));
#2443=CARTESIAN_POINT('Ctrl Pts',(-2.85917215744976,1.34197639995163,10.));
#2444=CARTESIAN_POINT('Ctrl Pts',(-3.00014253107891,1.38977060148407,10.));
#2445=CARTESIAN_POINT('Ctrl Pts',(-3.09876076544865,1.42989930262515,10.));
#2446=CARTESIAN_POINT('Ctrl Pts',(-3.16362696265202,1.47255797845927,10.));
#2447=CARTESIAN_POINT('Ctrl Pts',(-3.20241243965484,1.50835972260675,10.));
#2448=CARTESIAN_POINT('Ctrl Pts',(-3.22068962638938,1.52810335037023,10.));
#2449=CARTESIAN_POINT('',(-3.35397569085098,1.68610529719089,10.));
#2450=CARTESIAN_POINT('Ctrl Pts',(-3.22068962638938,1.52810335037023,10.));
#2451=CARTESIAN_POINT('Ctrl Pts',(-3.22549228603153,1.53484266386623,10.));
#2452=CARTESIAN_POINT('Ctrl Pts',(-3.23515907900662,1.54827255259671,10.));
#2453=CARTESIAN_POINT('Ctrl Pts',(-3.2498436120042,1.56827123238187,10.));
#2454=CARTESIAN_POINT('Ctrl Pts',(-3.26981729718785,1.59462351918368,10.));
#2455=CARTESIAN_POINT('Ctrl Pts',(-3.29576309180816,1.62678794316839,10.));
#2456=CARTESIAN_POINT('Ctrl Pts',(-3.31779602671708,1.65150759248753,10.));
#2457=CARTESIAN_POINT('Ctrl Pts',(-3.33539925216821,1.66919224175873,10.));
#2458=CARTESIAN_POINT('Ctrl Pts',(-3.34769078612522,1.68054115388061,10.));
#2459=CARTESIAN_POINT('Ctrl Pts',(-3.35397569085098,1.68610529719089,10.));
#2460=CARTESIAN_POINT('',(-3.5087025780378,1.73456751443164,10.));
#2461=CARTESIAN_POINT('Ctrl Pts',(-3.35397569085098,1.68610529719089,10.));
#2462=CARTESIAN_POINT('Ctrl Pts',(-3.36297307607408,1.68610529719089,10.));
#2463=CARTESIAN_POINT('Ctrl Pts',(-3.38014821903672,1.68667106049916,10.));
#2464=CARTESIAN_POINT('Ctrl Pts',(-3.40345426300912,1.68921546852616,10.));
#2465=CARTESIAN_POINT('Ctrl Pts',(-3.43029343444938,1.69553168338816,10.));
#2466=CARTESIAN_POINT('Ctrl Pts',(-3.45914341369472,1.70667051490529,10.));
#2467=CARTESIAN_POINT('Ctrl Pts',(-3.47991730916383,1.71717340074581,10.));
#2468=CARTESIAN_POINT('Ctrl Pts',(-3.49462669048357,1.72565181708698,10.));
#2469=CARTESIAN_POINT('Ctrl Pts',(-3.50407097000949,1.73155395449341,10.));
#2470=CARTESIAN_POINT('Ctrl Pts',(-3.5087025780378,1.73456751443164,10.));
#2471=CARTESIAN_POINT('',(-3.70063822150723,1.84248128937219,10.));
#2472=CARTESIAN_POINT('Ctrl Pts',(-3.5087025780378,1.73456751443164,10.));
#2473=CARTESIAN_POINT('Ctrl Pts',(-3.51550708768545,1.74639829988554,10.));
#2474=CARTESIAN_POINT('Ctrl Pts',(-3.5293708744696,1.76786678183301,10.));
#2475=CARTESIAN_POINT('Ctrl Pts',(-3.55093016955567,1.79349615649723,10.));
#2476=CARTESIAN_POINT('Ctrl Pts',(-3.58099244738163,1.81633552412172,10.));
#2477=CARTESIAN_POINT('Ctrl Pts',(-3.62003089554228,1.83231159224943,10.));
#2478=CARTESIAN_POINT('Ctrl Pts',(-3.65197846291599,1.83892201435922,10.));
#2479=CARTESIAN_POINT('Ctrl Pts',(-3.67620988674314,1.84154917602229,10.));
#2480=CARTESIAN_POINT('Ctrl Pts',(-3.69247668306929,1.84233207629221,10.));
#2481=CARTESIAN_POINT('Ctrl Pts',(-3.70063822150723,1.84248128937219,10.));
#2482=CARTESIAN_POINT('',(-4.02822940207767,2.0345676474245,10.));
#2483=CARTESIAN_POINT('Ctrl Pts',(-3.70063822150723,1.84248128937219,10.));
#2484=CARTESIAN_POINT('Ctrl Pts',(-3.71608514167143,1.84428391427612,10.));
#2485=CARTESIAN_POINT('Ctrl Pts',(-3.74601204162574,1.84703971550882,10.));
#2486=CARTESIAN_POINT('Ctrl Pts',(-3.78800169726639,1.84862530964513,10.));
#2487=CARTESIAN_POINT('Ctrl Pts',(-3.83805471845271,1.84664795831186,10.));
#2488=CARTESIAN_POINT('Ctrl Pts',(-3.89003204802485,1.84276546436243,10.));
#2489=CARTESIAN_POINT('Ctrl Pts',(-3.93073020959327,1.84389140517899,10.));
#2490=CARTESIAN_POINT('Ctrl Pts',(-3.96000646031509,1.85559127187735,10.));
#2491=CARTESIAN_POINT('Ctrl Pts',(-3.97892041728293,1.88071376342581,10.));
#2492=CARTESIAN_POINT('Ctrl Pts',(-3.99071804933606,1.91699124116512,10.));
#2493=CARTESIAN_POINT('Ctrl Pts',(-3.99977590110929,1.95910132526181,10.));
#2494=CARTESIAN_POINT('Ctrl Pts',(-4.00838595793414,1.99243210726456,10.));
#2495=CARTESIAN_POINT('Ctrl Pts',(-4.01720486397003,2.01481079213419,10.));
#2496=CARTESIAN_POINT('Ctrl Pts',(-4.02434446958461,2.02823176868891,10.));
#2497=CARTESIAN_POINT('Ctrl Pts',(-4.02822940207767,2.0345676474245,10.));
#2498=CARTESIAN_POINT('',(-4.35454792510923,2.24055485749227,10.));
#2499=CARTESIAN_POINT('Ctrl Pts',(-4.02822940207767,2.0345676474245,10.));
#2500=CARTESIAN_POINT('Ctrl Pts',(-4.04306961502064,2.04791508204237,10.));
#2501=CARTESIAN_POINT('Ctrl Pts',(-4.07222835301138,2.07311915663768,10.));
#2502=CARTESIAN_POINT('Ctrl Pts',(-4.11440280422311,2.10645690790851,10.));
#2503=CARTESIAN_POINT('Ctrl Pts',(-4.16793950163745,2.1432033272981,10.));
#2504=CARTESIAN_POINT('Ctrl Pts',(-4.23186949807214,2.18058951547139,10.));
#2505=CARTESIAN_POINT('Ctrl Pts',(-4.28154568431675,2.20630399524016,10.));
#2506=CARTESIAN_POINT('Ctrl Pts',(-4.31824841217231,2.22400554730483,10.));
#2507=CARTESIAN_POINT('Ctrl Pts',(-4.34248650272828,2.23514819764551,10.));
#2508=CARTESIAN_POINT('Ctrl Pts',(-4.35454792510923,2.24055485749227,10.));
#2509=CARTESIAN_POINT('',(-2.56211321618845,1.65539674877108,10.));
#2510=CARTESIAN_POINT('Ctrl Pts',(-4.35454792510923,2.24055485749227,10.));
#2511=CARTESIAN_POINT('Ctrl Pts',(-4.27090732007689,2.2474294277689,10.));
#2512=CARTESIAN_POINT('Ctrl Pts',(-4.10837626282619,2.24708543915386,10.));
#2513=CARTESIAN_POINT('Ctrl Pts',(-3.87881611257778,2.20433310398924,10.));
#2514=CARTESIAN_POINT('Ctrl Pts',(-3.59623955295095,2.07883876311585,10.));
#2515=CARTESIAN_POINT('Ctrl Pts',(-3.26172403209195,1.8766183689629,10.));
#2516=CARTESIAN_POINT('Ctrl Pts',(-2.99245224750997,1.73763611333772,10.));
#2517=CARTESIAN_POINT('Ctrl Pts',(-2.78174971615231,1.67576658489758,10.));
#2518=CARTESIAN_POINT('Ctrl Pts',(-2.63617706267747,1.65823076074362,10.));
#2519=CARTESIAN_POINT('Ctrl Pts',(-2.56211321618845,1.65539674877108,10.));
#2520=CARTESIAN_POINT('',(-2.30586773265422,1.71547778495861,10.));
#2521=CARTESIAN_POINT('Ctrl Pts',(-2.56211321618845,1.65539674877108,10.));
#2522=CARTESIAN_POINT('Ctrl Pts',(-2.55078538879804,1.65506616183724,10.));
#2523=CARTESIAN_POINT('Ctrl Pts',(-2.52844435922161,1.6552028774788,10.));
#2524=CARTESIAN_POINT('Ctrl Pts',(-2.4958758413718,1.65779946615542,10.));
#2525=CARTESIAN_POINT('Ctrl Pts',(-2.45407702610397,1.66538480384775,10.));
#2526=CARTESIAN_POINT('Ctrl Pts',(-2.40363227661304,1.67944083560143,10.));
#2527=CARTESIAN_POINT('Ctrl Pts',(-2.36416170036841,1.69293058739004,10.));
#2528=CARTESIAN_POINT('Ctrl Pts',(-2.33489312889416,1.70389583998063,10.));
#2529=CARTESIAN_POINT('Ctrl Pts',(-2.31551969683897,1.71155838285095,10.));
#2530=CARTESIAN_POINT('Ctrl Pts',(-2.30586773265422,1.71547778495861,10.));
#2531=CARTESIAN_POINT('',(-0.358794293960898,2.66613570959711,10.));
#2532=CARTESIAN_POINT('',(-0.739509282085366,2.48025174995968,10.));
#2533=CARTESIAN_POINT('',(-1.10136079583207,-0.143090610030097,10.));
#2534=CARTESIAN_POINT('Ctrl Pts',(-0.358794293960898,2.66613570959711,10.));
#2535=CARTESIAN_POINT('Ctrl Pts',(-0.356906522196675,2.65066132914767,10.));
#2536=CARTESIAN_POINT('Ctrl Pts',(-0.353854294203802,2.61882493594184,10.));
#2537=CARTESIAN_POINT('Ctrl Pts',(-0.351450364907781,2.56842386935403,10.));
#2538=CARTESIAN_POINT('Ctrl Pts',(-0.354574732865899,2.49307935670085,10.));
#2539=CARTESIAN_POINT('Ctrl Pts',(-0.379600885638552,2.37575533533784,10.));
#2540=CARTESIAN_POINT('Ctrl Pts',(-0.436601314530552,2.23095528624001,10.));
#2541=CARTESIAN_POINT('Ctrl Pts',(-0.533431261270309,2.0750314974334,10.));
#2542=CARTESIAN_POINT('Ctrl Pts',(-0.666883745128009,1.94357585985816,10.));
#2543=CARTESIAN_POINT('Ctrl Pts',(-0.819356793737312,1.84192993647089,10.));
#2544=CARTESIAN_POINT('Ctrl Pts',(-0.972683735438267,1.76898156723612,10.));
#2545=CARTESIAN_POINT('Ctrl Pts',(-1.11367219527119,1.71730981030321,10.));
#2546=CARTESIAN_POINT('Ctrl Pts',(-1.24986354412317,1.68795062186012,10.));
#2547=CARTESIAN_POINT('Ctrl Pts',(-1.40510081712725,1.68712415557149,10.));
#2548=CARTESIAN_POINT('Ctrl Pts',(-1.57451164664299,1.69698870449885,10.));
#2549=CARTESIAN_POINT('Ctrl Pts',(-1.74545887699206,1.6939184302858,10.));
#2550=CARTESIAN_POINT('Ctrl Pts',(-1.89848249129241,1.65245048273032,10.));
#2551=CARTESIAN_POINT('Ctrl Pts',(-2.0162986914389,1.55493508131184,10.));
#2552=CARTESIAN_POINT('Ctrl Pts',(-2.08967895441187,1.39929561307598,10.));
#2553=CARTESIAN_POINT('Ctrl Pts',(-2.11622165730275,1.19549170851472,10.));
#2554=CARTESIAN_POINT('Ctrl Pts',(-2.09811282629589,0.961048163477974,10.));
#2555=CARTESIAN_POINT('Ctrl Pts',(-2.04032097244205,0.716933360343759,10.));
#2556=CARTESIAN_POINT('Ctrl Pts',(-1.94878346165709,0.483667544973143,10.));
#2557=CARTESIAN_POINT('Ctrl Pts',(-1.82833035860173,0.27656432125633,10.));
#2558=CARTESIAN_POINT('Ctrl Pts',(-1.68221753115641,0.10515508058277,10.));
#2559=CARTESIAN_POINT('Ctrl Pts',(-1.51258089433364,-0.0250667661470093,
10.));
#2560=CARTESIAN_POINT('Ctrl Pts',(-1.35899830544737,-0.0943571620458795,
10.));
#2561=CARTESIAN_POINT('Ctrl Pts',(-1.23398949907322,-0.126437152587405,
10.));
#2562=CARTESIAN_POINT('Ctrl Pts',(-1.14629605748642,-0.139008680422043,
10.));
#2563=CARTESIAN_POINT('Ctrl Pts',(-1.10136079583207,-0.143090610030097,
10.));
#2564=CARTESIAN_POINT('',(2.96801981382223,4.83636948364083,10.));
#2565=CARTESIAN_POINT('Ctrl Pts',(-1.10136079583207,-0.143090610030097,
10.));
#2566=CARTESIAN_POINT('Ctrl Pts',(-0.960673082158814,0.0739334965880724,
10.));
#2567=CARTESIAN_POINT('Ctrl Pts',(-0.676729869980464,0.505907056607815,
10.));
#2568=CARTESIAN_POINT('Ctrl Pts',(-0.243114935988409,1.14764605376709,10.));
#2569=CARTESIAN_POINT('Ctrl Pts',(0.351508732904676,1.9899906977375,10.));
#2570=CARTESIAN_POINT('Ctrl Pts',(1.13566858067199,3.00989211282467,10.));
#2571=CARTESIAN_POINT('Ctrl Pts',(1.81630807429481,3.78273988726085,10.));
#2572=CARTESIAN_POINT('Ctrl Pts',(2.37183815798743,4.32597699503396,10.));
#2573=CARTESIAN_POINT('Ctrl Pts',(2.76541802933163,4.66936912690181,10.));
#2574=CARTESIAN_POINT('Ctrl Pts',(2.96801981382223,4.83636948364083,10.));
#2575=CARTESIAN_POINT('',(5.57786436076636,3.02341665171827,10.));
#2576=CARTESIAN_POINT('Ctrl Pts',(2.96801981382223,4.83636948364083,10.));
#2577=CARTESIAN_POINT('Ctrl Pts',(3.3661083255142,5.07277121483263,10.));
#2578=CARTESIAN_POINT('Ctrl Pts',(4.0781885961455,5.43454510298625,10.));
#2579=CARTESIAN_POINT('Ctrl Pts',(4.89424415888403,5.64443671455376,10.));
#2580=CARTESIAN_POINT('Ctrl Pts',(5.54639776756091,5.3677522691072,10.));
#2581=CARTESIAN_POINT('Ctrl Pts',(5.86852837440509,4.52610352221841,10.));
#2582=CARTESIAN_POINT('Ctrl Pts',(5.87036601754794,3.78836343962044,10.));
#2583=CARTESIAN_POINT('Ctrl Pts',(5.76469155514437,3.34477451780678,10.));
#2584=CARTESIAN_POINT('Ctrl Pts',(5.64787237515245,3.11888212588113,10.));
#2585=CARTESIAN_POINT('Ctrl Pts',(5.57786436076636,3.02341665171827,10.));
#2586=CARTESIAN_POINT('',(-0.668621959742796,-0.774328989292896,10.));
#2587=CARTESIAN_POINT('Ctrl Pts',(5.57786436076636,3.02341665171827,10.));
#2588=CARTESIAN_POINT('Ctrl Pts',(5.42102587797057,2.74466730457643,10.));
#2589=CARTESIAN_POINT('Ctrl Pts',(5.09426484615065,2.20593331720237,10.));
#2590=CARTESIAN_POINT('Ctrl Pts',(4.56489302581454,1.45409318706997,10.));
#2591=CARTESIAN_POINT('Ctrl Pts',(3.77984240086471,0.563674423527329,10.));
#2592=CARTESIAN_POINT('Ctrl Pts',(2.62865854713846,-0.318654855742199,10.));
#2593=CARTESIAN_POINT('Ctrl Pts',(1.50377609656513,-0.754818333799026,10.));
#2594=CARTESIAN_POINT('Ctrl Pts',(0.492741186627976,-0.862816458041338,
10.));
#2595=CARTESIAN_POINT('Ctrl Pts',(-0.267173002261112,-0.82255196385,10.));
#2596=CARTESIAN_POINT('Ctrl Pts',(-0.668621959742796,-0.774328989292896,
10.));
#2597=CARTESIAN_POINT('',(-2.52108795549792,-3.10029012585778,10.));
#2598=CARTESIAN_POINT('',(-1.27642931912967,-1.53749349524957,10.));
#2599=CARTESIAN_POINT('',(3.31489523710653,-3.47941814313533,10.));
#2600=CARTESIAN_POINT('Ctrl Pts',(-2.52108795549792,-3.10029012585778,10.));
#2601=CARTESIAN_POINT('Ctrl Pts',(-2.34601671906998,-3.27736614356265,10.));
#2602=CARTESIAN_POINT('Ctrl Pts',(-1.99947092305261,-3.60816153098446,10.));
#2603=CARTESIAN_POINT('Ctrl Pts',(-1.49044203677973,-4.03428839964177,10.));
#2604=CARTESIAN_POINT('Ctrl Pts',(-0.832318777068863,-4.46803359412689,
10.));
#2605=CARTESIAN_POINT('Ctrl Pts',(-0.0409023778908009,-4.81505760400493,
10.));
#2606=CARTESIAN_POINT('Ctrl Pts',(0.719052159811143,-4.99999099125283,10.));
#2607=CARTESIAN_POINT('Ctrl Pts',(1.44021024965538,-5.05219051390537,10.));
#2608=CARTESIAN_POINT('Ctrl Pts',(2.10481438080619,-4.99159474976367,10.));
#2609=CARTESIAN_POINT('Ctrl Pts',(2.68031025511754,-4.82343814599096,10.));
#2610=CARTESIAN_POINT('Ctrl Pts',(3.11808170789025,-4.53604840465565,10.));
#2611=CARTESIAN_POINT('Ctrl Pts',(3.31614059429329,-4.19456805446837,10.));
#2612=CARTESIAN_POINT('Ctrl Pts',(3.35906208381016,-3.8663340443308,10.));
#2613=CARTESIAN_POINT('Ctrl Pts',(3.33791227167736,-3.61397926831863,10.));
#2614=CARTESIAN_POINT('Ctrl Pts',(3.31489523710653,-3.47941814313533,10.));
#2615=CARTESIAN_POINT('',(3.30452859058074,-4.80634889843687,10.));
#2616=CARTESIAN_POINT('Ctrl Pts',(3.31489523710653,-3.47941814313533,10.));
#2617=CARTESIAN_POINT('Ctrl Pts',(3.34722972403112,-3.44839245915314,10.));
#2618=CARTESIAN_POINT('Ctrl Pts',(3.41284580312481,-3.41501147843224,10.));
#2619=CARTESIAN_POINT('Ctrl Pts',(3.51409868429275,-3.4508698697027,10.));
#2620=CARTESIAN_POINT('Ctrl Pts',(3.64532700852371,-3.64343606348349,10.));
#2621=CARTESIAN_POINT('Ctrl Pts',(3.74394113207018,-4.02069751475474,10.));
#2622=CARTESIAN_POINT('Ctrl Pts',(3.70067146939423,-4.35416724724736,10.));
#2623=CARTESIAN_POINT('Ctrl Pts',(3.55459836998769,-4.58973628559201,10.));
#2624=CARTESIAN_POINT('Ctrl Pts',(3.39779751154981,-4.73595241153791,10.));
#2625=CARTESIAN_POINT('Ctrl Pts',(3.30452859058074,-4.80634889843687,10.));
#2626=CARTESIAN_POINT('Ctrl Pts',(3.30452859058074,-4.80634889843687,10.));
#2627=CARTESIAN_POINT('Ctrl Pts',(3.2631334948944,-4.84882159619244,10.));
#2628=CARTESIAN_POINT('Ctrl Pts',(3.17705834648802,-4.93035064983121,10.));
#2629=CARTESIAN_POINT('Ctrl Pts',(3.0380908428742,-5.04239520833683,10.));
#2630=CARTESIAN_POINT('Ctrl Pts',(2.83294723138918,-5.171140887351,10.));
#2631=CARTESIAN_POINT('Ctrl Pts',(2.542506818359,-5.29664632145336,10.));
#2632=CARTESIAN_POINT('Ctrl Pts',(2.21679217526561,-5.38525519983909,10.));
#2633=CARTESIAN_POINT('Ctrl Pts',(1.85450960707101,-5.43528076224983,10.));
#2634=CARTESIAN_POINT('Ctrl Pts',(1.45469858437984,-5.44521274698056,10.));
#2635=CARTESIAN_POINT('Ctrl Pts',(1.01745341381209,-5.41359910077425,10.));
#2636=CARTESIAN_POINT('Ctrl Pts',(0.544767117479376,-5.33892463121118,10.));
#2637=CARTESIAN_POINT('Ctrl Pts',(0.0415705916169612,-5.21963654952668,
10.));
#2638=CARTESIAN_POINT('Ctrl Pts',(-0.483250677902634,-5.05423575074664,
10.));
#2639=CARTESIAN_POINT('Ctrl Pts',(-1.01522050201092,-4.84155154480535,10.));
#2640=CARTESIAN_POINT('Ctrl Pts',(-1.53640039987911,-4.5805748224715,10.));
#2641=CARTESIAN_POINT('Ctrl Pts',(-2.02810026500649,-4.27031690067138,10.));
#2642=CARTESIAN_POINT('Ctrl Pts',(-2.38431142128063,-3.98192063259667,10.));
#2643=CARTESIAN_POINT('Ctrl Pts',(-2.6249364302192,-3.74265490791556,10.));
#2644=CARTESIAN_POINT('Ctrl Pts',(-2.7728623579973,-3.57288340284582,10.));
#2645=CARTESIAN_POINT('Ctrl Pts',(-2.84370259185398,-3.4854323702892,10.));
#2646=CARTESIAN_POINT('Origin',(5.6485113670573,5.64851140793903,6.55940460367152));
#2647=CARTESIAN_POINT('',(9.,7.03883877767068,0.));
#2648=CARTESIAN_POINT('',(7.60967272349706,5.64851140793903,6.95163684865825));
#2649=CARTESIAN_POINT('',(7.03883864346007,9.,0.));
#2650=CARTESIAN_POINT('Origin',(6.96039219982313,6.96039232867334,0.));
#2651=CARTESIAN_POINT('',(5.6485113670573,7.60967275932087,6.95163687394789));
#2652=CARTESIAN_POINT('Origin',(0.,7.00000010430813,10.0000001490116));
#2653=CARTESIAN_POINT('',(-7.03883864346007,9.,0.));
#2654=CARTESIAN_POINT('',(-9.,9.,0.));
#2655=CARTESIAN_POINT('',(-4.68554845450073,6.64670978219261,11.7664517595892));
#2656=CARTESIAN_POINT('Origin',(-4.68554845450073,4.68554843081077,11.3742194893128));
#2657=CARTESIAN_POINT('Origin',(-6.96039219982313,6.96039232867334,0.));
#2658=CARTESIAN_POINT('Ctrl Pts',(-4.52486735808869,-0.880426994120665,
10.));
#2659=CARTESIAN_POINT('Ctrl Pts',(-4.52486735808869,-0.880426994120665,
10.5));
#2660=CARTESIAN_POINT('Ctrl Pts',(-4.46868448538007,-0.940398174852205,
10.));
#2661=CARTESIAN_POINT('Ctrl Pts',(-4.46868448538007,-0.940398174852205,
10.5));
#2662=CARTESIAN_POINT('Ctrl Pts',(-4.35780388266135,-1.06815074409113,10.));
#2663=CARTESIAN_POINT('Ctrl Pts',(-4.35780388266135,-1.06815074409113,10.5));
#2664=CARTESIAN_POINT('Ctrl Pts',(-4.19593439863296,-1.28318914338924,10.));
#2665=CARTESIAN_POINT('Ctrl Pts',(-4.19593439863296,-1.28318914338924,10.5));
#2666=CARTESIAN_POINT('Ctrl Pts',(-3.98778312826793,-1.61026748546525,10.));
#2667=CARTESIAN_POINT('Ctrl Pts',(-3.98778312826793,-1.61026748546525,10.5));
#2668=CARTESIAN_POINT('Ctrl Pts',(-3.7361084733733,-2.06389191256727,10.));
#2669=CARTESIAN_POINT('Ctrl Pts',(-3.7361084733733,-2.06389191256727,10.5));
#2670=CARTESIAN_POINT('Ctrl Pts',(-3.53894731803338,-2.44876610275731,10.));
#2671=CARTESIAN_POINT('Ctrl Pts',(-3.53894731803338,-2.44876610275731,10.5));
#2672=CARTESIAN_POINT('Ctrl Pts',(-3.39265475281882,-2.74572186432027,10.));
#2673=CARTESIAN_POINT('Ctrl Pts',(-3.39265475281882,-2.74572186432027,10.5));
#2674=CARTESIAN_POINT('Ctrl Pts',(-3.29578226429313,-2.94714161887997,10.));
#2675=CARTESIAN_POINT('Ctrl Pts',(-3.29578226429313,-2.94714161887997,10.5));
#2676=CARTESIAN_POINT('Ctrl Pts',(-3.24751006107013,-3.04871417057234,10.));
#2677=CARTESIAN_POINT('Ctrl Pts',(-3.24751006107013,-3.04871417057234,10.5));
#2678=CARTESIAN_POINT('',(-3.24751006107013,-3.04871417057234,10.));
#2679=CARTESIAN_POINT('',(-4.52486735808869,-0.880426994120665,10.));
#2680=CARTESIAN_POINT('Ctrl Pts',(-3.24751006107013,-3.04871417057234,10.));
#2681=CARTESIAN_POINT('Ctrl Pts',(-3.29578226429313,-2.94714161887997,10.));
#2682=CARTESIAN_POINT('Ctrl Pts',(-3.39265475281882,-2.74572186432027,10.));
#2683=CARTESIAN_POINT('Ctrl Pts',(-3.53894731803338,-2.44876610275731,10.));
#2684=CARTESIAN_POINT('Ctrl Pts',(-3.7361084733733,-2.06389191256727,10.));
#2685=CARTESIAN_POINT('Ctrl Pts',(-3.98778312826793,-1.61026748546525,10.));
#2686=CARTESIAN_POINT('Ctrl Pts',(-4.19593439863296,-1.28318914338924,10.));
#2687=CARTESIAN_POINT('Ctrl Pts',(-4.35780388266135,-1.06815074409113,10.));
#2688=CARTESIAN_POINT('Ctrl Pts',(-4.46868448538007,-0.940398174852205,
10.));
#2689=CARTESIAN_POINT('Ctrl Pts',(-4.52486735808869,-0.880426994120665,
10.));
#2690=CARTESIAN_POINT('',(-3.24751006107013,-3.04871417057234,10.5));
#2691=CARTESIAN_POINT('',(-3.24751006107013,-3.04871417057234,10.));
#2692=CARTESIAN_POINT('',(-4.52486735808869,-0.880426994120665,10.5));
#2693=CARTESIAN_POINT('Ctrl Pts',(-4.52486735808869,-0.880426994120665,
10.5));
#2694=CARTESIAN_POINT('Ctrl Pts',(-4.46868448538007,-0.940398174852205,
10.5));
#2695=CARTESIAN_POINT('Ctrl Pts',(-4.35780388266135,-1.06815074409113,10.5));
#2696=CARTESIAN_POINT('Ctrl Pts',(-4.19593439863296,-1.28318914338924,10.5));
#2697=CARTESIAN_POINT('Ctrl Pts',(-3.98778312826793,-1.61026748546525,10.5));
#2698=CARTESIAN_POINT('Ctrl Pts',(-3.7361084733733,-2.06389191256727,10.5));
#2699=CARTESIAN_POINT('Ctrl Pts',(-3.53894731803338,-2.44876610275731,10.5));
#2700=CARTESIAN_POINT('Ctrl Pts',(-3.39265475281882,-2.74572186432027,10.5));
#2701=CARTESIAN_POINT('Ctrl Pts',(-3.29578226429313,-2.94714161887997,10.5));
#2702=CARTESIAN_POINT('Ctrl Pts',(-3.24751006107013,-3.04871417057234,10.5));
#2703=CARTESIAN_POINT('',(-4.52486735808869,-0.880426994120665,10.));
#2704=CARTESIAN_POINT('Ctrl Pts',(-5.23331762366201,-4.08992137906646,10.));
#2705=CARTESIAN_POINT('Ctrl Pts',(-5.23331762366201,-4.08992137906646,10.5));
#2706=CARTESIAN_POINT('Ctrl Pts',(-5.28122294811222,-3.78703448890494,10.));
#2707=CARTESIAN_POINT('Ctrl Pts',(-5.28122294811222,-3.78703448890494,10.5));
#2708=CARTESIAN_POINT('Ctrl Pts',(-5.35301048495466,-3.23716520038783,10.));
#2709=CARTESIAN_POINT('Ctrl Pts',(-5.35301048495466,-3.23716520038783,10.5));
#2710=CARTESIAN_POINT('Ctrl Pts',(-5.38868897194667,-2.57991913743025,10.));
#2711=CARTESIAN_POINT('Ctrl Pts',(-5.38868897194667,-2.57991913743025,10.5));
#2712=CARTESIAN_POINT('Ctrl Pts',(-5.3135785763454,-1.98838196961492,10.));
#2713=CARTESIAN_POINT('Ctrl Pts',(-5.3135785763454,-1.98838196961492,10.5));
#2714=CARTESIAN_POINT('Ctrl Pts',(-5.09390785574359,-1.53592390932167,10.));
#2715=CARTESIAN_POINT('Ctrl Pts',(-5.09390785574359,-1.53592390932167,10.5));
#2716=CARTESIAN_POINT('Ctrl Pts',(-4.871622513104,-1.27215626580903,10.));
#2717=CARTESIAN_POINT('Ctrl Pts',(-4.871622513104,-1.27215626580903,10.5));
#2718=CARTESIAN_POINT('Ctrl Pts',(-4.69870152718824,-1.07947670265778,10.));
#2719=CARTESIAN_POINT('Ctrl Pts',(-4.69870152718824,-1.07947670265778,10.5));
#2720=CARTESIAN_POINT('Ctrl Pts',(-4.58289835549667,-0.947385837283719,
10.));
#2721=CARTESIAN_POINT('Ctrl Pts',(-4.58289835549667,-0.947385837283719,
10.5));
#2722=CARTESIAN_POINT('Ctrl Pts',(-4.52486735808869,-0.880426994120665,
10.));
#2723=CARTESIAN_POINT('Ctrl Pts',(-4.52486735808869,-0.880426994120665,
10.5));
#2724=CARTESIAN_POINT('',(-5.23331762366201,-4.08992137906646,10.));
#2725=CARTESIAN_POINT('Ctrl Pts',(-4.52486735808869,-0.880426994120665,
10.));
#2726=CARTESIAN_POINT('Ctrl Pts',(-4.58289835549667,-0.947385837283719,
10.));
#2727=CARTESIAN_POINT('Ctrl Pts',(-4.69870152718824,-1.07947670265778,10.));
#2728=CARTESIAN_POINT('Ctrl Pts',(-4.871622513104,-1.27215626580903,10.));
#2729=CARTESIAN_POINT('Ctrl Pts',(-5.09390785574359,-1.53592390932167,10.));
#2730=CARTESIAN_POINT('Ctrl Pts',(-5.3135785763454,-1.98838196961492,10.));
#2731=CARTESIAN_POINT('Ctrl Pts',(-5.38868897194667,-2.57991913743025,10.));
#2732=CARTESIAN_POINT('Ctrl Pts',(-5.35301048495466,-3.23716520038783,10.));
#2733=CARTESIAN_POINT('Ctrl Pts',(-5.28122294811222,-3.78703448890494,10.));
#2734=CARTESIAN_POINT('Ctrl Pts',(-5.23331762366201,-4.08992137906646,10.));
#2735=CARTESIAN_POINT('',(-5.23331762366201,-4.08992137906646,10.5));
#2736=CARTESIAN_POINT('Ctrl Pts',(-5.23331762366201,-4.08992137906646,10.5));
#2737=CARTESIAN_POINT('Ctrl Pts',(-5.28122294811222,-3.78703448890494,10.5));
#2738=CARTESIAN_POINT('Ctrl Pts',(-5.35301048495466,-3.23716520038783,10.5));
#2739=CARTESIAN_POINT('Ctrl Pts',(-5.38868897194667,-2.57991913743025,10.5));
#2740=CARTESIAN_POINT('Ctrl Pts',(-5.3135785763454,-1.98838196961492,10.5));
#2741=CARTESIAN_POINT('Ctrl Pts',(-5.09390785574359,-1.53592390932167,10.5));
#2742=CARTESIAN_POINT('Ctrl Pts',(-4.871622513104,-1.27215626580903,10.5));
#2743=CARTESIAN_POINT('Ctrl Pts',(-4.69870152718824,-1.07947670265778,10.5));
#2744=CARTESIAN_POINT('Ctrl Pts',(-4.58289835549667,-0.947385837283719,
10.5));
#2745=CARTESIAN_POINT('Ctrl Pts',(-4.52486735808869,-0.880426994120665,
10.5));
#2746=CARTESIAN_POINT('',(-5.23331762366201,-4.08992137906646,10.));
#2747=CARTESIAN_POINT('Ctrl Pts',(-3.24751006107013,-3.04871417057234,10.));
#2748=CARTESIAN_POINT('Ctrl Pts',(-3.24751006107013,-3.04871417057234,10.5));
#2749=CARTESIAN_POINT('Ctrl Pts',(-3.31216399869476,-3.14147501138759,10.));
#2750=CARTESIAN_POINT('Ctrl Pts',(-3.31216399869476,-3.14147501138759,10.5));
#2751=CARTESIAN_POINT('Ctrl Pts',(-3.44318993360543,-3.32105460028212,10.));
#2752=CARTESIAN_POINT('Ctrl Pts',(-3.44318993360543,-3.32105460028212,10.5));
#2753=CARTESIAN_POINT('Ctrl Pts',(-3.64488084795094,-3.57260520023304,10.));
#2754=CARTESIAN_POINT('Ctrl Pts',(-3.64488084795094,-3.57260520023304,10.5));
#2755=CARTESIAN_POINT('Ctrl Pts',(-3.92482213775999,-3.86989190935974,10.));
#2756=CARTESIAN_POINT('Ctrl Pts',(-3.92482213775999,-3.86989190935974,10.5));
#2757=CARTESIAN_POINT('Ctrl Pts',(-4.30210101397177,-4.14689957113223,10.));
#2758=CARTESIAN_POINT('Ctrl Pts',(-4.30210101397177,-4.14689957113223,10.5));
#2759=CARTESIAN_POINT('Ctrl Pts',(-4.63959397901219,-4.24513766801987,10.));
#2760=CARTESIAN_POINT('Ctrl Pts',(-4.63959397901219,-4.24513766801987,10.5));
#2761=CARTESIAN_POINT('Ctrl Pts',(-4.9228561754258,-4.21456528147303,10.));
#2762=CARTESIAN_POINT('Ctrl Pts',(-4.9228561754258,-4.21456528147303,10.5));
#2763=CARTESIAN_POINT('Ctrl Pts',(-5.1272380703774,-4.14043545205913,10.));
#2764=CARTESIAN_POINT('Ctrl Pts',(-5.1272380703774,-4.14043545205913,10.5));
#2765=CARTESIAN_POINT('Ctrl Pts',(-5.23331762366201,-4.08992137906646,10.));
#2766=CARTESIAN_POINT('Ctrl Pts',(-5.23331762366201,-4.08992137906646,10.5));
#2767=CARTESIAN_POINT('Ctrl Pts',(-5.23331762366201,-4.08992137906646,10.));
#2768=CARTESIAN_POINT('Ctrl Pts',(-5.1272380703774,-4.14043545205913,10.));
#2769=CARTESIAN_POINT('Ctrl Pts',(-4.9228561754258,-4.21456528147303,10.));
#2770=CARTESIAN_POINT('Ctrl Pts',(-4.63959397901219,-4.24513766801987,10.));
#2771=CARTESIAN_POINT('Ctrl Pts',(-4.30210101397177,-4.14689957113223,10.));
#2772=CARTESIAN_POINT('Ctrl Pts',(-3.92482213775999,-3.86989190935974,10.));
#2773=CARTESIAN_POINT('Ctrl Pts',(-3.64488084795094,-3.57260520023304,10.));
#2774=CARTESIAN_POINT('Ctrl Pts',(-3.44318993360543,-3.32105460028212,10.));
#2775=CARTESIAN_POINT('Ctrl Pts',(-3.31216399869476,-3.14147501138759,10.));
#2776=CARTESIAN_POINT('Ctrl Pts',(-3.24751006107013,-3.04871417057234,10.));
#2777=CARTESIAN_POINT('Ctrl Pts',(-3.24751006107013,-3.04871417057234,10.5));
#2778=CARTESIAN_POINT('Ctrl Pts',(-3.31216399869476,-3.14147501138759,10.5));
#2779=CARTESIAN_POINT('Ctrl Pts',(-3.44318993360543,-3.32105460028212,10.5));
#2780=CARTESIAN_POINT('Ctrl Pts',(-3.64488084795094,-3.57260520023304,10.5));
#2781=CARTESIAN_POINT('Ctrl Pts',(-3.92482213775999,-3.86989190935974,10.5));
#2782=CARTESIAN_POINT('Ctrl Pts',(-4.30210101397177,-4.14689957113223,10.5));
#2783=CARTESIAN_POINT('Ctrl Pts',(-4.63959397901219,-4.24513766801987,10.5));
#2784=CARTESIAN_POINT('Ctrl Pts',(-4.9228561754258,-4.21456528147303,10.5));
#2785=CARTESIAN_POINT('Ctrl Pts',(-5.1272380703774,-4.14043545205913,10.5));
#2786=CARTESIAN_POINT('Ctrl Pts',(-5.23331762366201,-4.08992137906646,10.5));
#2787=CARTESIAN_POINT('Ctrl Pts',(-5.54357088288751,-1.98522758702604,10.));
#2788=CARTESIAN_POINT('Ctrl Pts',(-5.54357088288751,-1.98522758702604,10.5));
#2789=CARTESIAN_POINT('Ctrl Pts',(-5.54285076887165,-1.98436079550536,10.));
#2790=CARTESIAN_POINT('Ctrl Pts',(-5.54285076887165,-1.98436079550536,10.5));
#2791=CARTESIAN_POINT('Ctrl Pts',(-5.55070316030751,-2.00647671974143,10.));
#2792=CARTESIAN_POINT('Ctrl Pts',(-5.55070316030751,-2.00647671974143,10.5));
#2793=CARTESIAN_POINT('Ctrl Pts',(-5.59086339824811,-2.11252306100187,10.));
#2794=CARTESIAN_POINT('Ctrl Pts',(-5.59086339824811,-2.11252306100187,10.5));
#2795=CARTESIAN_POINT('Ctrl Pts',(-5.69100895922939,-2.3839082111441,10.));
#2796=CARTESIAN_POINT('Ctrl Pts',(-5.69100895922939,-2.3839082111441,10.5));
#2797=CARTESIAN_POINT('Ctrl Pts',(-5.83993538156832,-2.85068311593639,10.));
#2798=CARTESIAN_POINT('Ctrl Pts',(-5.83993538156832,-2.85068311593639,10.5));
#2799=CARTESIAN_POINT('Ctrl Pts',(-5.94862744903919,-3.33683899046575,10.));
#2800=CARTESIAN_POINT('Ctrl Pts',(-5.94862744903919,-3.33683899046575,10.5));
#2801=CARTESIAN_POINT('Ctrl Pts',(-5.97140464117188,-3.74765942507551,10.));
#2802=CARTESIAN_POINT('Ctrl Pts',(-5.97140464117188,-3.74765942507551,10.5));
#2803=CARTESIAN_POINT('Ctrl Pts',(-5.88924474606792,-4.02647475379637,10.));
#2804=CARTESIAN_POINT('Ctrl Pts',(-5.88924474606792,-4.02647475379637,10.5));
#2805=CARTESIAN_POINT('Ctrl Pts',(-5.77328153135847,-4.22597827715666,10.));
#2806=CARTESIAN_POINT('Ctrl Pts',(-5.77328153135847,-4.22597827715666,10.5));
#2807=CARTESIAN_POINT('Ctrl Pts',(-5.64596670491824,-4.38268865147819,10.));
#2808=CARTESIAN_POINT('Ctrl Pts',(-5.64596670491824,-4.38268865147819,10.5));
#2809=CARTESIAN_POINT('Ctrl Pts',(-5.4876045200272,-4.50023375934866,10.));
#2810=CARTESIAN_POINT('Ctrl Pts',(-5.4876045200272,-4.50023375934866,10.5));
#2811=CARTESIAN_POINT('Ctrl Pts',(-5.27357114746756,-4.57413811200978,10.));
#2812=CARTESIAN_POINT('Ctrl Pts',(-5.27357114746756,-4.57413811200978,10.5));
#2813=CARTESIAN_POINT('Ctrl Pts',(-5.01698950605471,-4.60172799349127,10.));
#2814=CARTESIAN_POINT('Ctrl Pts',(-5.01698950605471,-4.60172799349127,10.5));
#2815=CARTESIAN_POINT('Ctrl Pts',(-4.75928303493716,-4.58982424914041,10.));
#2816=CARTESIAN_POINT('Ctrl Pts',(-4.75928303493716,-4.58982424914041,10.5));
#2817=CARTESIAN_POINT('Ctrl Pts',(-4.50714817999204,-4.54173396485426,10.));
#2818=CARTESIAN_POINT('Ctrl Pts',(-4.50714817999204,-4.54173396485426,10.5));
#2819=CARTESIAN_POINT('Ctrl Pts',(-4.2629630826616,-4.4615174170326,10.));
#2820=CARTESIAN_POINT('Ctrl Pts',(-4.2629630826616,-4.4615174170326,10.5));
#2821=CARTESIAN_POINT('Ctrl Pts',(-4.02089680676593,-4.35237626293029,10.));
#2822=CARTESIAN_POINT('Ctrl Pts',(-4.02089680676593,-4.35237626293029,10.5));
#2823=CARTESIAN_POINT('Ctrl Pts',(-3.78040532939935,-4.21699334055237,10.));
#2824=CARTESIAN_POINT('Ctrl Pts',(-3.78040532939935,-4.21699334055237,10.5));
#2825=CARTESIAN_POINT('Ctrl Pts',(-3.54258089428638,-4.05883385387318,10.));
#2826=CARTESIAN_POINT('Ctrl Pts',(-3.54258089428638,-4.05883385387318,10.5));
#2827=CARTESIAN_POINT('Ctrl Pts',(-3.30721695977446,-3.88214964777513,10.));
#2828=CARTESIAN_POINT('Ctrl Pts',(-3.30721695977446,-3.88214964777513,10.5));
#2829=CARTESIAN_POINT('Ctrl Pts',(-3.12081078870822,-3.72913454086063,10.));
#2830=CARTESIAN_POINT('Ctrl Pts',(-3.12081078870822,-3.72913454086063,10.5));
#2831=CARTESIAN_POINT('Ctrl Pts',(-2.98191676625172,-3.60916387259467,10.));
#2832=CARTESIAN_POINT('Ctrl Pts',(-2.98191676625172,-3.60916387259467,10.5));
#2833=CARTESIAN_POINT('Ctrl Pts',(-2.88970939408411,-3.52703433413437,10.));
#2834=CARTESIAN_POINT('Ctrl Pts',(-2.88970939408411,-3.52703433413437,10.5));
#2835=CARTESIAN_POINT('Ctrl Pts',(-2.84370259185398,-3.4854323702892,10.));
#2836=CARTESIAN_POINT('Ctrl Pts',(-2.84370259185398,-3.4854323702892,10.5));
#2837=CARTESIAN_POINT('',(-2.84370259185398,-3.4854323702892,10.5));
#2838=CARTESIAN_POINT('',(-2.84370259185398,-3.4854323702892,10.));
#2839=CARTESIAN_POINT('',(-5.5435675901212,-1.98523032259407,10.5));
#2840=CARTESIAN_POINT('Ctrl Pts',(-5.54357088288752,-1.98522758702604,10.5));
#2841=CARTESIAN_POINT('Ctrl Pts',(-5.54285076887165,-1.98436079550536,10.5));
#2842=CARTESIAN_POINT('Ctrl Pts',(-5.5507031603075,-2.00647671974143,10.5));
#2843=CARTESIAN_POINT('Ctrl Pts',(-5.59086339824811,-2.11252306100187,10.5));
#2844=CARTESIAN_POINT('Ctrl Pts',(-5.69100895922939,-2.3839082111441,10.5));
#2845=CARTESIAN_POINT('Ctrl Pts',(-5.83993538156832,-2.85068311593639,10.5));
#2846=CARTESIAN_POINT('Ctrl Pts',(-5.94862744903919,-3.33683899046575,10.5));
#2847=CARTESIAN_POINT('Ctrl Pts',(-5.97140464117188,-3.74765942507551,10.5));
#2848=CARTESIAN_POINT('Ctrl Pts',(-5.88924474606792,-4.02647475379637,10.5));
#2849=CARTESIAN_POINT('Ctrl Pts',(-5.77328153135847,-4.22597827715666,10.5));
#2850=CARTESIAN_POINT('Ctrl Pts',(-5.64596670491824,-4.38268865147819,10.5));
#2851=CARTESIAN_POINT('Ctrl Pts',(-5.4876045200272,-4.50023375934866,10.5));
#2852=CARTESIAN_POINT('Ctrl Pts',(-5.27357114746756,-4.57413811200978,10.5));
#2853=CARTESIAN_POINT('Ctrl Pts',(-5.01698950605471,-4.60172799349127,10.5));
#2854=CARTESIAN_POINT('Ctrl Pts',(-4.75928303493716,-4.58982424914041,10.5));
#2855=CARTESIAN_POINT('Ctrl Pts',(-4.50714817999204,-4.54173396485426,10.5));
#2856=CARTESIAN_POINT('Ctrl Pts',(-4.2629630826616,-4.4615174170326,10.5));
#2857=CARTESIAN_POINT('Ctrl Pts',(-4.02089680676593,-4.35237626293029,10.5));
#2858=CARTESIAN_POINT('Ctrl Pts',(-3.78040532939935,-4.21699334055237,10.5));
#2859=CARTESIAN_POINT('Ctrl Pts',(-3.54258089428638,-4.05883385387318,10.5));
#2860=CARTESIAN_POINT('Ctrl Pts',(-3.30721695977446,-3.88214964777513,10.5));
#2861=CARTESIAN_POINT('Ctrl Pts',(-3.12081078870822,-3.72913454086063,10.5));
#2862=CARTESIAN_POINT('Ctrl Pts',(-2.98191676625172,-3.60916387259467,10.5));
#2863=CARTESIAN_POINT('Ctrl Pts',(-2.88970939408411,-3.52703433413437,10.5));
#2864=CARTESIAN_POINT('Ctrl Pts',(-2.84370259185398,-3.4854323702892,10.5));
#2865=CARTESIAN_POINT('',(-5.5435675901212,-1.98523032259407,10.));
#2866=CARTESIAN_POINT('Ctrl Pts',(-2.85729203131526,-2.57637276409825,10.));
#2867=CARTESIAN_POINT('Ctrl Pts',(-2.85729203131526,-2.57637276409825,10.5));
#2868=CARTESIAN_POINT('Ctrl Pts',(-2.93813614386787,-2.41880132089387,10.));
#2869=CARTESIAN_POINT('Ctrl Pts',(-2.93813614386787,-2.41880132089387,10.5));
#2870=CARTESIAN_POINT('Ctrl Pts',(-3.09524130056806,-2.11626746696827,10.));
#2871=CARTESIAN_POINT('Ctrl Pts',(-3.09524130056806,-2.11626746696827,10.5));
#2872=CARTESIAN_POINT('Ctrl Pts',(-3.31715104191666,-1.70029153648145,10.));
#2873=CARTESIAN_POINT('Ctrl Pts',(-3.31715104191666,-1.70029153648145,10.5));
#2874=CARTESIAN_POINT('Ctrl Pts',(-3.58507158910848,-1.22257069438994,10.));
#2875=CARTESIAN_POINT('Ctrl Pts',(-3.58507158910848,-1.22257069438994,10.5));
#2876=CARTESIAN_POINT('Ctrl Pts',(-3.87178513475028,-0.762438028014844,
10.));
#2877=CARTESIAN_POINT('Ctrl Pts',(-3.87178513475028,-0.762438028014844,
10.5));
#2878=CARTESIAN_POINT('Ctrl Pts',(-4.11053068247969,-0.452128241047424,
10.));
#2879=CARTESIAN_POINT('Ctrl Pts',(-4.11053068247969,-0.452128241047424,
10.5));
#2880=CARTESIAN_POINT('Ctrl Pts',(-4.30664203170638,-0.304668096039192,
10.));
#2881=CARTESIAN_POINT('Ctrl Pts',(-4.30664203170638,-0.304668096039192,
10.5));
#2882=CARTESIAN_POINT('Ctrl Pts',(-4.4738831960096,-0.3288329654002,10.));
#2883=CARTESIAN_POINT('Ctrl Pts',(-4.4738831960096,-0.3288329654002,10.5));
#2884=CARTESIAN_POINT('Ctrl Pts',(-4.64079006477205,-0.519544390000058,
10.));
#2885=CARTESIAN_POINT('Ctrl Pts',(-4.64079006477205,-0.519544390000058,
10.5));
#2886=CARTESIAN_POINT('Ctrl Pts',(-4.84522467159261,-0.863098996758237,
10.));
#2887=CARTESIAN_POINT('Ctrl Pts',(-4.84522467159261,-0.863098996758237,
10.5));
#2888=CARTESIAN_POINT('Ctrl Pts',(-5.06959953219428,-1.24866789088357,10.));
#2889=CARTESIAN_POINT('Ctrl Pts',(-5.06959953219428,-1.24866789088357,10.5));
#2890=CARTESIAN_POINT('Ctrl Pts',(-5.28615710813276,-1.59516866395632,10.));
#2891=CARTESIAN_POINT('Ctrl Pts',(-5.28615710813276,-1.59516866395632,10.5));
#2892=CARTESIAN_POINT('Ctrl Pts',(-5.45388008027309,-1.85107162493441,10.));
#2893=CARTESIAN_POINT('Ctrl Pts',(-5.45388008027309,-1.85107162493441,10.5));
#2894=CARTESIAN_POINT('Ctrl Pts',(-5.5435675901212,-1.98523032259407,10.));
#2895=CARTESIAN_POINT('Ctrl Pts',(-5.5435675901212,-1.98523032259407,10.5));
#2896=CARTESIAN_POINT('',(-2.85729203131526,-2.57637276409825,10.5));
#2897=CARTESIAN_POINT('Ctrl Pts',(-2.85729203131526,-2.57637276409825,10.5));
#2898=CARTESIAN_POINT('Ctrl Pts',(-2.93813614386787,-2.41880132089387,10.5));
#2899=CARTESIAN_POINT('Ctrl Pts',(-3.09524130056806,-2.11626746696827,10.5));
#2900=CARTESIAN_POINT('Ctrl Pts',(-3.31715104191666,-1.70029153648145,10.5));
#2901=CARTESIAN_POINT('Ctrl Pts',(-3.58507158910848,-1.22257069438994,10.5));
#2902=CARTESIAN_POINT('Ctrl Pts',(-3.87178513475028,-0.762438028014844,
10.5));
#2903=CARTESIAN_POINT('Ctrl Pts',(-4.11053068247969,-0.452128241047424,
10.5));
#2904=CARTESIAN_POINT('Ctrl Pts',(-4.30664203170638,-0.304668096039192,
10.5));
#2905=CARTESIAN_POINT('Ctrl Pts',(-4.4738831960096,-0.3288329654002,10.5));
#2906=CARTESIAN_POINT('Ctrl Pts',(-4.64079006477205,-0.519544390000058,
10.5));
#2907=CARTESIAN_POINT('Ctrl Pts',(-4.84522467159261,-0.863098996758237,
10.5));
#2908=CARTESIAN_POINT('Ctrl Pts',(-5.06959953219428,-1.24866789088357,10.5));
#2909=CARTESIAN_POINT('Ctrl Pts',(-5.28615710813276,-1.59516866395632,10.5));
#2910=CARTESIAN_POINT('Ctrl Pts',(-5.45388008027309,-1.85107162493441,10.5));
#2911=CARTESIAN_POINT('Ctrl Pts',(-5.5435675901212,-1.98523032259407,10.5));
#2912=CARTESIAN_POINT('',(-2.85729203131526,-2.57637276409825,10.));
#2913=CARTESIAN_POINT('Origin',(-1.3620517716954,-0.469755953365416,10.));
#2914=CARTESIAN_POINT('',(-1.3620517716954,-0.469755953365416,10.5));
#2915=CARTESIAN_POINT('',(-2.85729203131526,-2.57637276409825,10.5));
#2916=CARTESIAN_POINT('',(-1.3620517716954,-0.469755953365416,10.));
#2917=CARTESIAN_POINT('Ctrl Pts',(-2.14370260750021,0.114567549244495,10.));
#2918=CARTESIAN_POINT('Ctrl Pts',(-2.14370260750021,0.114567549244495,10.5));
#2919=CARTESIAN_POINT('Ctrl Pts',(-2.10428549279195,0.075150434536244,10.));
#2920=CARTESIAN_POINT('Ctrl Pts',(-2.10428549279195,0.075150434536244,10.5));
#2921=CARTESIAN_POINT('Ctrl Pts',(-2.02783022113426,0.000998824807242965,
10.));
#2922=CARTESIAN_POINT('Ctrl Pts',(-2.02783022113426,0.000998824807242965,
10.5));
#2923=CARTESIAN_POINT('Ctrl Pts',(-1.9202777666846,-0.0961933679973351,
10.));
#2924=CARTESIAN_POINT('Ctrl Pts',(-1.9202777666846,-0.0961933679973351,
10.5));
#2925=CARTESIAN_POINT('Ctrl Pts',(-1.78916813224509,-0.201584785121069,
10.));
#2926=CARTESIAN_POINT('Ctrl Pts',(-1.78916813224509,-0.201584785121069,
10.5));
#2927=CARTESIAN_POINT('Ctrl Pts',(-1.63891983018344,-0.306478251119995,
10.));
#2928=CARTESIAN_POINT('Ctrl Pts',(-1.63891983018344,-0.306478251119995,
10.5));
#2929=CARTESIAN_POINT('Ctrl Pts',(-1.52541457775848,-0.377218096352034,
10.));
#2930=CARTESIAN_POINT('Ctrl Pts',(-1.52541457775848,-0.377218096352034,
10.5));
#2931=CARTESIAN_POINT('Ctrl Pts',(-1.44281382115549,-0.425296633758782,
10.));
#2932=CARTESIAN_POINT('Ctrl Pts',(-1.44281382115549,-0.425296633758782,
10.5));
#2933=CARTESIAN_POINT('Ctrl Pts',(-1.38879727675313,-0.455280991833933,
10.));
#2934=CARTESIAN_POINT('Ctrl Pts',(-1.38879727675313,-0.455280991833933,
10.5));
#2935=CARTESIAN_POINT('Ctrl Pts',(-1.3620517716954,-0.469755953365416,10.));
#2936=CARTESIAN_POINT('Ctrl Pts',(-1.3620517716954,-0.469755953365416,10.5));
#2937=CARTESIAN_POINT('',(-2.14370260750021,0.114567549244495,10.5));
#2938=CARTESIAN_POINT('Ctrl Pts',(-2.14370260750021,0.114567549244495,10.5));
#2939=CARTESIAN_POINT('Ctrl Pts',(-2.10428549279195,0.075150434536244,10.5));
#2940=CARTESIAN_POINT('Ctrl Pts',(-2.02783022113426,0.000998824807242965,
10.5));
#2941=CARTESIAN_POINT('Ctrl Pts',(-1.9202777666846,-0.0961933679973351,
10.5));
#2942=CARTESIAN_POINT('Ctrl Pts',(-1.78916813224509,-0.201584785121069,
10.5));
#2943=CARTESIAN_POINT('Ctrl Pts',(-1.63891983018344,-0.306478251119995,
10.5));
#2944=CARTESIAN_POINT('Ctrl Pts',(-1.52541457775848,-0.377218096352034,
10.5));
#2945=CARTESIAN_POINT('Ctrl Pts',(-1.44281382115549,-0.425296633758782,
10.5));
#2946=CARTESIAN_POINT('Ctrl Pts',(-1.38879727675313,-0.455280991833933,
10.5));
#2947=CARTESIAN_POINT('Ctrl Pts',(-1.3620517716954,-0.469755953365416,10.5));
#2948=CARTESIAN_POINT('',(-2.14370260750021,0.114567549244495,10.));
#2949=CARTESIAN_POINT('Ctrl Pts',(-2.42493803916939,0.652915895892654,10.));
#2950=CARTESIAN_POINT('Ctrl Pts',(-2.42493803916939,0.652915895892654,10.5));
#2951=CARTESIAN_POINT('Ctrl Pts',(-2.41804968956687,0.626740167403062,10.));
#2952=CARTESIAN_POINT('Ctrl Pts',(-2.41804968956687,0.626740167403062,10.5));
#2953=CARTESIAN_POINT('Ctrl Pts',(-2.4030001781538,0.575743455022883,10.));
#2954=CARTESIAN_POINT('Ctrl Pts',(-2.4030001781538,0.575743455022883,10.5));
#2955=CARTESIAN_POINT('Ctrl Pts',(-2.37661090942666,0.503308964117109,10.));
#2956=CARTESIAN_POINT('Ctrl Pts',(-2.37661090942666,0.503308964117109,10.5));
#2957=CARTESIAN_POINT('Ctrl Pts',(-2.33484776063595,0.413730498573093,10.));
#2958=CARTESIAN_POINT('Ctrl Pts',(-2.33484776063595,0.413730498573093,10.5));
#2959=CARTESIAN_POINT('Ctrl Pts',(-2.27534669801029,0.309524267744936,10.));
#2960=CARTESIAN_POINT('Ctrl Pts',(-2.27534669801029,0.309524267744936,10.5));
#2961=CARTESIAN_POINT('Ctrl Pts',(-2.22416468826725,0.229970966104971,10.));
#2962=CARTESIAN_POINT('Ctrl Pts',(-2.22416468826725,0.229970966104971,10.5));
#2963=CARTESIAN_POINT('Ctrl Pts',(-2.18442552902144,0.171745713580334,10.));
#2964=CARTESIAN_POINT('Ctrl Pts',(-2.18442552902144,0.171745713580334,10.5));
#2965=CARTESIAN_POINT('Ctrl Pts',(-2.15737064009544,0.133527178721366,10.));
#2966=CARTESIAN_POINT('Ctrl Pts',(-2.15737064009544,0.133527178721366,10.5));
#2967=CARTESIAN_POINT('Ctrl Pts',(-2.14370260750021,0.114567549244495,10.));
#2968=CARTESIAN_POINT('Ctrl Pts',(-2.14370260750021,0.114567549244495,10.5));
#2969=CARTESIAN_POINT('',(-2.42493803916939,0.652915895892654,10.5));
#2970=CARTESIAN_POINT('Ctrl Pts',(-2.42493803916939,0.652915895892654,10.5));
#2971=CARTESIAN_POINT('Ctrl Pts',(-2.41804968956687,0.626740167403062,10.5));
#2972=CARTESIAN_POINT('Ctrl Pts',(-2.4030001781538,0.575743455022883,10.5));
#2973=CARTESIAN_POINT('Ctrl Pts',(-2.37661090942666,0.503308964117109,10.5));
#2974=CARTESIAN_POINT('Ctrl Pts',(-2.33484776063595,0.413730498573093,10.5));
#2975=CARTESIAN_POINT('Ctrl Pts',(-2.27534669801029,0.309524267744936,10.5));
#2976=CARTESIAN_POINT('Ctrl Pts',(-2.22416468826725,0.229970966104971,10.5));
#2977=CARTESIAN_POINT('Ctrl Pts',(-2.18442552902144,0.171745713580334,10.5));
#2978=CARTESIAN_POINT('Ctrl Pts',(-2.15737064009544,0.133527178721366,10.5));
#2979=CARTESIAN_POINT('Ctrl Pts',(-2.14370260750021,0.114567549244495,10.5));
#2980=CARTESIAN_POINT('',(-2.42493803916939,0.652915895892654,10.));
#2981=CARTESIAN_POINT('Ctrl Pts',(-2.51033204792593,1.11190869295902,10.));
#2982=CARTESIAN_POINT('Ctrl Pts',(-2.51033204792593,1.11190869295902,10.5));
#2983=CARTESIAN_POINT('Ctrl Pts',(-2.50483132527629,1.09949879968866,10.));
#2984=CARTESIAN_POINT('Ctrl Pts',(-2.50483132527629,1.09949879968866,10.5));
#2985=CARTESIAN_POINT('Ctrl Pts',(-2.49510317114322,1.0736299157287,10.));
#2986=CARTESIAN_POINT('Ctrl Pts',(-2.49510317114322,1.0736299157287,10.5));
#2987=CARTESIAN_POINT('Ctrl Pts',(-2.48432674450204,1.03168147463181,10.));
#2988=CARTESIAN_POINT('Ctrl Pts',(-2.48432674450204,1.03168147463181,10.5));
#2989=CARTESIAN_POINT('Ctrl Pts',(-2.4759894734822,0.969761536621843,10.));
#2990=CARTESIAN_POINT('Ctrl Pts',(-2.4759894734822,0.969761536621843,10.5));
#2991=CARTESIAN_POINT('Ctrl Pts',(-2.4683842387101,0.881710944096511,10.));
#2992=CARTESIAN_POINT('Ctrl Pts',(-2.4683842387101,0.881710944096511,10.5));
#2993=CARTESIAN_POINT('Ctrl Pts',(-2.45798348001313,0.800150823718534,10.));
#2994=CARTESIAN_POINT('Ctrl Pts',(-2.45798348001313,0.800150823718534,10.5));
#2995=CARTESIAN_POINT('Ctrl Pts',(-2.44428235422674,0.730365228457666,10.));
#2996=CARTESIAN_POINT('Ctrl Pts',(-2.44428235422674,0.730365228457666,10.5));
#2997=CARTESIAN_POINT('Ctrl Pts',(-2.43192405737449,0.679462765072027,10.));
#2998=CARTESIAN_POINT('Ctrl Pts',(-2.43192405737449,0.679462765072027,10.5));
#2999=CARTESIAN_POINT('Ctrl Pts',(-2.42493803916939,0.652915895892654,10.));
#3000=CARTESIAN_POINT('Ctrl Pts',(-2.42493803916939,0.652915895892654,10.5));
#3001=CARTESIAN_POINT('',(-2.51033204792593,1.11190869295902,10.5));
#3002=CARTESIAN_POINT('Ctrl Pts',(-2.51033204792593,1.11190869295902,10.5));
#3003=CARTESIAN_POINT('Ctrl Pts',(-2.50483132527629,1.09949879968866,10.5));
#3004=CARTESIAN_POINT('Ctrl Pts',(-2.49510317114322,1.0736299157287,10.5));
#3005=CARTESIAN_POINT('Ctrl Pts',(-2.48432674450204,1.03168147463181,10.5));
#3006=CARTESIAN_POINT('Ctrl Pts',(-2.4759894734822,0.969761536621843,10.5));
#3007=CARTESIAN_POINT('Ctrl Pts',(-2.4683842387101,0.881710944096511,10.5));
#3008=CARTESIAN_POINT('Ctrl Pts',(-2.45798348001313,0.800150823718534,10.5));
#3009=CARTESIAN_POINT('Ctrl Pts',(-2.44428235422674,0.730365228457666,10.5));
#3010=CARTESIAN_POINT('Ctrl Pts',(-2.43192405737449,0.679462765072027,10.5));
#3011=CARTESIAN_POINT('Ctrl Pts',(-2.42493803916939,0.652915895892654,10.5));
#3012=CARTESIAN_POINT('',(-2.51033204792593,1.11190869295902,10.));
#3013=CARTESIAN_POINT('Ctrl Pts',(-3.22068962638938,1.52810335037023,10.));
#3014=CARTESIAN_POINT('Ctrl Pts',(-3.22068962638938,1.52810335037023,10.5));
#3015=CARTESIAN_POINT('Ctrl Pts',(-3.20241243965484,1.50835972260675,10.));
#3016=CARTESIAN_POINT('Ctrl Pts',(-3.20241243965484,1.50835972260675,10.5));
#3017=CARTESIAN_POINT('Ctrl Pts',(-3.16362696265202,1.47255797845927,10.));
#3018=CARTESIAN_POINT('Ctrl Pts',(-3.16362696265202,1.47255797845927,10.5));
#3019=CARTESIAN_POINT('Ctrl Pts',(-3.09876076544865,1.42989930262515,10.));
#3020=CARTESIAN_POINT('Ctrl Pts',(-3.09876076544865,1.42989930262515,10.5));
#3021=CARTESIAN_POINT('Ctrl Pts',(-3.00014253107891,1.38977060148407,10.));
#3022=CARTESIAN_POINT('Ctrl Pts',(-3.00014253107891,1.38977060148407,10.5));
#3023=CARTESIAN_POINT('Ctrl Pts',(-2.85917215744976,1.34197639995163,10.));
#3024=CARTESIAN_POINT('Ctrl Pts',(-2.85917215744976,1.34197639995163,10.5));
#3025=CARTESIAN_POINT('Ctrl Pts',(-2.73147418274923,1.28105444847384,10.));
#3026=CARTESIAN_POINT('Ctrl Pts',(-2.73147418274923,1.28105444847384,10.5));
#3027=CARTESIAN_POINT('Ctrl Pts',(-2.62539160580619,1.20892430927204,10.));
#3028=CARTESIAN_POINT('Ctrl Pts',(-2.62539160580619,1.20892430927204,10.5));
#3029=CARTESIAN_POINT('Ctrl Pts',(-2.54954079124144,1.14661927334913,10.));
#3030=CARTESIAN_POINT('Ctrl Pts',(-2.54954079124144,1.14661927334913,10.5));
#3031=CARTESIAN_POINT('Ctrl Pts',(-2.51033204792593,1.11190869295902,10.));
#3032=CARTESIAN_POINT('Ctrl Pts',(-2.51033204792593,1.11190869295902,10.5));
#3033=CARTESIAN_POINT('',(-3.22068962638938,1.52810335037023,10.5));
#3034=CARTESIAN_POINT('Ctrl Pts',(-3.22068962638938,1.52810335037023,10.5));
#3035=CARTESIAN_POINT('Ctrl Pts',(-3.20241243965484,1.50835972260675,10.5));
#3036=CARTESIAN_POINT('Ctrl Pts',(-3.16362696265202,1.47255797845927,10.5));
#3037=CARTESIAN_POINT('Ctrl Pts',(-3.09876076544865,1.42989930262515,10.5));
#3038=CARTESIAN_POINT('Ctrl Pts',(-3.00014253107891,1.38977060148407,10.5));
#3039=CARTESIAN_POINT('Ctrl Pts',(-2.85917215744976,1.34197639995163,10.5));
#3040=CARTESIAN_POINT('Ctrl Pts',(-2.73147418274923,1.28105444847384,10.5));
#3041=CARTESIAN_POINT('Ctrl Pts',(-2.62539160580619,1.20892430927204,10.5));
#3042=CARTESIAN_POINT('Ctrl Pts',(-2.54954079124144,1.14661927334913,10.5));
#3043=CARTESIAN_POINT('Ctrl Pts',(-2.51033204792593,1.11190869295902,10.5));
#3044=CARTESIAN_POINT('',(-3.22068962638938,1.52810335037023,10.));
#3045=CARTESIAN_POINT('Ctrl Pts',(-3.35397569085098,1.68610529719089,10.));
#3046=CARTESIAN_POINT('Ctrl Pts',(-3.35397569085098,1.68610529719089,10.5));
#3047=CARTESIAN_POINT('Ctrl Pts',(-3.34769078612522,1.68054115388061,10.));
#3048=CARTESIAN_POINT('Ctrl Pts',(-3.34769078612522,1.68054115388061,10.5));
#3049=CARTESIAN_POINT('Ctrl Pts',(-3.33539925216821,1.66919224175873,10.));
#3050=CARTESIAN_POINT('Ctrl Pts',(-3.33539925216821,1.66919224175873,10.5));
#3051=CARTESIAN_POINT('Ctrl Pts',(-3.31779602671708,1.65150759248753,10.));
#3052=CARTESIAN_POINT('Ctrl Pts',(-3.31779602671708,1.65150759248753,10.5));
#3053=CARTESIAN_POINT('Ctrl Pts',(-3.29576309180816,1.62678794316839,10.));
#3054=CARTESIAN_POINT('Ctrl Pts',(-3.29576309180816,1.62678794316839,10.5));
#3055=CARTESIAN_POINT('Ctrl Pts',(-3.26981729718785,1.59462351918368,10.));
#3056=CARTESIAN_POINT('Ctrl Pts',(-3.26981729718785,1.59462351918368,10.5));
#3057=CARTESIAN_POINT('Ctrl Pts',(-3.2498436120042,1.56827123238187,10.));
#3058=CARTESIAN_POINT('Ctrl Pts',(-3.2498436120042,1.56827123238187,10.5));
#3059=CARTESIAN_POINT('Ctrl Pts',(-3.23515907900662,1.54827255259671,10.));
#3060=CARTESIAN_POINT('Ctrl Pts',(-3.23515907900662,1.54827255259671,10.5));
#3061=CARTESIAN_POINT('Ctrl Pts',(-3.22549228603153,1.53484266386623,10.));
#3062=CARTESIAN_POINT('Ctrl Pts',(-3.22549228603153,1.53484266386623,10.5));
#3063=CARTESIAN_POINT('Ctrl Pts',(-3.22068962638938,1.52810335037023,10.));
#3064=CARTESIAN_POINT('Ctrl Pts',(-3.22068962638938,1.52810335037023,10.5));
#3065=CARTESIAN_POINT('',(-3.35397569085098,1.68610529719089,10.5));
#3066=CARTESIAN_POINT('Ctrl Pts',(-3.35397569085098,1.68610529719089,10.5));
#3067=CARTESIAN_POINT('Ctrl Pts',(-3.34769078612522,1.68054115388061,10.5));
#3068=CARTESIAN_POINT('Ctrl Pts',(-3.33539925216821,1.66919224175873,10.5));
#3069=CARTESIAN_POINT('Ctrl Pts',(-3.31779602671708,1.65150759248753,10.5));
#3070=CARTESIAN_POINT('Ctrl Pts',(-3.29576309180816,1.62678794316839,10.5));
#3071=CARTESIAN_POINT('Ctrl Pts',(-3.26981729718785,1.59462351918368,10.5));
#3072=CARTESIAN_POINT('Ctrl Pts',(-3.2498436120042,1.56827123238187,10.5));
#3073=CARTESIAN_POINT('Ctrl Pts',(-3.23515907900662,1.54827255259671,10.5));
#3074=CARTESIAN_POINT('Ctrl Pts',(-3.22549228603153,1.53484266386623,10.5));
#3075=CARTESIAN_POINT('Ctrl Pts',(-3.22068962638938,1.52810335037023,10.5));
#3076=CARTESIAN_POINT('',(-3.35397569085098,1.68610529719089,10.));
#3077=CARTESIAN_POINT('Ctrl Pts',(-3.5087025780378,1.73456751443164,10.));
#3078=CARTESIAN_POINT('Ctrl Pts',(-3.5087025780378,1.73456751443164,10.5));
#3079=CARTESIAN_POINT('Ctrl Pts',(-3.50407097000949,1.73155395449341,10.));
#3080=CARTESIAN_POINT('Ctrl Pts',(-3.50407097000949,1.73155395449341,10.5));
#3081=CARTESIAN_POINT('Ctrl Pts',(-3.49462669048357,1.72565181708698,10.));
#3082=CARTESIAN_POINT('Ctrl Pts',(-3.49462669048357,1.72565181708698,10.5));
#3083=CARTESIAN_POINT('Ctrl Pts',(-3.47991730916383,1.71717340074581,10.));
#3084=CARTESIAN_POINT('Ctrl Pts',(-3.47991730916383,1.71717340074581,10.5));
#3085=CARTESIAN_POINT('Ctrl Pts',(-3.45914341369472,1.70667051490529,10.));
#3086=CARTESIAN_POINT('Ctrl Pts',(-3.45914341369472,1.70667051490529,10.5));
#3087=CARTESIAN_POINT('Ctrl Pts',(-3.43029343444938,1.69553168338816,10.));
#3088=CARTESIAN_POINT('Ctrl Pts',(-3.43029343444938,1.69553168338816,10.5));
#3089=CARTESIAN_POINT('Ctrl Pts',(-3.40345426300912,1.68921546852616,10.));
#3090=CARTESIAN_POINT('Ctrl Pts',(-3.40345426300912,1.68921546852616,10.5));
#3091=CARTESIAN_POINT('Ctrl Pts',(-3.38014821903672,1.68667106049916,10.));
#3092=CARTESIAN_POINT('Ctrl Pts',(-3.38014821903672,1.68667106049916,10.5));
#3093=CARTESIAN_POINT('Ctrl Pts',(-3.36297307607408,1.68610529719089,10.));
#3094=CARTESIAN_POINT('Ctrl Pts',(-3.36297307607408,1.68610529719089,10.5));
#3095=CARTESIAN_POINT('Ctrl Pts',(-3.35397569085098,1.68610529719089,10.));
#3096=CARTESIAN_POINT('Ctrl Pts',(-3.35397569085098,1.68610529719089,10.5));
#3097=CARTESIAN_POINT('',(-3.5087025780378,1.73456751443164,10.5));
#3098=CARTESIAN_POINT('Ctrl Pts',(-3.5087025780378,1.73456751443164,10.5));
#3099=CARTESIAN_POINT('Ctrl Pts',(-3.50407097000949,1.73155395449341,10.5));
#3100=CARTESIAN_POINT('Ctrl Pts',(-3.49462669048357,1.72565181708698,10.5));
#3101=CARTESIAN_POINT('Ctrl Pts',(-3.47991730916383,1.71717340074581,10.5));
#3102=CARTESIAN_POINT('Ctrl Pts',(-3.45914341369472,1.70667051490529,10.5));
#3103=CARTESIAN_POINT('Ctrl Pts',(-3.43029343444938,1.69553168338816,10.5));
#3104=CARTESIAN_POINT('Ctrl Pts',(-3.40345426300912,1.68921546852616,10.5));
#3105=CARTESIAN_POINT('Ctrl Pts',(-3.38014821903672,1.68667106049916,10.5));
#3106=CARTESIAN_POINT('Ctrl Pts',(-3.36297307607408,1.68610529719089,10.5));
#3107=CARTESIAN_POINT('Ctrl Pts',(-3.35397569085098,1.68610529719089,10.5));
#3108=CARTESIAN_POINT('',(-3.5087025780378,1.73456751443164,10.));
#3109=CARTESIAN_POINT('Ctrl Pts',(-3.70063822150723,1.84248128937219,10.));
#3110=CARTESIAN_POINT('Ctrl Pts',(-3.70063822150723,1.84248128937219,10.5));
#3111=CARTESIAN_POINT('Ctrl Pts',(-3.69247668306929,1.84233207629221,10.));
#3112=CARTESIAN_POINT('Ctrl Pts',(-3.69247668306929,1.84233207629221,10.5));
#3113=CARTESIAN_POINT('Ctrl Pts',(-3.67620988674314,1.84154917602229,10.));
#3114=CARTESIAN_POINT('Ctrl Pts',(-3.67620988674314,1.84154917602229,10.5));
#3115=CARTESIAN_POINT('Ctrl Pts',(-3.65197846291599,1.83892201435922,10.));
#3116=CARTESIAN_POINT('Ctrl Pts',(-3.65197846291599,1.83892201435922,10.5));
#3117=CARTESIAN_POINT('Ctrl Pts',(-3.62003089554228,1.83231159224943,10.));
#3118=CARTESIAN_POINT('Ctrl Pts',(-3.62003089554228,1.83231159224943,10.5));
#3119=CARTESIAN_POINT('Ctrl Pts',(-3.58099244738163,1.81633552412172,10.));
#3120=CARTESIAN_POINT('Ctrl Pts',(-3.58099244738163,1.81633552412172,10.5));
#3121=CARTESIAN_POINT('Ctrl Pts',(-3.55093016955567,1.79349615649723,10.));
#3122=CARTESIAN_POINT('Ctrl Pts',(-3.55093016955567,1.79349615649723,10.5));
#3123=CARTESIAN_POINT('Ctrl Pts',(-3.5293708744696,1.76786678183301,10.));
#3124=CARTESIAN_POINT('Ctrl Pts',(-3.5293708744696,1.76786678183301,10.5));
#3125=CARTESIAN_POINT('Ctrl Pts',(-3.51550708768545,1.74639829988554,10.));
#3126=CARTESIAN_POINT('Ctrl Pts',(-3.51550708768545,1.74639829988554,10.5));
#3127=CARTESIAN_POINT('Ctrl Pts',(-3.5087025780378,1.73456751443164,10.));
#3128=CARTESIAN_POINT('Ctrl Pts',(-3.5087025780378,1.73456751443164,10.5));
#3129=CARTESIAN_POINT('',(-3.70063822150723,1.84248128937219,10.5));
#3130=CARTESIAN_POINT('Ctrl Pts',(-3.70063822150723,1.84248128937219,10.5));
#3131=CARTESIAN_POINT('Ctrl Pts',(-3.69247668306929,1.84233207629221,10.5));
#3132=CARTESIAN_POINT('Ctrl Pts',(-3.67620988674314,1.84154917602229,10.5));
#3133=CARTESIAN_POINT('Ctrl Pts',(-3.65197846291599,1.83892201435922,10.5));
#3134=CARTESIAN_POINT('Ctrl Pts',(-3.62003089554228,1.83231159224943,10.5));
#3135=CARTESIAN_POINT('Ctrl Pts',(-3.58099244738163,1.81633552412172,10.5));
#3136=CARTESIAN_POINT('Ctrl Pts',(-3.55093016955567,1.79349615649723,10.5));
#3137=CARTESIAN_POINT('Ctrl Pts',(-3.5293708744696,1.76786678183301,10.5));
#3138=CARTESIAN_POINT('Ctrl Pts',(-3.51550708768545,1.74639829988554,10.5));
#3139=CARTESIAN_POINT('Ctrl Pts',(-3.5087025780378,1.73456751443164,10.5));
#3140=CARTESIAN_POINT('',(-3.70063822150723,1.84248128937219,10.));
#3141=CARTESIAN_POINT('Ctrl Pts',(-4.02822940207767,2.0345676474245,10.));
#3142=CARTESIAN_POINT('Ctrl Pts',(-4.02822940207767,2.0345676474245,10.5));
#3143=CARTESIAN_POINT('Ctrl Pts',(-4.02434446958461,2.02823176868891,10.));
#3144=CARTESIAN_POINT('Ctrl Pts',(-4.02434446958461,2.02823176868891,10.5));
#3145=CARTESIAN_POINT('Ctrl Pts',(-4.01720486397003,2.01481079213419,10.));
#3146=CARTESIAN_POINT('Ctrl Pts',(-4.01720486397003,2.01481079213419,10.5));
#3147=CARTESIAN_POINT('Ctrl Pts',(-4.00838595793414,1.99243210726456,10.));
#3148=CARTESIAN_POINT('Ctrl Pts',(-4.00838595793414,1.99243210726456,10.5));
#3149=CARTESIAN_POINT('Ctrl Pts',(-3.99977590110929,1.95910132526181,10.));
#3150=CARTESIAN_POINT('Ctrl Pts',(-3.99977590110929,1.95910132526181,10.5));
#3151=CARTESIAN_POINT('Ctrl Pts',(-3.99071804933606,1.91699124116512,10.));
#3152=CARTESIAN_POINT('Ctrl Pts',(-3.99071804933606,1.91699124116512,10.5));
#3153=CARTESIAN_POINT('Ctrl Pts',(-3.97892041728293,1.88071376342581,10.));
#3154=CARTESIAN_POINT('Ctrl Pts',(-3.97892041728293,1.88071376342581,10.5));
#3155=CARTESIAN_POINT('Ctrl Pts',(-3.96000646031509,1.85559127187735,10.));
#3156=CARTESIAN_POINT('Ctrl Pts',(-3.96000646031509,1.85559127187735,10.5));
#3157=CARTESIAN_POINT('Ctrl Pts',(-3.93073020959327,1.84389140517899,10.));
#3158=CARTESIAN_POINT('Ctrl Pts',(-3.93073020959327,1.84389140517899,10.5));
#3159=CARTESIAN_POINT('Ctrl Pts',(-3.89003204802485,1.84276546436243,10.));
#3160=CARTESIAN_POINT('Ctrl Pts',(-3.89003204802485,1.84276546436243,10.5));
#3161=CARTESIAN_POINT('Ctrl Pts',(-3.83805471845271,1.84664795831186,10.));
#3162=CARTESIAN_POINT('Ctrl Pts',(-3.83805471845271,1.84664795831186,10.5));
#3163=CARTESIAN_POINT('Ctrl Pts',(-3.78800169726639,1.84862530964513,10.));
#3164=CARTESIAN_POINT('Ctrl Pts',(-3.78800169726639,1.84862530964513,10.5));
#3165=CARTESIAN_POINT('Ctrl Pts',(-3.74601204162574,1.84703971550882,10.));
#3166=CARTESIAN_POINT('Ctrl Pts',(-3.74601204162574,1.84703971550882,10.5));
#3167=CARTESIAN_POINT('Ctrl Pts',(-3.71608514167143,1.84428391427612,10.));
#3168=CARTESIAN_POINT('Ctrl Pts',(-3.71608514167143,1.84428391427612,10.5));
#3169=CARTESIAN_POINT('Ctrl Pts',(-3.70063822150723,1.84248128937219,10.));
#3170=CARTESIAN_POINT('Ctrl Pts',(-3.70063822150723,1.84248128937219,10.5));
#3171=CARTESIAN_POINT('',(-4.02822940207767,2.0345676474245,10.5));
#3172=CARTESIAN_POINT('Ctrl Pts',(-4.02822940207767,2.0345676474245,10.5));
#3173=CARTESIAN_POINT('Ctrl Pts',(-4.02434446958461,2.02823176868891,10.5));
#3174=CARTESIAN_POINT('Ctrl Pts',(-4.01720486397003,2.01481079213419,10.5));
#3175=CARTESIAN_POINT('Ctrl Pts',(-4.00838595793414,1.99243210726456,10.5));
#3176=CARTESIAN_POINT('Ctrl Pts',(-3.99977590110929,1.95910132526181,10.5));
#3177=CARTESIAN_POINT('Ctrl Pts',(-3.99071804933606,1.91699124116512,10.5));
#3178=CARTESIAN_POINT('Ctrl Pts',(-3.97892041728293,1.88071376342581,10.5));
#3179=CARTESIAN_POINT('Ctrl Pts',(-3.96000646031509,1.85559127187735,10.5));
#3180=CARTESIAN_POINT('Ctrl Pts',(-3.93073020959327,1.84389140517899,10.5));
#3181=CARTESIAN_POINT('Ctrl Pts',(-3.89003204802485,1.84276546436243,10.5));
#3182=CARTESIAN_POINT('Ctrl Pts',(-3.83805471845271,1.84664795831186,10.5));
#3183=CARTESIAN_POINT('Ctrl Pts',(-3.78800169726639,1.84862530964513,10.5));
#3184=CARTESIAN_POINT('Ctrl Pts',(-3.74601204162574,1.84703971550882,10.5));
#3185=CARTESIAN_POINT('Ctrl Pts',(-3.71608514167143,1.84428391427612,10.5));
#3186=CARTESIAN_POINT('Ctrl Pts',(-3.70063822150723,1.84248128937219,10.5));
#3187=CARTESIAN_POINT('',(-4.02822940207767,2.0345676474245,10.));
#3188=CARTESIAN_POINT('Ctrl Pts',(-4.35454792510923,2.24055485749227,10.));
#3189=CARTESIAN_POINT('Ctrl Pts',(-4.35454792510923,2.24055485749227,10.5));
#3190=CARTESIAN_POINT('Ctrl Pts',(-4.34248650272828,2.23514819764551,10.));
#3191=CARTESIAN_POINT('Ctrl Pts',(-4.34248650272828,2.23514819764551,10.5));
#3192=CARTESIAN_POINT('Ctrl Pts',(-4.31824841217231,2.22400554730483,10.));
#3193=CARTESIAN_POINT('Ctrl Pts',(-4.31824841217231,2.22400554730483,10.5));
#3194=CARTESIAN_POINT('Ctrl Pts',(-4.28154568431675,2.20630399524016,10.));
#3195=CARTESIAN_POINT('Ctrl Pts',(-4.28154568431675,2.20630399524016,10.5));
#3196=CARTESIAN_POINT('Ctrl Pts',(-4.23186949807214,2.18058951547139,10.));
#3197=CARTESIAN_POINT('Ctrl Pts',(-4.23186949807214,2.18058951547139,10.5));
#3198=CARTESIAN_POINT('Ctrl Pts',(-4.16793950163745,2.1432033272981,10.));
#3199=CARTESIAN_POINT('Ctrl Pts',(-4.16793950163745,2.1432033272981,10.5));
#3200=CARTESIAN_POINT('Ctrl Pts',(-4.11440280422311,2.10645690790851,10.));
#3201=CARTESIAN_POINT('Ctrl Pts',(-4.11440280422311,2.10645690790851,10.5));
#3202=CARTESIAN_POINT('Ctrl Pts',(-4.07222835301138,2.07311915663768,10.));
#3203=CARTESIAN_POINT('Ctrl Pts',(-4.07222835301138,2.07311915663768,10.5));
#3204=CARTESIAN_POINT('Ctrl Pts',(-4.04306961502064,2.04791508204237,10.));
#3205=CARTESIAN_POINT('Ctrl Pts',(-4.04306961502064,2.04791508204237,10.5));
#3206=CARTESIAN_POINT('Ctrl Pts',(-4.02822940207767,2.0345676474245,10.));
#3207=CARTESIAN_POINT('Ctrl Pts',(-4.02822940207767,2.0345676474245,10.5));
#3208=CARTESIAN_POINT('',(-4.35454792510923,2.24055485749227,10.5));
#3209=CARTESIAN_POINT('Ctrl Pts',(-4.35454792510923,2.24055485749227,10.5));
#3210=CARTESIAN_POINT('Ctrl Pts',(-4.34248650272828,2.23514819764551,10.5));
#3211=CARTESIAN_POINT('Ctrl Pts',(-4.31824841217231,2.22400554730483,10.5));
#3212=CARTESIAN_POINT('Ctrl Pts',(-4.28154568431675,2.20630399524016,10.5));
#3213=CARTESIAN_POINT('Ctrl Pts',(-4.23186949807214,2.18058951547139,10.5));
#3214=CARTESIAN_POINT('Ctrl Pts',(-4.16793950163745,2.1432033272981,10.5));
#3215=CARTESIAN_POINT('Ctrl Pts',(-4.11440280422311,2.10645690790851,10.5));
#3216=CARTESIAN_POINT('Ctrl Pts',(-4.07222835301138,2.07311915663768,10.5));
#3217=CARTESIAN_POINT('Ctrl Pts',(-4.04306961502064,2.04791508204237,10.5));
#3218=CARTESIAN_POINT('Ctrl Pts',(-4.02822940207767,2.0345676474245,10.5));
#3219=CARTESIAN_POINT('',(-4.35454792510923,2.24055485749227,10.));
#3220=CARTESIAN_POINT('Ctrl Pts',(-2.56211321618845,1.65539674877108,10.));
#3221=CARTESIAN_POINT('Ctrl Pts',(-2.56211321618845,1.65539674877108,10.5));
#3222=CARTESIAN_POINT('Ctrl Pts',(-2.63617706267747,1.65823076074362,10.));
#3223=CARTESIAN_POINT('Ctrl Pts',(-2.63617706267747,1.65823076074362,10.5));
#3224=CARTESIAN_POINT('Ctrl Pts',(-2.78174971615231,1.67576658489758,10.));
#3225=CARTESIAN_POINT('Ctrl Pts',(-2.78174971615231,1.67576658489758,10.5));
#3226=CARTESIAN_POINT('Ctrl Pts',(-2.99245224750997,1.73763611333772,10.));
#3227=CARTESIAN_POINT('Ctrl Pts',(-2.99245224750997,1.73763611333772,10.5));
#3228=CARTESIAN_POINT('Ctrl Pts',(-3.26172403209195,1.8766183689629,10.));
#3229=CARTESIAN_POINT('Ctrl Pts',(-3.26172403209195,1.8766183689629,10.5));
#3230=CARTESIAN_POINT('Ctrl Pts',(-3.59623955295095,2.07883876311585,10.));
#3231=CARTESIAN_POINT('Ctrl Pts',(-3.59623955295095,2.07883876311585,10.5));
#3232=CARTESIAN_POINT('Ctrl Pts',(-3.87881611257778,2.20433310398924,10.));
#3233=CARTESIAN_POINT('Ctrl Pts',(-3.87881611257778,2.20433310398924,10.5));
#3234=CARTESIAN_POINT('Ctrl Pts',(-4.10837626282619,2.24708543915386,10.));
#3235=CARTESIAN_POINT('Ctrl Pts',(-4.10837626282619,2.24708543915386,10.5));
#3236=CARTESIAN_POINT('Ctrl Pts',(-4.27090732007689,2.2474294277689,10.));
#3237=CARTESIAN_POINT('Ctrl Pts',(-4.27090732007689,2.2474294277689,10.5));
#3238=CARTESIAN_POINT('Ctrl Pts',(-4.35454792510923,2.24055485749227,10.));
#3239=CARTESIAN_POINT('Ctrl Pts',(-4.35454792510923,2.24055485749227,10.5));
#3240=CARTESIAN_POINT('',(-2.56211321618845,1.65539674877108,10.5));
#3241=CARTESIAN_POINT('Ctrl Pts',(-2.56211321618845,1.65539674877108,10.5));
#3242=CARTESIAN_POINT('Ctrl Pts',(-2.63617706267747,1.65823076074362,10.5));
#3243=CARTESIAN_POINT('Ctrl Pts',(-2.78174971615231,1.67576658489758,10.5));
#3244=CARTESIAN_POINT('Ctrl Pts',(-2.99245224750997,1.73763611333772,10.5));
#3245=CARTESIAN_POINT('Ctrl Pts',(-3.26172403209195,1.8766183689629,10.5));
#3246=CARTESIAN_POINT('Ctrl Pts',(-3.59623955295095,2.07883876311585,10.5));
#3247=CARTESIAN_POINT('Ctrl Pts',(-3.87881611257778,2.20433310398924,10.5));
#3248=CARTESIAN_POINT('Ctrl Pts',(-4.10837626282619,2.24708543915386,10.5));
#3249=CARTESIAN_POINT('Ctrl Pts',(-4.27090732007689,2.2474294277689,10.5));
#3250=CARTESIAN_POINT('Ctrl Pts',(-4.35454792510923,2.24055485749227,10.5));
#3251=CARTESIAN_POINT('',(-2.56211321618845,1.65539674877108,10.));
#3252=CARTESIAN_POINT('Ctrl Pts',(-2.30586773265422,1.71547778495861,10.));
#3253=CARTESIAN_POINT('Ctrl Pts',(-2.30586773265422,1.71547778495861,10.5));
#3254=CARTESIAN_POINT('Ctrl Pts',(-2.31551969683897,1.71155838285095,10.));
#3255=CARTESIAN_POINT('Ctrl Pts',(-2.31551969683897,1.71155838285095,10.5));
#3256=CARTESIAN_POINT('Ctrl Pts',(-2.33489312889416,1.70389583998063,10.));
#3257=CARTESIAN_POINT('Ctrl Pts',(-2.33489312889416,1.70389583998063,10.5));
#3258=CARTESIAN_POINT('Ctrl Pts',(-2.36416170036841,1.69293058739004,10.));
#3259=CARTESIAN_POINT('Ctrl Pts',(-2.36416170036841,1.69293058739004,10.5));
#3260=CARTESIAN_POINT('Ctrl Pts',(-2.40363227661304,1.67944083560143,10.));
#3261=CARTESIAN_POINT('Ctrl Pts',(-2.40363227661304,1.67944083560143,10.5));
#3262=CARTESIAN_POINT('Ctrl Pts',(-2.45407702610397,1.66538480384775,10.));
#3263=CARTESIAN_POINT('Ctrl Pts',(-2.45407702610397,1.66538480384775,10.5));
#3264=CARTESIAN_POINT('Ctrl Pts',(-2.4958758413718,1.65779946615542,10.));
#3265=CARTESIAN_POINT('Ctrl Pts',(-2.4958758413718,1.65779946615542,10.5));
#3266=CARTESIAN_POINT('Ctrl Pts',(-2.52844435922161,1.6552028774788,10.));
#3267=CARTESIAN_POINT('Ctrl Pts',(-2.52844435922161,1.6552028774788,10.5));
#3268=CARTESIAN_POINT('Ctrl Pts',(-2.55078538879804,1.65506616183724,10.));
#3269=CARTESIAN_POINT('Ctrl Pts',(-2.55078538879804,1.65506616183724,10.5));
#3270=CARTESIAN_POINT('Ctrl Pts',(-2.56211321618845,1.65539674877108,10.));
#3271=CARTESIAN_POINT('Ctrl Pts',(-2.56211321618845,1.65539674877108,10.5));
#3272=CARTESIAN_POINT('',(-2.30586773265422,1.71547778495861,10.5));
#3273=CARTESIAN_POINT('Ctrl Pts',(-2.30586773265422,1.71547778495861,10.5));
#3274=CARTESIAN_POINT('Ctrl Pts',(-2.31551969683897,1.71155838285095,10.5));
#3275=CARTESIAN_POINT('Ctrl Pts',(-2.33489312889416,1.70389583998063,10.5));
#3276=CARTESIAN_POINT('Ctrl Pts',(-2.36416170036841,1.69293058739004,10.5));
#3277=CARTESIAN_POINT('Ctrl Pts',(-2.40363227661304,1.67944083560143,10.5));
#3278=CARTESIAN_POINT('Ctrl Pts',(-2.45407702610397,1.66538480384775,10.5));
#3279=CARTESIAN_POINT('Ctrl Pts',(-2.4958758413718,1.65779946615542,10.5));
#3280=CARTESIAN_POINT('Ctrl Pts',(-2.52844435922161,1.6552028774788,10.5));
#3281=CARTESIAN_POINT('Ctrl Pts',(-2.55078538879804,1.65506616183724,10.5));
#3282=CARTESIAN_POINT('Ctrl Pts',(-2.56211321618845,1.65539674877108,10.5));
#3283=CARTESIAN_POINT('',(-2.30586773265422,1.71547778495861,10.));
#3284=CARTESIAN_POINT('Origin',(-0.358794293960898,2.66613570959711,10.));
#3285=CARTESIAN_POINT('',(-0.358794293960898,2.66613570959711,10.5));
#3286=CARTESIAN_POINT('',(-2.30586773265422,1.71547778495861,10.5));
#3287=CARTESIAN_POINT('',(-0.358794293960898,2.66613570959711,10.));
#3288=CARTESIAN_POINT('Ctrl Pts',(-1.10136079583207,-0.143090610030097,
10.));
#3289=CARTESIAN_POINT('Ctrl Pts',(-1.10136079583207,-0.143090610030097,
10.5));
#3290=CARTESIAN_POINT('Ctrl Pts',(-1.14629605748642,-0.139008680422043,
10.));
#3291=CARTESIAN_POINT('Ctrl Pts',(-1.14629605748642,-0.139008680422043,
10.5));
#3292=CARTESIAN_POINT('Ctrl Pts',(-1.23398949907322,-0.126437152587405,
10.));
#3293=CARTESIAN_POINT('Ctrl Pts',(-1.23398949907322,-0.126437152587405,
10.5));
#3294=CARTESIAN_POINT('Ctrl Pts',(-1.35899830544737,-0.0943571620458795,
10.));
#3295=CARTESIAN_POINT('Ctrl Pts',(-1.35899830544737,-0.0943571620458795,
10.5));
#3296=CARTESIAN_POINT('Ctrl Pts',(-1.51258089433364,-0.0250667661470093,
10.));
#3297=CARTESIAN_POINT('Ctrl Pts',(-1.51258089433364,-0.0250667661470093,
10.5));
#3298=CARTESIAN_POINT('Ctrl Pts',(-1.68221753115641,0.10515508058277,10.));
#3299=CARTESIAN_POINT('Ctrl Pts',(-1.68221753115641,0.10515508058277,10.5));
#3300=CARTESIAN_POINT('Ctrl Pts',(-1.82833035860173,0.27656432125633,10.));
#3301=CARTESIAN_POINT('Ctrl Pts',(-1.82833035860173,0.27656432125633,10.5));
#3302=CARTESIAN_POINT('Ctrl Pts',(-1.94878346165709,0.483667544973143,10.));
#3303=CARTESIAN_POINT('Ctrl Pts',(-1.94878346165709,0.483667544973143,10.5));
#3304=CARTESIAN_POINT('Ctrl Pts',(-2.04032097244205,0.716933360343759,10.));
#3305=CARTESIAN_POINT('Ctrl Pts',(-2.04032097244205,0.716933360343759,10.5));
#3306=CARTESIAN_POINT('Ctrl Pts',(-2.09811282629589,0.961048163477974,10.));
#3307=CARTESIAN_POINT('Ctrl Pts',(-2.09811282629589,0.961048163477974,10.5));
#3308=CARTESIAN_POINT('Ctrl Pts',(-2.11622165730275,1.19549170851472,10.));
#3309=CARTESIAN_POINT('Ctrl Pts',(-2.11622165730275,1.19549170851472,10.5));
#3310=CARTESIAN_POINT('Ctrl Pts',(-2.08967895441187,1.39929561307598,10.));
#3311=CARTESIAN_POINT('Ctrl Pts',(-2.08967895441187,1.39929561307598,10.5));
#3312=CARTESIAN_POINT('Ctrl Pts',(-2.0162986914389,1.55493508131184,10.));
#3313=CARTESIAN_POINT('Ctrl Pts',(-2.0162986914389,1.55493508131184,10.5));
#3314=CARTESIAN_POINT('Ctrl Pts',(-1.89848249129241,1.65245048273032,10.));
#3315=CARTESIAN_POINT('Ctrl Pts',(-1.89848249129241,1.65245048273032,10.5));
#3316=CARTESIAN_POINT('Ctrl Pts',(-1.74545887699206,1.6939184302858,10.));
#3317=CARTESIAN_POINT('Ctrl Pts',(-1.74545887699206,1.6939184302858,10.5));
#3318=CARTESIAN_POINT('Ctrl Pts',(-1.57451164664299,1.69698870449885,10.));
#3319=CARTESIAN_POINT('Ctrl Pts',(-1.57451164664299,1.69698870449885,10.5));
#3320=CARTESIAN_POINT('Ctrl Pts',(-1.40510081712725,1.68712415557149,10.));
#3321=CARTESIAN_POINT('Ctrl Pts',(-1.40510081712725,1.68712415557149,10.5));
#3322=CARTESIAN_POINT('Ctrl Pts',(-1.24986354412317,1.68795062186012,10.));
#3323=CARTESIAN_POINT('Ctrl Pts',(-1.24986354412317,1.68795062186012,10.5));
#3324=CARTESIAN_POINT('Ctrl Pts',(-1.11367219527119,1.71730981030321,10.));
#3325=CARTESIAN_POINT('Ctrl Pts',(-1.11367219527119,1.71730981030321,10.5));
#3326=CARTESIAN_POINT('Ctrl Pts',(-0.972683735438267,1.76898156723612,10.));
#3327=CARTESIAN_POINT('Ctrl Pts',(-0.972683735438267,1.76898156723612,10.5));
#3328=CARTESIAN_POINT('Ctrl Pts',(-0.819356793737312,1.84192993647089,10.));
#3329=CARTESIAN_POINT('Ctrl Pts',(-0.819356793737312,1.84192993647089,10.5));
#3330=CARTESIAN_POINT('Ctrl Pts',(-0.666883745128009,1.94357585985816,10.));
#3331=CARTESIAN_POINT('Ctrl Pts',(-0.666883745128009,1.94357585985816,10.5));
#3332=CARTESIAN_POINT('Ctrl Pts',(-0.533431261270309,2.0750314974334,10.));
#3333=CARTESIAN_POINT('Ctrl Pts',(-0.533431261270309,2.0750314974334,10.5));
#3334=CARTESIAN_POINT('Ctrl Pts',(-0.436601314530552,2.23095528624001,10.));
#3335=CARTESIAN_POINT('Ctrl Pts',(-0.436601314530552,2.23095528624001,10.5));
#3336=CARTESIAN_POINT('Ctrl Pts',(-0.379600885638552,2.37575533533784,10.));
#3337=CARTESIAN_POINT('Ctrl Pts',(-0.379600885638552,2.37575533533784,10.5));
#3338=CARTESIAN_POINT('Ctrl Pts',(-0.354574732865899,2.49307935670085,10.));
#3339=CARTESIAN_POINT('Ctrl Pts',(-0.354574732865899,2.49307935670085,10.5));
#3340=CARTESIAN_POINT('Ctrl Pts',(-0.351450364907781,2.56842386935403,10.));
#3341=CARTESIAN_POINT('Ctrl Pts',(-0.351450364907781,2.56842386935403,10.5));
#3342=CARTESIAN_POINT('Ctrl Pts',(-0.353854294203802,2.61882493594184,10.));
#3343=CARTESIAN_POINT('Ctrl Pts',(-0.353854294203802,2.61882493594184,10.5));
#3344=CARTESIAN_POINT('Ctrl Pts',(-0.356906522196675,2.65066132914767,10.));
#3345=CARTESIAN_POINT('Ctrl Pts',(-0.356906522196675,2.65066132914767,10.5));
#3346=CARTESIAN_POINT('Ctrl Pts',(-0.358794293960898,2.66613570959711,10.));
#3347=CARTESIAN_POINT('Ctrl Pts',(-0.358794293960898,2.66613570959711,10.5));
#3348=CARTESIAN_POINT('',(-1.10136079583207,-0.143090610030097,10.5));
#3349=CARTESIAN_POINT('Ctrl Pts',(-1.10136079583207,-0.143090610030097,
10.5));
#3350=CARTESIAN_POINT('Ctrl Pts',(-1.14629605748642,-0.139008680422043,
10.5));
#3351=CARTESIAN_POINT('Ctrl Pts',(-1.23398949907322,-0.126437152587405,
10.5));
#3352=CARTESIAN_POINT('Ctrl Pts',(-1.35899830544737,-0.0943571620458795,
10.5));
#3353=CARTESIAN_POINT('Ctrl Pts',(-1.51258089433364,-0.0250667661470093,
10.5));
#3354=CARTESIAN_POINT('Ctrl Pts',(-1.68221753115641,0.10515508058277,10.5));
#3355=CARTESIAN_POINT('Ctrl Pts',(-1.82833035860173,0.27656432125633,10.5));
#3356=CARTESIAN_POINT('Ctrl Pts',(-1.94878346165709,0.483667544973143,10.5));
#3357=CARTESIAN_POINT('Ctrl Pts',(-2.04032097244205,0.716933360343759,10.5));
#3358=CARTESIAN_POINT('Ctrl Pts',(-2.09811282629589,0.961048163477974,10.5));
#3359=CARTESIAN_POINT('Ctrl Pts',(-2.11622165730275,1.19549170851472,10.5));
#3360=CARTESIAN_POINT('Ctrl Pts',(-2.08967895441187,1.39929561307598,10.5));
#3361=CARTESIAN_POINT('Ctrl Pts',(-2.0162986914389,1.55493508131184,10.5));
#3362=CARTESIAN_POINT('Ctrl Pts',(-1.89848249129241,1.65245048273032,10.5));
#3363=CARTESIAN_POINT('Ctrl Pts',(-1.74545887699206,1.6939184302858,10.5));
#3364=CARTESIAN_POINT('Ctrl Pts',(-1.57451164664299,1.69698870449885,10.5));
#3365=CARTESIAN_POINT('Ctrl Pts',(-1.40510081712725,1.68712415557149,10.5));
#3366=CARTESIAN_POINT('Ctrl Pts',(-1.24986354412317,1.68795062186012,10.5));
#3367=CARTESIAN_POINT('Ctrl Pts',(-1.11367219527119,1.71730981030321,10.5));
#3368=CARTESIAN_POINT('Ctrl Pts',(-0.972683735438267,1.76898156723612,10.5));
#3369=CARTESIAN_POINT('Ctrl Pts',(-0.819356793737312,1.84192993647089,10.5));
#3370=CARTESIAN_POINT('Ctrl Pts',(-0.666883745128009,1.94357585985816,10.5));
#3371=CARTESIAN_POINT('Ctrl Pts',(-0.533431261270309,2.0750314974334,10.5));
#3372=CARTESIAN_POINT('Ctrl Pts',(-0.436601314530552,2.23095528624001,10.5));
#3373=CARTESIAN_POINT('Ctrl Pts',(-0.379600885638552,2.37575533533784,10.5));
#3374=CARTESIAN_POINT('Ctrl Pts',(-0.354574732865899,2.49307935670085,10.5));
#3375=CARTESIAN_POINT('Ctrl Pts',(-0.351450364907781,2.56842386935403,10.5));
#3376=CARTESIAN_POINT('Ctrl Pts',(-0.353854294203802,2.61882493594184,10.5));
#3377=CARTESIAN_POINT('Ctrl Pts',(-0.356906522196675,2.65066132914767,10.5));
#3378=CARTESIAN_POINT('Ctrl Pts',(-0.358794293960898,2.66613570959711,10.5));
#3379=CARTESIAN_POINT('',(-1.10136079583207,-0.143090610030097,10.));
#3380=CARTESIAN_POINT('Ctrl Pts',(2.96801981382223,4.83636948364083,10.));
#3381=CARTESIAN_POINT('Ctrl Pts',(2.96801981382223,4.83636948364083,10.5));
#3382=CARTESIAN_POINT('Ctrl Pts',(2.76541802933163,4.66936912690181,10.));
#3383=CARTESIAN_POINT('Ctrl Pts',(2.76541802933163,4.66936912690181,10.5));
#3384=CARTESIAN_POINT('Ctrl Pts',(2.37183815798743,4.32597699503396,10.));
#3385=CARTESIAN_POINT('Ctrl Pts',(2.37183815798743,4.32597699503396,10.5));
#3386=CARTESIAN_POINT('Ctrl Pts',(1.81630807429481,3.78273988726085,10.));
#3387=CARTESIAN_POINT('Ctrl Pts',(1.81630807429481,3.78273988726085,10.5));
#3388=CARTESIAN_POINT('Ctrl Pts',(1.13566858067199,3.00989211282467,10.));
#3389=CARTESIAN_POINT('Ctrl Pts',(1.13566858067199,3.00989211282467,10.5));
#3390=CARTESIAN_POINT('Ctrl Pts',(0.351508732904676,1.9899906977375,10.));
#3391=CARTESIAN_POINT('Ctrl Pts',(0.351508732904676,1.9899906977375,10.5));
#3392=CARTESIAN_POINT('Ctrl Pts',(-0.243114935988409,1.14764605376709,10.));
#3393=CARTESIAN_POINT('Ctrl Pts',(-0.243114935988409,1.14764605376709,10.5));
#3394=CARTESIAN_POINT('Ctrl Pts',(-0.676729869980464,0.505907056607815,
10.));
#3395=CARTESIAN_POINT('Ctrl Pts',(-0.676729869980464,0.505907056607815,
10.5));
#3396=CARTESIAN_POINT('Ctrl Pts',(-0.960673082158814,0.0739334965880724,
10.));
#3397=CARTESIAN_POINT('Ctrl Pts',(-0.960673082158814,0.0739334965880724,
10.5));
#3398=CARTESIAN_POINT('Ctrl Pts',(-1.10136079583207,-0.143090610030097,
10.));
#3399=CARTESIAN_POINT('Ctrl Pts',(-1.10136079583207,-0.143090610030097,
10.5));
#3400=CARTESIAN_POINT('',(2.96801981382223,4.83636948364083,10.5));
#3401=CARTESIAN_POINT('Ctrl Pts',(2.96801981382223,4.83636948364083,10.5));
#3402=CARTESIAN_POINT('Ctrl Pts',(2.76541802933163,4.66936912690181,10.5));
#3403=CARTESIAN_POINT('Ctrl Pts',(2.37183815798743,4.32597699503396,10.5));
#3404=CARTESIAN_POINT('Ctrl Pts',(1.81630807429481,3.78273988726085,10.5));
#3405=CARTESIAN_POINT('Ctrl Pts',(1.13566858067199,3.00989211282467,10.5));
#3406=CARTESIAN_POINT('Ctrl Pts',(0.351508732904676,1.9899906977375,10.5));
#3407=CARTESIAN_POINT('Ctrl Pts',(-0.243114935988409,1.14764605376709,10.5));
#3408=CARTESIAN_POINT('Ctrl Pts',(-0.676729869980464,0.505907056607815,
10.5));
#3409=CARTESIAN_POINT('Ctrl Pts',(-0.960673082158814,0.0739334965880724,
10.5));
#3410=CARTESIAN_POINT('Ctrl Pts',(-1.10136079583207,-0.143090610030097,
10.5));
#3411=CARTESIAN_POINT('',(2.96801981382223,4.83636948364083,10.));
#3412=CARTESIAN_POINT('Ctrl Pts',(5.57786436076636,3.02341665171827,10.));
#3413=CARTESIAN_POINT('Ctrl Pts',(5.57786436076636,3.02341665171827,10.5));
#3414=CARTESIAN_POINT('Ctrl Pts',(5.64787237515245,3.11888212588113,10.));
#3415=CARTESIAN_POINT('Ctrl Pts',(5.64787237515245,3.11888212588113,10.5));
#3416=CARTESIAN_POINT('Ctrl Pts',(5.76469155514437,3.34477451780678,10.));
#3417=CARTESIAN_POINT('Ctrl Pts',(5.76469155514437,3.34477451780678,10.5));
#3418=CARTESIAN_POINT('Ctrl Pts',(5.87036601754794,3.78836343962044,10.));
#3419=CARTESIAN_POINT('Ctrl Pts',(5.87036601754794,3.78836343962044,10.5));
#3420=CARTESIAN_POINT('Ctrl Pts',(5.86852837440509,4.52610352221841,10.));
#3421=CARTESIAN_POINT('Ctrl Pts',(5.86852837440509,4.52610352221841,10.5));
#3422=CARTESIAN_POINT('Ctrl Pts',(5.54639776756091,5.3677522691072,10.));
#3423=CARTESIAN_POINT('Ctrl Pts',(5.54639776756091,5.3677522691072,10.5));
#3424=CARTESIAN_POINT('Ctrl Pts',(4.89424415888403,5.64443671455376,10.));
#3425=CARTESIAN_POINT('Ctrl Pts',(4.89424415888403,5.64443671455376,10.5));
#3426=CARTESIAN_POINT('Ctrl Pts',(4.0781885961455,5.43454510298625,10.));
#3427=CARTESIAN_POINT('Ctrl Pts',(4.0781885961455,5.43454510298625,10.5));
#3428=CARTESIAN_POINT('Ctrl Pts',(3.3661083255142,5.07277121483263,10.));
#3429=CARTESIAN_POINT('Ctrl Pts',(3.3661083255142,5.07277121483263,10.5));
#3430=CARTESIAN_POINT('Ctrl Pts',(2.96801981382223,4.83636948364083,10.));
#3431=CARTESIAN_POINT('Ctrl Pts',(2.96801981382223,4.83636948364083,10.5));
#3432=CARTESIAN_POINT('',(5.57786436076636,3.02341665171826,10.5));
#3433=CARTESIAN_POINT('Ctrl Pts',(5.57786436076636,3.02341665171827,10.5));
#3434=CARTESIAN_POINT('Ctrl Pts',(5.64787237515245,3.11888212588113,10.5));
#3435=CARTESIAN_POINT('Ctrl Pts',(5.76469155514437,3.34477451780678,10.5));
#3436=CARTESIAN_POINT('Ctrl Pts',(5.87036601754794,3.78836343962044,10.5));
#3437=CARTESIAN_POINT('Ctrl Pts',(5.86852837440509,4.52610352221841,10.5));
#3438=CARTESIAN_POINT('Ctrl Pts',(5.54639776756091,5.3677522691072,10.5));
#3439=CARTESIAN_POINT('Ctrl Pts',(4.89424415888403,5.64443671455376,10.5));
#3440=CARTESIAN_POINT('Ctrl Pts',(4.0781885961455,5.43454510298625,10.5));
#3441=CARTESIAN_POINT('Ctrl Pts',(3.3661083255142,5.07277121483263,10.5));
#3442=CARTESIAN_POINT('Ctrl Pts',(2.96801981382223,4.83636948364083,10.5));
#3443=CARTESIAN_POINT('',(5.57786436076636,3.02341665171827,10.));
#3444=CARTESIAN_POINT('Ctrl Pts',(-0.668621959742796,-0.774328989292896,
10.));
#3445=CARTESIAN_POINT('Ctrl Pts',(-0.668621959742796,-0.774328989292896,
10.5));
#3446=CARTESIAN_POINT('Ctrl Pts',(-0.267173002261112,-0.82255196385,10.));
#3447=CARTESIAN_POINT('Ctrl Pts',(-0.267173002261112,-0.82255196385,10.5));
#3448=CARTESIAN_POINT('Ctrl Pts',(0.492741186627976,-0.862816458041338,
10.));
#3449=CARTESIAN_POINT('Ctrl Pts',(0.492741186627976,-0.862816458041338,
10.5));
#3450=CARTESIAN_POINT('Ctrl Pts',(1.50377609656513,-0.754818333799026,10.));
#3451=CARTESIAN_POINT('Ctrl Pts',(1.50377609656513,-0.754818333799026,10.5));
#3452=CARTESIAN_POINT('Ctrl Pts',(2.62865854713846,-0.318654855742199,10.));
#3453=CARTESIAN_POINT('Ctrl Pts',(2.62865854713846,-0.318654855742199,10.5));
#3454=CARTESIAN_POINT('Ctrl Pts',(3.77984240086471,0.563674423527329,10.));
#3455=CARTESIAN_POINT('Ctrl Pts',(3.77984240086471,0.563674423527329,10.5));
#3456=CARTESIAN_POINT('Ctrl Pts',(4.56489302581454,1.45409318706997,10.));
#3457=CARTESIAN_POINT('Ctrl Pts',(4.56489302581454,1.45409318706997,10.5));
#3458=CARTESIAN_POINT('Ctrl Pts',(5.09426484615065,2.20593331720237,10.));
#3459=CARTESIAN_POINT('Ctrl Pts',(5.09426484615065,2.20593331720237,10.5));
#3460=CARTESIAN_POINT('Ctrl Pts',(5.42102587797057,2.74466730457643,10.));
#3461=CARTESIAN_POINT('Ctrl Pts',(5.42102587797057,2.74466730457643,10.5));
#3462=CARTESIAN_POINT('Ctrl Pts',(5.57786436076636,3.02341665171827,10.));
#3463=CARTESIAN_POINT('Ctrl Pts',(5.57786436076636,3.02341665171827,10.5));
#3464=CARTESIAN_POINT('',(-0.668621959742796,-0.774328989292896,10.5));
#3465=CARTESIAN_POINT('Ctrl Pts',(-0.668621959742796,-0.774328989292896,
10.5));
#3466=CARTESIAN_POINT('Ctrl Pts',(-0.267173002261112,-0.82255196385,10.5));
#3467=CARTESIAN_POINT('Ctrl Pts',(0.492741186627976,-0.862816458041338,
10.5));
#3468=CARTESIAN_POINT('Ctrl Pts',(1.50377609656513,-0.754818333799026,10.5));
#3469=CARTESIAN_POINT('Ctrl Pts',(2.62865854713846,-0.318654855742199,10.5));
#3470=CARTESIAN_POINT('Ctrl Pts',(3.77984240086471,0.563674423527329,10.5));
#3471=CARTESIAN_POINT('Ctrl Pts',(4.56489302581454,1.45409318706997,10.5));
#3472=CARTESIAN_POINT('Ctrl Pts',(5.09426484615065,2.20593331720237,10.5));
#3473=CARTESIAN_POINT('Ctrl Pts',(5.42102587797057,2.74466730457643,10.5));
#3474=CARTESIAN_POINT('Ctrl Pts',(5.57786436076636,3.02341665171827,10.5));
#3475=CARTESIAN_POINT('',(-0.668621959742796,-0.774328989292896,10.));
#3476=CARTESIAN_POINT('Origin',(-2.52108795549792,-3.10029012585778,10.));
#3477=CARTESIAN_POINT('',(-2.52108795549792,-3.10029012585778,10.5));
#3478=CARTESIAN_POINT('',(-0.668621959742796,-0.774328989292896,10.5));
#3479=CARTESIAN_POINT('',(-2.52108795549792,-3.10029012585778,10.));
#3480=CARTESIAN_POINT('Ctrl Pts',(3.31489523710653,-3.47941814313533,10.));
#3481=CARTESIAN_POINT('Ctrl Pts',(3.31489523710653,-3.47941814313533,10.5));
#3482=CARTESIAN_POINT('Ctrl Pts',(3.33791227167736,-3.61397926831863,10.));
#3483=CARTESIAN_POINT('Ctrl Pts',(3.33791227167736,-3.61397926831863,10.5));
#3484=CARTESIAN_POINT('Ctrl Pts',(3.35906208381016,-3.8663340443308,10.));
#3485=CARTESIAN_POINT('Ctrl Pts',(3.35906208381016,-3.8663340443308,10.5));
#3486=CARTESIAN_POINT('Ctrl Pts',(3.31614059429329,-4.19456805446837,10.));
#3487=CARTESIAN_POINT('Ctrl Pts',(3.31614059429329,-4.19456805446837,10.5));
#3488=CARTESIAN_POINT('Ctrl Pts',(3.11808170789025,-4.53604840465565,10.));
#3489=CARTESIAN_POINT('Ctrl Pts',(3.11808170789025,-4.53604840465565,10.5));
#3490=CARTESIAN_POINT('Ctrl Pts',(2.68031025511754,-4.82343814599096,10.));
#3491=CARTESIAN_POINT('Ctrl Pts',(2.68031025511754,-4.82343814599096,10.5));
#3492=CARTESIAN_POINT('Ctrl Pts',(2.10481438080619,-4.99159474976367,10.));
#3493=CARTESIAN_POINT('Ctrl Pts',(2.10481438080619,-4.99159474976367,10.5));
#3494=CARTESIAN_POINT('Ctrl Pts',(1.44021024965538,-5.05219051390537,10.));
#3495=CARTESIAN_POINT('Ctrl Pts',(1.44021024965538,-5.05219051390537,10.5));
#3496=CARTESIAN_POINT('Ctrl Pts',(0.719052159811143,-4.99999099125283,10.));
#3497=CARTESIAN_POINT('Ctrl Pts',(0.719052159811143,-4.99999099125283,10.5));
#3498=CARTESIAN_POINT('Ctrl Pts',(-0.0409023778908009,-4.81505760400493,
10.));
#3499=CARTESIAN_POINT('Ctrl Pts',(-0.0409023778908009,-4.81505760400493,
10.5));
#3500=CARTESIAN_POINT('Ctrl Pts',(-0.832318777068863,-4.46803359412689,
10.));
#3501=CARTESIAN_POINT('Ctrl Pts',(-0.832318777068863,-4.46803359412689,
10.5));
#3502=CARTESIAN_POINT('Ctrl Pts',(-1.49044203677973,-4.03428839964177,10.));
#3503=CARTESIAN_POINT('Ctrl Pts',(-1.49044203677973,-4.03428839964177,10.5));
#3504=CARTESIAN_POINT('Ctrl Pts',(-1.99947092305261,-3.60816153098446,10.));
#3505=CARTESIAN_POINT('Ctrl Pts',(-1.99947092305261,-3.60816153098446,10.5));
#3506=CARTESIAN_POINT('Ctrl Pts',(-2.34601671906998,-3.27736614356265,10.));
#3507=CARTESIAN_POINT('Ctrl Pts',(-2.34601671906998,-3.27736614356265,10.5));
#3508=CARTESIAN_POINT('Ctrl Pts',(-2.52108795549792,-3.10029012585778,10.));
#3509=CARTESIAN_POINT('Ctrl Pts',(-2.52108795549792,-3.10029012585778,10.5));
#3510=CARTESIAN_POINT('',(3.31489523710653,-3.47941814313533,10.5));
#3511=CARTESIAN_POINT('Ctrl Pts',(3.31489523710653,-3.47941814313533,10.5));
#3512=CARTESIAN_POINT('Ctrl Pts',(3.33791227167736,-3.61397926831863,10.5));
#3513=CARTESIAN_POINT('Ctrl Pts',(3.35906208381016,-3.8663340443308,10.5));
#3514=CARTESIAN_POINT('Ctrl Pts',(3.31614059429329,-4.19456805446837,10.5));
#3515=CARTESIAN_POINT('Ctrl Pts',(3.11808170789025,-4.53604840465565,10.5));
#3516=CARTESIAN_POINT('Ctrl Pts',(2.68031025511754,-4.82343814599096,10.5));
#3517=CARTESIAN_POINT('Ctrl Pts',(2.10481438080619,-4.99159474976367,10.5));
#3518=CARTESIAN_POINT('Ctrl Pts',(1.44021024965538,-5.05219051390537,10.5));
#3519=CARTESIAN_POINT('Ctrl Pts',(0.719052159811143,-4.99999099125283,10.5));
#3520=CARTESIAN_POINT('Ctrl Pts',(-0.0409023778908009,-4.81505760400493,
10.5));
#3521=CARTESIAN_POINT('Ctrl Pts',(-0.832318777068863,-4.46803359412689,
10.5));
#3522=CARTESIAN_POINT('Ctrl Pts',(-1.49044203677973,-4.03428839964177,10.5));
#3523=CARTESIAN_POINT('Ctrl Pts',(-1.99947092305261,-3.60816153098446,10.5));
#3524=CARTESIAN_POINT('Ctrl Pts',(-2.34601671906998,-3.27736614356265,10.5));
#3525=CARTESIAN_POINT('Ctrl Pts',(-2.52108795549792,-3.10029012585778,10.5));
#3526=CARTESIAN_POINT('',(3.31489523710653,-3.47941814313533,10.));
#3527=CARTESIAN_POINT('Ctrl Pts',(3.30452859058074,-4.80634889843687,10.));
#3528=CARTESIAN_POINT('Ctrl Pts',(3.30452859058074,-4.80634889843687,10.5));
#3529=CARTESIAN_POINT('Ctrl Pts',(3.39779751154981,-4.73595241153791,10.));
#3530=CARTESIAN_POINT('Ctrl Pts',(3.39779751154981,-4.73595241153791,10.5));
#3531=CARTESIAN_POINT('Ctrl Pts',(3.55459836998769,-4.58973628559201,10.));
#3532=CARTESIAN_POINT('Ctrl Pts',(3.55459836998769,-4.58973628559201,10.5));
#3533=CARTESIAN_POINT('Ctrl Pts',(3.70067146939423,-4.35416724724736,10.));
#3534=CARTESIAN_POINT('Ctrl Pts',(3.70067146939423,-4.35416724724736,10.5));
#3535=CARTESIAN_POINT('Ctrl Pts',(3.74394113207018,-4.02069751475474,10.));
#3536=CARTESIAN_POINT('Ctrl Pts',(3.74394113207018,-4.02069751475474,10.5));
#3537=CARTESIAN_POINT('Ctrl Pts',(3.64532700852371,-3.64343606348349,10.));
#3538=CARTESIAN_POINT('Ctrl Pts',(3.64532700852371,-3.64343606348349,10.5));
#3539=CARTESIAN_POINT('Ctrl Pts',(3.51409868429275,-3.4508698697027,10.));
#3540=CARTESIAN_POINT('Ctrl Pts',(3.51409868429275,-3.4508698697027,10.5));
#3541=CARTESIAN_POINT('Ctrl Pts',(3.41284580312481,-3.41501147843224,10.));
#3542=CARTESIAN_POINT('Ctrl Pts',(3.41284580312481,-3.41501147843224,10.5));
#3543=CARTESIAN_POINT('Ctrl Pts',(3.34722972403112,-3.44839245915314,10.));
#3544=CARTESIAN_POINT('Ctrl Pts',(3.34722972403112,-3.44839245915314,10.5));
#3545=CARTESIAN_POINT('Ctrl Pts',(3.31489523710653,-3.47941814313533,10.));
#3546=CARTESIAN_POINT('Ctrl Pts',(3.31489523710653,-3.47941814313533,10.5));
#3547=CARTESIAN_POINT('',(3.30452859058074,-4.80634889843687,10.5));
#3548=CARTESIAN_POINT('Ctrl Pts',(3.30452859058074,-4.80634889843687,10.5));
#3549=CARTESIAN_POINT('Ctrl Pts',(3.39779751154981,-4.73595241153791,10.5));
#3550=CARTESIAN_POINT('Ctrl Pts',(3.55459836998769,-4.58973628559201,10.5));
#3551=CARTESIAN_POINT('Ctrl Pts',(3.70067146939423,-4.35416724724736,10.5));
#3552=CARTESIAN_POINT('Ctrl Pts',(3.74394113207018,-4.02069751475474,10.5));
#3553=CARTESIAN_POINT('Ctrl Pts',(3.64532700852371,-3.64343606348349,10.5));
#3554=CARTESIAN_POINT('Ctrl Pts',(3.51409868429275,-3.4508698697027,10.5));
#3555=CARTESIAN_POINT('Ctrl Pts',(3.41284580312481,-3.41501147843224,10.5));
#3556=CARTESIAN_POINT('Ctrl Pts',(3.34722972403112,-3.44839245915314,10.5));
#3557=CARTESIAN_POINT('Ctrl Pts',(3.31489523710653,-3.47941814313533,10.5));
#3558=CARTESIAN_POINT('',(3.30452859058074,-4.80634889843687,10.));
#3559=CARTESIAN_POINT('Ctrl Pts',(-2.84370259185398,-3.4854323702892,10.));
#3560=CARTESIAN_POINT('Ctrl Pts',(-2.84370259185398,-3.4854323702892,10.5));
#3561=CARTESIAN_POINT('Ctrl Pts',(-2.7728623579973,-3.57288340284582,10.));
#3562=CARTESIAN_POINT('Ctrl Pts',(-2.7728623579973,-3.57288340284582,10.5));
#3563=CARTESIAN_POINT('Ctrl Pts',(-2.6249364302192,-3.74265490791556,10.));
#3564=CARTESIAN_POINT('Ctrl Pts',(-2.6249364302192,-3.74265490791556,10.5));
#3565=CARTESIAN_POINT('Ctrl Pts',(-2.38431142128063,-3.98192063259667,10.));
#3566=CARTESIAN_POINT('Ctrl Pts',(-2.38431142128063,-3.98192063259667,10.5));
#3567=CARTESIAN_POINT('Ctrl Pts',(-2.02810026500649,-4.27031690067138,10.));
#3568=CARTESIAN_POINT('Ctrl Pts',(-2.02810026500649,-4.27031690067138,10.5));
#3569=CARTESIAN_POINT('Ctrl Pts',(-1.53640039987911,-4.5805748224715,10.));
#3570=CARTESIAN_POINT('Ctrl Pts',(-1.53640039987911,-4.5805748224715,10.5));
#3571=CARTESIAN_POINT('Ctrl Pts',(-1.01522050201092,-4.84155154480535,10.));
#3572=CARTESIAN_POINT('Ctrl Pts',(-1.01522050201092,-4.84155154480535,10.5));
#3573=CARTESIAN_POINT('Ctrl Pts',(-0.483250677902634,-5.05423575074664,
10.));
#3574=CARTESIAN_POINT('Ctrl Pts',(-0.483250677902634,-5.05423575074664,
10.5));
#3575=CARTESIAN_POINT('Ctrl Pts',(0.0415705916169612,-5.21963654952668,
10.));
#3576=CARTESIAN_POINT('Ctrl Pts',(0.0415705916169612,-5.21963654952668,
10.5));
#3577=CARTESIAN_POINT('Ctrl Pts',(0.544767117479376,-5.33892463121118,10.));
#3578=CARTESIAN_POINT('Ctrl Pts',(0.544767117479376,-5.33892463121118,10.5));
#3579=CARTESIAN_POINT('Ctrl Pts',(1.01745341381209,-5.41359910077425,10.));
#3580=CARTESIAN_POINT('Ctrl Pts',(1.01745341381209,-5.41359910077425,10.5));
#3581=CARTESIAN_POINT('Ctrl Pts',(1.45469858437984,-5.44521274698056,10.));
#3582=CARTESIAN_POINT('Ctrl Pts',(1.45469858437984,-5.44521274698056,10.5));
#3583=CARTESIAN_POINT('Ctrl Pts',(1.85450960707101,-5.43528076224983,10.));
#3584=CARTESIAN_POINT('Ctrl Pts',(1.85450960707101,-5.43528076224983,10.5));
#3585=CARTESIAN_POINT('Ctrl Pts',(2.21679217526561,-5.38525519983909,10.));
#3586=CARTESIAN_POINT('Ctrl Pts',(2.21679217526561,-5.38525519983909,10.5));
#3587=CARTESIAN_POINT('Ctrl Pts',(2.542506818359,-5.29664632145336,10.));
#3588=CARTESIAN_POINT('Ctrl Pts',(2.542506818359,-5.29664632145336,10.5));
#3589=CARTESIAN_POINT('Ctrl Pts',(2.83294723138918,-5.171140887351,10.));
#3590=CARTESIAN_POINT('Ctrl Pts',(2.83294723138918,-5.171140887351,10.5));
#3591=CARTESIAN_POINT('Ctrl Pts',(3.0380908428742,-5.04239520833683,10.));
#3592=CARTESIAN_POINT('Ctrl Pts',(3.0380908428742,-5.04239520833683,10.5));
#3593=CARTESIAN_POINT('Ctrl Pts',(3.17705834648802,-4.93035064983121,10.));
#3594=CARTESIAN_POINT('Ctrl Pts',(3.17705834648802,-4.93035064983121,10.5));
#3595=CARTESIAN_POINT('Ctrl Pts',(3.2631334948944,-4.84882159619244,10.));
#3596=CARTESIAN_POINT('Ctrl Pts',(3.2631334948944,-4.84882159619244,10.5));
#3597=CARTESIAN_POINT('Ctrl Pts',(3.30452859058074,-4.80634889843687,10.));
#3598=CARTESIAN_POINT('Ctrl Pts',(3.30452859058074,-4.80634889843687,10.5));
#3599=CARTESIAN_POINT('Ctrl Pts',(-2.84370259185398,-3.4854323702892,10.5));
#3600=CARTESIAN_POINT('Ctrl Pts',(-2.7728623579973,-3.57288340284582,10.5));
#3601=CARTESIAN_POINT('Ctrl Pts',(-2.6249364302192,-3.74265490791556,10.5));
#3602=CARTESIAN_POINT('Ctrl Pts',(-2.38431142128063,-3.98192063259667,10.5));
#3603=CARTESIAN_POINT('Ctrl Pts',(-2.02810026500649,-4.27031690067138,10.5));
#3604=CARTESIAN_POINT('Ctrl Pts',(-1.53640039987911,-4.5805748224715,10.5));
#3605=CARTESIAN_POINT('Ctrl Pts',(-1.01522050201092,-4.84155154480535,10.5));
#3606=CARTESIAN_POINT('Ctrl Pts',(-0.483250677902634,-5.05423575074664,
10.5));
#3607=CARTESIAN_POINT('Ctrl Pts',(0.0415705916169612,-5.21963654952668,
10.5));
#3608=CARTESIAN_POINT('Ctrl Pts',(0.544767117479376,-5.33892463121118,10.5));
#3609=CARTESIAN_POINT('Ctrl Pts',(1.01745341381209,-5.41359910077425,10.5));
#3610=CARTESIAN_POINT('Ctrl Pts',(1.45469858437984,-5.44521274698056,10.5));
#3611=CARTESIAN_POINT('Ctrl Pts',(1.85450960707101,-5.43528076224983,10.5));
#3612=CARTESIAN_POINT('Ctrl Pts',(2.21679217526561,-5.38525519983909,10.5));
#3613=CARTESIAN_POINT('Ctrl Pts',(2.542506818359,-5.29664632145336,10.5));
#3614=CARTESIAN_POINT('Ctrl Pts',(2.83294723138918,-5.171140887351,10.5));
#3615=CARTESIAN_POINT('Ctrl Pts',(3.0380908428742,-5.04239520833683,10.5));
#3616=CARTESIAN_POINT('Ctrl Pts',(3.17705834648802,-4.93035064983121,10.5));
#3617=CARTESIAN_POINT('Ctrl Pts',(3.2631334948944,-4.84882159619244,10.5));
#3618=CARTESIAN_POINT('Ctrl Pts',(3.30452859058074,-4.80634889843687,10.5));
#3619=CARTESIAN_POINT('Origin',(-0.0505193118119707,0.0996119837866027,
10.5));
#3620=CARTESIAN_POINT('',(3.54348920530867,4.69119661995163,10.5));
#3621=CARTESIAN_POINT('',(5.38387487962141,4.41340030538919,10.5));
#3622=CARTESIAN_POINT('Ctrl Pts',(3.54348920530867,4.69119661995163,10.5));
#3623=CARTESIAN_POINT('Ctrl Pts',(3.59888822713464,4.730731988646,10.5));
#3624=CARTESIAN_POINT('Ctrl Pts',(3.7084950554497,4.80635405269493,10.5));
#3625=CARTESIAN_POINT('Ctrl Pts',(3.86933178818286,4.90944164547362,10.5));
#3626=CARTESIAN_POINT('Ctrl Pts',(4.07651503502282,5.0258559391349,10.5));
#3627=CARTESIAN_POINT('Ctrl Pts',(4.32224848737187,5.13357290951645,10.5));
#3628=CARTESIAN_POINT('Ctrl Pts',(4.55261891948062,5.19900815551714,10.5));
#3629=CARTESIAN_POINT('Ctrl Pts',(4.76451946429051,5.21657136358787,10.5));
#3630=CARTESIAN_POINT('Ctrl Pts',(4.95396345431739,5.18045982281834,10.5));
#3631=CARTESIAN_POINT('Ctrl Pts',(5.11645609469135,5.0866793918858,10.5));
#3632=CARTESIAN_POINT('Ctrl Pts',(5.24714637157985,4.93225081679591,10.5));
#3633=CARTESIAN_POINT('Ctrl Pts',(5.32237658124906,4.75789706280729,10.5));
#3634=CARTESIAN_POINT('Ctrl Pts',(5.36048068336311,4.59738642183185,10.5));
#3635=CARTESIAN_POINT('Ctrl Pts',(5.37747781823164,4.47696483030924,10.5));
#3636=CARTESIAN_POINT('Ctrl Pts',(5.38387487962141,4.41340030538919,10.5));
#3637=CARTESIAN_POINT('',(-0.43247744963561,-0.484323504845091,10.5));
#3638=CARTESIAN_POINT('Ctrl Pts',(5.38387487962141,4.41340030538919,10.5));
#3639=CARTESIAN_POINT('Ctrl Pts',(5.33376790372489,4.23189053680381,10.5));
#3640=CARTESIAN_POINT('Ctrl Pts',(5.22514294221326,3.87699818963799,10.5));
#3641=CARTESIAN_POINT('Ctrl Pts',(5.03697387818049,3.36904009617709,10.5));
#3642=CARTESIAN_POINT('Ctrl Pts',(4.73835861562488,2.73985851329532,10.5));
#3643=CARTESIAN_POINT('Ctrl Pts',(4.29889291951491,2.03144260467256,10.5));
#3644=CARTESIAN_POINT('Ctrl Pts',(3.80718566631412,1.40044787330266,10.5));
#3645=CARTESIAN_POINT('Ctrl Pts',(3.27269829068517,0.848644293015884,10.5));
#3646=CARTESIAN_POINT('Ctrl Pts',(2.69596152370978,0.380356200404613,10.5));
#3647=CARTESIAN_POINT('Ctrl Pts',(2.06365449269894,0.00160701702815359,
10.5));
#3648=CARTESIAN_POINT('Ctrl Pts',(1.35348648894089,-0.279682751751727,10.5));
#3649=CARTESIAN_POINT('Ctrl Pts',(0.702751702070277,-0.419450054835047,
10.5));
#3650=CARTESIAN_POINT('Ctrl Pts',(0.158313305612162,-0.472528016501005,
10.5));
#3651=CARTESIAN_POINT('Ctrl Pts',(-0.231132421065428,-0.484323504845091,
10.5));
#3652=CARTESIAN_POINT('Ctrl Pts',(-0.43247744963561,-0.484323504845091,
10.5));
#3653=CARTESIAN_POINT('Ctrl Pts',(-0.43247744963561,-0.484323504845091,
10.5));
#3654=CARTESIAN_POINT('Ctrl Pts',(-0.273696461657263,-0.254963674354319,
10.5));
#3655=CARTESIAN_POINT('Ctrl Pts',(0.043895470695672,0.201158961929403,10.5));
#3656=CARTESIAN_POINT('Ctrl Pts',(0.52037320062951,0.877555117912995,10.5));
#3657=CARTESIAN_POINT('Ctrl Pts',(1.15586898846924,1.76275868373317,10.5));
#3658=CARTESIAN_POINT('Ctrl Pts',(1.95071564224676,2.82791736785672,10.5));
#3659=CARTESIAN_POINT('Ctrl Pts',(2.58721491141362,3.62612562999994,10.5));
#3660=CARTESIAN_POINT('Ctrl Pts',(3.06511493284559,4.17921836473113,10.5));
#3661=CARTESIAN_POINT('Ctrl Pts',(3.38398591286895,4.52445588785999,10.5));
#3662=CARTESIAN_POINT('Ctrl Pts',(3.54348920530867,4.69119661995163,10.5));
#3663=CARTESIAN_POINT('Ctrl Pts',(-0.43247744963561,-0.484323504845091,
10.5));
#3664=CARTESIAN_POINT('Ctrl Pts',(-0.43247744963561,-0.484323504845091,
9.5));
#3665=CARTESIAN_POINT('Ctrl Pts',(-0.273696461657263,-0.254963674354319,
10.5));
#3666=CARTESIAN_POINT('Ctrl Pts',(-0.273696461657263,-0.254963674354319,
9.5));
#3667=CARTESIAN_POINT('Ctrl Pts',(0.043895470695672,0.201158961929403,10.5));
#3668=CARTESIAN_POINT('Ctrl Pts',(0.043895470695672,0.201158961929403,9.5));
#3669=CARTESIAN_POINT('Ctrl Pts',(0.52037320062951,0.877555117912995,10.5));
#3670=CARTESIAN_POINT('Ctrl Pts',(0.52037320062951,0.877555117912995,9.5));
#3671=CARTESIAN_POINT('Ctrl Pts',(1.15586898846924,1.76275868373317,10.5));
#3672=CARTESIAN_POINT('Ctrl Pts',(1.15586898846924,1.76275868373317,9.5));
#3673=CARTESIAN_POINT('Ctrl Pts',(1.95071564224676,2.82791736785672,10.5));
#3674=CARTESIAN_POINT('Ctrl Pts',(1.95071564224676,2.82791736785672,9.5));
#3675=CARTESIAN_POINT('Ctrl Pts',(2.58721491141362,3.62612562999994,10.5));
#3676=CARTESIAN_POINT('Ctrl Pts',(2.58721491141362,3.62612562999994,9.5));
#3677=CARTESIAN_POINT('Ctrl Pts',(3.06511493284559,4.17921836473113,10.5));
#3678=CARTESIAN_POINT('Ctrl Pts',(3.06511493284559,4.17921836473113,9.5));
#3679=CARTESIAN_POINT('Ctrl Pts',(3.38398591286895,4.52445588785999,10.5));
#3680=CARTESIAN_POINT('Ctrl Pts',(3.38398591286895,4.52445588785999,9.5));
#3681=CARTESIAN_POINT('Ctrl Pts',(3.54348920530867,4.69119661995163,10.5));
#3682=CARTESIAN_POINT('Ctrl Pts',(3.54348920530867,4.69119661995163,9.5));
#3683=CARTESIAN_POINT('',(-0.43247744963561,-0.484323504845091,9.5));
#3684=CARTESIAN_POINT('',(-0.43247744963561,-0.484323504845091,10.));
#3685=CARTESIAN_POINT('',(3.54348920530867,4.69119661995163,9.5));
#3686=CARTESIAN_POINT('Ctrl Pts',(-0.43247744963561,-0.484323504845091,
9.5));
#3687=CARTESIAN_POINT('Ctrl Pts',(-0.273696461657263,-0.254963674354319,
9.5));
#3688=CARTESIAN_POINT('Ctrl Pts',(0.043895470695672,0.201158961929403,9.5));
#3689=CARTESIAN_POINT('Ctrl Pts',(0.52037320062951,0.877555117912995,9.5));
#3690=CARTESIAN_POINT('Ctrl Pts',(1.15586898846924,1.76275868373317,9.5));
#3691=CARTESIAN_POINT('Ctrl Pts',(1.95071564224676,2.82791736785672,9.5));
#3692=CARTESIAN_POINT('Ctrl Pts',(2.58721491141362,3.62612562999994,9.5));
#3693=CARTESIAN_POINT('Ctrl Pts',(3.06511493284559,4.17921836473113,9.5));
#3694=CARTESIAN_POINT('Ctrl Pts',(3.38398591286895,4.52445588785999,9.5));
#3695=CARTESIAN_POINT('Ctrl Pts',(3.54348920530867,4.69119661995163,9.5));
#3696=CARTESIAN_POINT('',(3.54348920530867,4.69119661995163,10.));
#3697=CARTESIAN_POINT('Ctrl Pts',(5.38387487962141,4.41340030538919,10.5));
#3698=CARTESIAN_POINT('Ctrl Pts',(5.38387487962141,4.41340030538919,9.5));
#3699=CARTESIAN_POINT('Ctrl Pts',(5.33376790372489,4.23189053680381,10.5));
#3700=CARTESIAN_POINT('Ctrl Pts',(5.33376790372489,4.23189053680381,9.5));
#3701=CARTESIAN_POINT('Ctrl Pts',(5.22514294221326,3.87699818963799,10.5));
#3702=CARTESIAN_POINT('Ctrl Pts',(5.22514294221326,3.87699818963799,9.5));
#3703=CARTESIAN_POINT('Ctrl Pts',(5.03697387818049,3.36904009617709,10.5));
#3704=CARTESIAN_POINT('Ctrl Pts',(5.03697387818049,3.36904009617709,9.5));
#3705=CARTESIAN_POINT('Ctrl Pts',(4.73835861562488,2.73985851329532,10.5));
#3706=CARTESIAN_POINT('Ctrl Pts',(4.73835861562488,2.73985851329532,9.5));
#3707=CARTESIAN_POINT('Ctrl Pts',(4.29889291951491,2.03144260467256,10.5));
#3708=CARTESIAN_POINT('Ctrl Pts',(4.29889291951491,2.03144260467256,9.5));
#3709=CARTESIAN_POINT('Ctrl Pts',(3.80718566631412,1.40044787330266,10.5));
#3710=CARTESIAN_POINT('Ctrl Pts',(3.80718566631412,1.40044787330266,9.5));
#3711=CARTESIAN_POINT('Ctrl Pts',(3.27269829068517,0.848644293015884,10.5));
#3712=CARTESIAN_POINT('Ctrl Pts',(3.27269829068517,0.848644293015884,9.5));
#3713=CARTESIAN_POINT('Ctrl Pts',(2.69596152370978,0.380356200404613,10.5));
#3714=CARTESIAN_POINT('Ctrl Pts',(2.69596152370978,0.380356200404613,9.5));
#3715=CARTESIAN_POINT('Ctrl Pts',(2.06365449269894,0.00160701702815359,
10.5));
#3716=CARTESIAN_POINT('Ctrl Pts',(2.06365449269894,0.00160701702815359,
9.5));
#3717=CARTESIAN_POINT('Ctrl Pts',(1.35348648894089,-0.279682751751727,10.5));
#3718=CARTESIAN_POINT('Ctrl Pts',(1.35348648894089,-0.279682751751727,9.5));
#3719=CARTESIAN_POINT('Ctrl Pts',(0.702751702070277,-0.419450054835047,
10.5));
#3720=CARTESIAN_POINT('Ctrl Pts',(0.702751702070277,-0.419450054835047,
9.5));
#3721=CARTESIAN_POINT('Ctrl Pts',(0.158313305612162,-0.472528016501005,
10.5));
#3722=CARTESIAN_POINT('Ctrl Pts',(0.158313305612162,-0.472528016501005,
9.5));
#3723=CARTESIAN_POINT('Ctrl Pts',(-0.231132421065428,-0.484323504845091,
10.5));
#3724=CARTESIAN_POINT('Ctrl Pts',(-0.231132421065428,-0.484323504845091,
9.5));
#3725=CARTESIAN_POINT('Ctrl Pts',(-0.43247744963561,-0.484323504845091,
10.5));
#3726=CARTESIAN_POINT('Ctrl Pts',(-0.43247744963561,-0.484323504845091,
9.5));
#3727=CARTESIAN_POINT('',(5.38387487962141,4.41340030538919,9.5));
#3728=CARTESIAN_POINT('',(5.38387487962141,4.41340030538919,10.));
#3729=CARTESIAN_POINT('Ctrl Pts',(5.38387487962141,4.41340030538919,9.5));
#3730=CARTESIAN_POINT('Ctrl Pts',(5.33376790372489,4.23189053680381,9.5));
#3731=CARTESIAN_POINT('Ctrl Pts',(5.22514294221326,3.87699818963799,9.5));
#3732=CARTESIAN_POINT('Ctrl Pts',(5.03697387818049,3.36904009617709,9.5));
#3733=CARTESIAN_POINT('Ctrl Pts',(4.73835861562488,2.73985851329532,9.5));
#3734=CARTESIAN_POINT('Ctrl Pts',(4.29889291951491,2.03144260467256,9.5));
#3735=CARTESIAN_POINT('Ctrl Pts',(3.80718566631412,1.40044787330266,9.5));
#3736=CARTESIAN_POINT('Ctrl Pts',(3.27269829068517,0.848644293015884,9.5));
#3737=CARTESIAN_POINT('Ctrl Pts',(2.69596152370978,0.380356200404613,9.5));
#3738=CARTESIAN_POINT('Ctrl Pts',(2.06365449269894,0.00160701702815359,
9.5));
#3739=CARTESIAN_POINT('Ctrl Pts',(1.35348648894089,-0.279682751751727,9.5));
#3740=CARTESIAN_POINT('Ctrl Pts',(0.702751702070277,-0.419450054835047,
9.5));
#3741=CARTESIAN_POINT('Ctrl Pts',(0.158313305612162,-0.472528016501005,
9.5));
#3742=CARTESIAN_POINT('Ctrl Pts',(-0.231132421065428,-0.484323504845091,
9.5));
#3743=CARTESIAN_POINT('Ctrl Pts',(-0.43247744963561,-0.484323504845091,
9.5));
#3744=CARTESIAN_POINT('Ctrl Pts',(3.54348920530867,4.69119661995163,10.5));
#3745=CARTESIAN_POINT('Ctrl Pts',(3.54348920530867,4.69119661995163,9.5));
#3746=CARTESIAN_POINT('Ctrl Pts',(3.59888822713464,4.730731988646,10.5));
#3747=CARTESIAN_POINT('Ctrl Pts',(3.59888822713464,4.730731988646,9.5));
#3748=CARTESIAN_POINT('Ctrl Pts',(3.7084950554497,4.80635405269493,10.5));
#3749=CARTESIAN_POINT('Ctrl Pts',(3.7084950554497,4.80635405269493,9.5));
#3750=CARTESIAN_POINT('Ctrl Pts',(3.86933178818286,4.90944164547362,10.5));
#3751=CARTESIAN_POINT('Ctrl Pts',(3.86933178818286,4.90944164547362,9.5));
#3752=CARTESIAN_POINT('Ctrl Pts',(4.07651503502282,5.0258559391349,10.5));
#3753=CARTESIAN_POINT('Ctrl Pts',(4.07651503502282,5.0258559391349,9.5));
#3754=CARTESIAN_POINT('Ctrl Pts',(4.32224848737187,5.13357290951645,10.5));
#3755=CARTESIAN_POINT('Ctrl Pts',(4.32224848737187,5.13357290951645,9.5));
#3756=CARTESIAN_POINT('Ctrl Pts',(4.55261891948062,5.19900815551714,10.5));
#3757=CARTESIAN_POINT('Ctrl Pts',(4.55261891948062,5.19900815551714,9.5));
#3758=CARTESIAN_POINT('Ctrl Pts',(4.76451946429051,5.21657136358787,10.5));
#3759=CARTESIAN_POINT('Ctrl Pts',(4.76451946429051,5.21657136358787,9.5));
#3760=CARTESIAN_POINT('Ctrl Pts',(4.95396345431739,5.18045982281834,10.5));
#3761=CARTESIAN_POINT('Ctrl Pts',(4.95396345431739,5.18045982281834,9.5));
#3762=CARTESIAN_POINT('Ctrl Pts',(5.11645609469135,5.0866793918858,10.5));
#3763=CARTESIAN_POINT('Ctrl Pts',(5.11645609469135,5.0866793918858,9.5));
#3764=CARTESIAN_POINT('Ctrl Pts',(5.24714637157985,4.93225081679591,10.5));
#3765=CARTESIAN_POINT('Ctrl Pts',(5.24714637157985,4.93225081679591,9.5));
#3766=CARTESIAN_POINT('Ctrl Pts',(5.32237658124906,4.75789706280729,10.5));
#3767=CARTESIAN_POINT('Ctrl Pts',(5.32237658124906,4.75789706280729,9.5));
#3768=CARTESIAN_POINT('Ctrl Pts',(5.36048068336311,4.59738642183185,10.5));
#3769=CARTESIAN_POINT('Ctrl Pts',(5.36048068336311,4.59738642183185,9.5));
#3770=CARTESIAN_POINT('Ctrl Pts',(5.37747781823164,4.47696483030924,10.5));
#3771=CARTESIAN_POINT('Ctrl Pts',(5.37747781823164,4.47696483030924,9.5));
#3772=CARTESIAN_POINT('Ctrl Pts',(5.38387487962141,4.41340030538919,10.5));
#3773=CARTESIAN_POINT('Ctrl Pts',(5.38387487962141,4.41340030538919,9.5));
#3774=CARTESIAN_POINT('Ctrl Pts',(3.54348920530867,4.69119661995163,9.5));
#3775=CARTESIAN_POINT('Ctrl Pts',(3.59888822713464,4.730731988646,9.5));
#3776=CARTESIAN_POINT('Ctrl Pts',(3.7084950554497,4.80635405269493,9.5));
#3777=CARTESIAN_POINT('Ctrl Pts',(3.86933178818286,4.90944164547362,9.5));
#3778=CARTESIAN_POINT('Ctrl Pts',(4.07651503502282,5.0258559391349,9.5));
#3779=CARTESIAN_POINT('Ctrl Pts',(4.32224848737187,5.13357290951645,9.5));
#3780=CARTESIAN_POINT('Ctrl Pts',(4.55261891948062,5.19900815551714,9.5));
#3781=CARTESIAN_POINT('Ctrl Pts',(4.76451946429051,5.21657136358787,9.5));
#3782=CARTESIAN_POINT('Ctrl Pts',(4.95396345431739,5.18045982281834,9.5));
#3783=CARTESIAN_POINT('Ctrl Pts',(5.11645609469135,5.0866793918858,9.5));
#3784=CARTESIAN_POINT('Ctrl Pts',(5.24714637157985,4.93225081679591,9.5));
#3785=CARTESIAN_POINT('Ctrl Pts',(5.32237658124906,4.75789706280729,9.5));
#3786=CARTESIAN_POINT('Ctrl Pts',(5.36048068336311,4.59738642183185,9.5));
#3787=CARTESIAN_POINT('Ctrl Pts',(5.37747781823164,4.47696483030924,9.5));
#3788=CARTESIAN_POINT('Ctrl Pts',(5.38387487962141,4.41340030538919,9.5));
#3789=CARTESIAN_POINT('Origin',(2.4756987149929,2.36612392937139,9.5));
#3790=CARTESIAN_POINT('Origin',(-2.,0.55,9.));
#3791=CARTESIAN_POINT('',(-2.,-0.55,9.));
#3792=CARTESIAN_POINT('',(-2.,0.55,9.));
#3793=CARTESIAN_POINT('',(-2.,0.275,9.));
#3794=CARTESIAN_POINT('',(-2.,-0.55,0.));
#3795=CARTESIAN_POINT('',(-2.,-0.55,9.));
#3796=CARTESIAN_POINT('',(-2.,0.55,0.));
#3797=CARTESIAN_POINT('',(-2.,0.55,0.));
#3798=CARTESIAN_POINT('',(-2.,0.55,9.));
#3799=CARTESIAN_POINT('Origin',(-0.625,0.55,9.));
#3800=CARTESIAN_POINT('',(-0.625,0.55,9.));
#3801=CARTESIAN_POINT('',(-0.3125,0.550000000000001,9.));
#3802=CARTESIAN_POINT('',(-0.625,0.550000000000001,0.));
#3803=CARTESIAN_POINT('',(-0.625,0.55,0.));
#3804=CARTESIAN_POINT('',(-0.625,0.55,9.));
#3805=CARTESIAN_POINT('Origin',(-0.625,2.,9.));
#3806=CARTESIAN_POINT('',(-0.625,2.,9.));
#3807=CARTESIAN_POINT('',(-0.625,1.,9.));
#3808=CARTESIAN_POINT('',(-0.625,2.,0.));
#3809=CARTESIAN_POINT('',(-0.625,2.,0.));
#3810=CARTESIAN_POINT('',(-0.625,2.,9.));
#3811=CARTESIAN_POINT('Origin',(0.625,2.,9.));
#3812=CARTESIAN_POINT('',(0.625,2.,9.));
#3813=CARTESIAN_POINT('',(0.3125,2.,9.));
#3814=CARTESIAN_POINT('',(0.625,2.,0.));
#3815=CARTESIAN_POINT('',(0.625,2.,0.));
#3816=CARTESIAN_POINT('',(0.625,2.,9.));
#3817=CARTESIAN_POINT('Origin',(0.625,0.55,9.));
#3818=CARTESIAN_POINT('',(0.625,0.55,9.));
#3819=CARTESIAN_POINT('',(0.625,0.275,9.));
#3820=CARTESIAN_POINT('',(0.625,0.55,0.));
#3821=CARTESIAN_POINT('',(0.625,0.55,0.));
#3822=CARTESIAN_POINT('',(0.625,0.55,9.));
#3823=CARTESIAN_POINT('Origin',(2.,0.55,9.));
#3824=CARTESIAN_POINT('',(2.,0.55,9.));
#3825=CARTESIAN_POINT('',(1.,0.55,9.));
#3826=CARTESIAN_POINT('',(2.,0.55,0.));
#3827=CARTESIAN_POINT('',(2.,0.55,0.));
#3828=CARTESIAN_POINT('',(2.,0.55,9.));
#3829=CARTESIAN_POINT('Origin',(2.,-0.55,9.));
#3830=CARTESIAN_POINT('',(2.,-0.55,9.));
#3831=CARTESIAN_POINT('',(2.,-0.275,9.));
#3832=CARTESIAN_POINT('',(2.,-0.55,0.));
#3833=CARTESIAN_POINT('',(2.,-0.55,0.));
#3834=CARTESIAN_POINT('',(2.,-0.55,9.));
#3835=CARTESIAN_POINT('Origin',(0.625,-0.55,9.));
#3836=CARTESIAN_POINT('',(0.625,-0.55,9.));
#3837=CARTESIAN_POINT('',(0.3125,-0.550000000000001,9.));
#3838=CARTESIAN_POINT('',(0.625,-0.55,0.));
#3839=CARTESIAN_POINT('',(0.625,-0.55,0.));
#3840=CARTESIAN_POINT('',(0.625,-0.55,9.));
#3841=CARTESIAN_POINT('Origin',(0.625,-2.,9.));
#3842=CARTESIAN_POINT('',(0.625,-2.,9.));
#3843=CARTESIAN_POINT('',(0.625,-1.,9.));
#3844=CARTESIAN_POINT('',(0.625,-2.,0.));
#3845=CARTESIAN_POINT('',(0.625,-2.,0.));
#3846=CARTESIAN_POINT('',(0.625,-2.,9.));
#3847=CARTESIAN_POINT('Origin',(-0.625,-2.,9.));
#3848=CARTESIAN_POINT('',(-0.625,-2.,9.));
#3849=CARTESIAN_POINT('',(-0.3125,-2.,9.));
#3850=CARTESIAN_POINT('',(-0.625,-2.,0.));
#3851=CARTESIAN_POINT('',(-0.625,-2.,0.));
#3852=CARTESIAN_POINT('',(-0.625,-2.,9.));
#3853=CARTESIAN_POINT('Origin',(-0.625,-0.550000000000001,9.));
#3854=CARTESIAN_POINT('',(-0.625,-0.550000000000001,9.));
#3855=CARTESIAN_POINT('',(-0.625,-0.275,9.));
#3856=CARTESIAN_POINT('',(-0.625,-0.550000000000001,0.));
#3857=CARTESIAN_POINT('',(-0.625,-0.550000000000001,0.));
#3858=CARTESIAN_POINT('',(-0.625,-0.550000000000001,9.));
#3859=CARTESIAN_POINT('Origin',(-2.,-0.55,9.));
#3860=CARTESIAN_POINT('',(-1.,-0.550000000000001,9.));
#3861=CARTESIAN_POINT('',(-2.,-0.55,0.));
#3862=CARTESIAN_POINT('Origin',(1.625,-3.,9.));
#3863=CARTESIAN_POINT('',(-1.625,-3.,9.));
#3864=CARTESIAN_POINT('',(1.625,-3.,9.));
#3865=CARTESIAN_POINT('',(0.8125,-3.,9.));
#3866=CARTESIAN_POINT('',(-1.625,-3.,0.));
#3867=CARTESIAN_POINT('',(-1.625,-3.,9.));
#3868=CARTESIAN_POINT('',(1.625,-3.,0.));
#3869=CARTESIAN_POINT('',(-1.625,-3.,0.));
#3870=CARTESIAN_POINT('',(1.625,-3.,9.));
#3871=CARTESIAN_POINT('Origin',(1.625,-1.55,9.));
#3872=CARTESIAN_POINT('',(1.625,-1.55,9.));
#3873=CARTESIAN_POINT('',(1.625,-0.775,9.));
#3874=CARTESIAN_POINT('',(1.625,-1.55,0.));
#3875=CARTESIAN_POINT('',(1.625,-3.,0.));
#3876=CARTESIAN_POINT('',(1.625,-1.55,9.));
#3877=CARTESIAN_POINT('Origin',(3.,-1.55,9.));
#3878=CARTESIAN_POINT('',(3.,-1.55,9.));
#3879=CARTESIAN_POINT('',(1.5,-1.55,9.));
#3880=CARTESIAN_POINT('',(3.,-1.55,0.));
#3881=CARTESIAN_POINT('',(1.625,-1.55,0.));
#3882=CARTESIAN_POINT('',(3.,-1.55,9.));
#3883=CARTESIAN_POINT('Origin',(3.,1.55,9.));
#3884=CARTESIAN_POINT('',(3.,1.55,9.));
#3885=CARTESIAN_POINT('',(3.,0.775,9.));
#3886=CARTESIAN_POINT('',(3.,1.55,0.));
#3887=CARTESIAN_POINT('',(3.,-1.55,0.));
#3888=CARTESIAN_POINT('',(3.,1.55,9.));
#3889=CARTESIAN_POINT('Origin',(1.625,1.55,9.));
#3890=CARTESIAN_POINT('',(1.625,1.55,9.));
#3891=CARTESIAN_POINT('',(0.8125,1.55,9.));
#3892=CARTESIAN_POINT('',(1.625,1.55,0.));
#3893=CARTESIAN_POINT('',(3.,1.55,0.));
#3894=CARTESIAN_POINT('',(1.625,1.55,9.));
#3895=CARTESIAN_POINT('Origin',(1.625,3.,9.));
#3896=CARTESIAN_POINT('',(1.625,3.,9.));
#3897=CARTESIAN_POINT('',(1.625,1.5,9.));
#3898=CARTESIAN_POINT('',(1.625,3.,0.));
#3899=CARTESIAN_POINT('',(1.625,1.55,0.));
#3900=CARTESIAN_POINT('',(1.625,3.,9.));
#3901=CARTESIAN_POINT('Origin',(-1.625,3.,9.));
#3902=CARTESIAN_POINT('',(-1.625,3.,9.));
#3903=CARTESIAN_POINT('',(-0.8125,3.,9.));
#3904=CARTESIAN_POINT('',(-1.625,3.,0.));
#3905=CARTESIAN_POINT('',(1.625,3.,0.));
#3906=CARTESIAN_POINT('',(-1.625,3.,9.));
#3907=CARTESIAN_POINT('Origin',(-1.625,1.55,9.));
#3908=CARTESIAN_POINT('',(-1.625,1.55,9.));
#3909=CARTESIAN_POINT('',(-1.625,0.775,9.));
#3910=CARTESIAN_POINT('',(-1.625,1.55,0.));
#3911=CARTESIAN_POINT('',(-1.625,3.,0.));
#3912=CARTESIAN_POINT('',(-1.625,1.55,9.));
#3913=CARTESIAN_POINT('Origin',(-3.,1.55,9.));
#3914=CARTESIAN_POINT('',(-3.,1.55,9.));
#3915=CARTESIAN_POINT('',(-1.5,1.55,9.));
#3916=CARTESIAN_POINT('',(-3.,1.55,0.));
#3917=CARTESIAN_POINT('',(-1.625,1.55,0.));
#3918=CARTESIAN_POINT('',(-3.,1.55,9.));
#3919=CARTESIAN_POINT('Origin',(-3.,-1.55,9.));
#3920=CARTESIAN_POINT('',(-3.,-1.55,9.));
#3921=CARTESIAN_POINT('',(-3.,-0.775,9.));
#3922=CARTESIAN_POINT('',(-3.,-1.55,0.));
#3923=CARTESIAN_POINT('',(-3.,1.55,0.));
#3924=CARTESIAN_POINT('',(-3.,-1.55,9.));
#3925=CARTESIAN_POINT('Origin',(-1.625,-1.55,9.));
#3926=CARTESIAN_POINT('',(-1.625,-1.55,9.));
#3927=CARTESIAN_POINT('',(-0.812500000000001,-1.55,9.));
#3928=CARTESIAN_POINT('',(-1.625,-1.55,0.));
#3929=CARTESIAN_POINT('',(-3.,-1.55,0.));
#3930=CARTESIAN_POINT('',(-1.625,-1.55,9.));
#3931=CARTESIAN_POINT('Origin',(-1.625,-3.,9.));
#3932=CARTESIAN_POINT('',(-1.625,-1.5,9.));
#3933=CARTESIAN_POINT('',(-1.625,-1.55,0.));
#3934=CARTESIAN_POINT('Origin',(0.,0.,0.));
#3935=CARTESIAN_POINT('Origin',(0.,0.,9.));
#3936=CARTESIAN_POINT('',(6.18019622061097,6.18019623139189,9.));
#3937=CARTESIAN_POINT('',(-6.18019622061097,6.18019623139189,9.));
#3938=CARTESIAN_POINT('',(0.,6.18019623139189,9.));
#3939=CARTESIAN_POINT('',(6.18019622061097,-6.18019623139189,9.));
#3940=CARTESIAN_POINT('',(6.18019622061097,-4.5,9.));
#3941=CARTESIAN_POINT('',(-6.18019622061097,-6.18019623139189,9.));
#3942=CARTESIAN_POINT('',(0.,-6.1801962313919,9.));
#3943=CARTESIAN_POINT('',(-6.18019622061097,-4.5,9.));
#3944=CARTESIAN_POINT('Origin',(0.,6.01941942861721,9.80388401387343));
#3945=CARTESIAN_POINT('',(-7.98019609991156,7.98019623139189,-3.70074341541719E-16));
#3946=CARTESIAN_POINT('',(-5.62981133207849,5.62981130595323,11.7519246271933));
#3947=CARTESIAN_POINT('',(7.98019609991156,7.98019623139189,-3.70074341541719E-16));
#3948=CARTESIAN_POINT('',(0.,7.98019623139189,0.));
#3949=CARTESIAN_POINT('',(6.59277424463505,6.59277428308149,6.93710974155201));
#3950=CARTESIAN_POINT('Origin',(0.,-8.45084237151737,-2.35323070062736));
#3951=CARTESIAN_POINT('',(7.98019609991156,-7.98019623139189,-9.25185853854297E-17));
#3952=CARTESIAN_POINT('',(8.09679260524226,-8.096792744541,-0.582982565745514));
#3953=CARTESIAN_POINT('',(-7.98019609991156,-7.98019623139189,-9.25185853854297E-17));
#3954=CARTESIAN_POINT('',(0.,-7.98019623139189,-6.93889390390723E-17));
#3955=CARTESIAN_POINT('',(-7.1338296926857,-7.13382976741273,4.23183231989581));
#3956=CARTESIAN_POINT('Origin',(-6.01941942608824,-9.,9.80388402651825));
#3957=CARTESIAN_POINT('',(-7.98019609991156,-4.5,0.));
#3958=CARTESIAN_POINT('Origin',(8.01941932178012,-9.,-0.196116122493365));
#3959=CARTESIAN_POINT('',(7.98019609991157,-4.5,0.));
#3960=CARTESIAN_POINT('Origin',(0.,0.,9.));
#3961=CARTESIAN_POINT('Origin',(9.,-9.,0.));
#3962=CARTESIAN_POINT('',(9.,9.,0.));
#3963=CARTESIAN_POINT('Origin',(0.,0.,10.));
#3964=CARTESIAN_POINT('Origin',(0.,0.,0.));
#3965=UNCERTAINTY_MEASURE_WITH_UNIT(LENGTH_MEASURE(0.01),#3969,
'DISTANCE_ACCURACY_VALUE',
'Maximum model space distance between geometric entities at asserted c
onnectivities');
#3966=UNCERTAINTY_MEASURE_WITH_UNIT(LENGTH_MEASURE(0.01),#3969,
'DISTANCE_ACCURACY_VALUE',
'Maximum model space distance between geometric entities at asserted c
onnectivities');
#3967=(
GEOMETRIC_REPRESENTATION_CONTEXT(3)
GLOBAL_UNCERTAINTY_ASSIGNED_CONTEXT((#3965))
GLOBAL_UNIT_ASSIGNED_CONTEXT((#3969,#3971,#3972))
REPRESENTATION_CONTEXT('','3D')
);
#3968=(
GEOMETRIC_REPRESENTATION_CONTEXT(3)
GLOBAL_UNCERTAINTY_ASSIGNED_CONTEXT((#3966))
GLOBAL_UNIT_ASSIGNED_CONTEXT((#3969,#3971,#3972))
REPRESENTATION_CONTEXT('','3D')
);
#3969=(
LENGTH_UNIT()
NAMED_UNIT(*)
SI_UNIT(.MILLI.,.METRE.)
);
#3970=(
LENGTH_UNIT()
NAMED_UNIT(*)
SI_UNIT($,.METRE.)
);
#3971=(
NAMED_UNIT(*)
PLANE_ANGLE_UNIT()
SI_UNIT($,.RADIAN.)
);
#3972=(
NAMED_UNIT(*)
SI_UNIT($,.STERADIAN.)
SOLID_ANGLE_UNIT()
);
#3973=SHAPE_DEFINITION_REPRESENTATION(#3974,#3975);
#3974=PRODUCT_DEFINITION_SHAPE('',$,#3977);
#3975=SHAPE_REPRESENTATION('',(#1645),#3967);
#3976=PRODUCT_DEFINITION_CONTEXT('part definition',#3981,'design');
#3977=PRODUCT_DEFINITION('2026-03-03-10-25-28-491','KeyCaps',#3978,#3976);
#3978=PRODUCT_DEFINITION_FORMATION('',$,#3983);
#3979=PRODUCT_RELATED_PRODUCT_CATEGORY('KeyCaps','KeyCaps',(#3983));
#3980=APPLICATION_PROTOCOL_DEFINITION('international standard',
'automotive_design',2009,#3981);
#3981=APPLICATION_CONTEXT(
'Core Data for Automotive Mechanical Design Process');
#3982=PRODUCT_CONTEXT('part definition',#3981,'mechanical');
#3983=PRODUCT('2026-03-03-10-25-28-491','KeyCaps',$,(#3982));
#3984=PRESENTATION_STYLE_ASSIGNMENT((#3985));
#3985=SURFACE_STYLE_USAGE(.BOTH.,#3986);
#3986=SURFACE_SIDE_STYLE('',(#3987));
#3987=SURFACE_STYLE_FILL_AREA(#3988);
#3988=FILL_AREA_STYLE('Steel - Satin',(#3989));
#3989=FILL_AREA_STYLE_COLOUR('Steel - Satin',#3990);
#3990=COLOUR_RGB('Steel - Satin',0.627450980392157,0.627450980392157,0.627450980392157);
ENDSEC;
END-ISO-10303-21;
