ISO-10303-21;
HEADER;
/* Generated by software containing ST-Developer
 * from STEP Tools, Inc. (www.steptools.com) 
 */

FILE_DESCRIPTION(
/* description */ (''),
/* implementation_level */ '2;1');

FILE_NAME(
/* name */ 'Tab Key.step',
/* time_stamp */ '2026-03-10T20:49:03+05:30',
/* author */ (''),
/* organization */ (''),
/* preprocessor_version */ 'ST-DEVELOPER v20.1',
/* originating_system */ 'Autodesk Translation Framework v14.24.0.0',
/* authorisation */ '');

FILE_SCHEMA (('AUTOMOTIVE_DESIGN { 1 0 10303 214 3 1 1 }'));
ENDSEC;

DATA;
#10=MECHANICAL_DESIGN_GEOMETRIC_PRESENTATION_REPRESENTATION('',(#67,#68,
#69,#70,#71,#72),#3572);
#11=SHAPE_REPRESENTATION_RELATIONSHIP('SRR','None',#3579,#12);
#12=ADVANCED_BREP_SHAPE_REPRESENTATION('',(#73,#74,#75,#76,#77,#78),#3571);
#13=CIRCLE('',#1921,0.0999999999999999);
#14=CIRCLE('',#1922,0.0999999999999999);
#15=CIRCLE('',#1925,0.1);
#16=CIRCLE('',#1926,0.1);
#17=CIRCLE('',#1929,0.100000000000008);
#18=CIRCLE('',#1930,0.100000000000008);
#19=CIRCLE('',#1932,0.306070900357612);
#20=CIRCLE('',#1933,0.306070900357612);
#21=(
BOUNDED_CURVE()
B_SPLINE_CURVE(5,(#2950,#2951,#2952,#2953,#2954,#2955,#2956,#2957,#2958,
#2959,#2960,#2961,#2962,#2963,#2964),.UNSPECIFIED.,.F.,.F.)
B_SPLINE_CURVE_WITH_KNOTS((6,1,1,1,1,1,1,1,1,1,6),(0.,0.1,0.2,0.3,0.4,0.5,
0.6,0.7,0.8,0.9,1.),.UNSPECIFIED.)
CURVE()
GEOMETRIC_REPRESENTATION_ITEM()
RATIONAL_B_SPLINE_CURVE((1.,1.,1.,1.,1.,1.,1.,1.,1.,1.,1.,1.,1.,1.,1.))
REPRESENTATION_ITEM('')
);
#22=(
BOUNDED_CURVE()
B_SPLINE_CURVE(5,(#2968,#2969,#2970,#2971,#2972,#2973,#2974,#2975,#2976,
#2977,#2978,#2979,#2980,#2981,#2982),.UNSPECIFIED.,.F.,.F.)
B_SPLINE_CURVE_WITH_KNOTS((6,1,1,1,1,1,1,1,1,1,6),(-1.,-0.9,-0.8,-0.7,-0.6,
-0.5,-0.4,-0.3,-0.2,-0.1,0.),.UNSPECIFIED.)
CURVE()
GEOMETRIC_REPRESENTATION_ITEM()
RATIONAL_B_SPLINE_CURVE((1.,1.,1.,1.,1.,1.,1.,1.,1.,1.,1.,1.,1.,1.,1.))
REPRESENTATION_ITEM('')
);
#23=(
BOUNDED_CURVE()
B_SPLINE_CURVE(5,(#3021,#3022,#3023,#3024,#3025,#3026,#3027,#3028,#3029,
#3030,#3031,#3032,#3033,#3034,#3035),.UNSPECIFIED.,.F.,.F.)
B_SPLINE_CURVE_WITH_KNOTS((6,1,1,1,1,1,1,1,1,1,6),(0.,0.1,0.2,0.3,0.4,0.5,
0.6,0.7,0.8,0.9,1.),.UNSPECIFIED.)
CURVE()
GEOMETRIC_REPRESENTATION_ITEM()
RATIONAL_B_SPLINE_CURVE((1.,1.,1.,1.,1.,1.,1.,1.,1.,1.,1.,1.,1.,1.,1.))
REPRESENTATION_ITEM('')
);
#24=(
BOUNDED_CURVE()
B_SPLINE_CURVE(5,(#3037,#3038,#3039,#3040,#3041,#3042,#3043,#3044,#3045,
#3046,#3047,#3048,#3049,#3050,#3051),.UNSPECIFIED.,.F.,.F.)
B_SPLINE_CURVE_WITH_KNOTS((6,1,1,1,1,1,1,1,1,1,6),(0.,0.1,0.2,0.3,0.4,0.5,
0.6,0.7,0.8,0.9,1.),.UNSPECIFIED.)
CURVE()
GEOMETRIC_REPRESENTATION_ITEM()
RATIONAL_B_SPLINE_CURVE((1.,1.,1.,1.,1.,1.,1.,1.,1.,1.,1.,1.,1.,1.,1.))
REPRESENTATION_ITEM('')
);
#25=(
BOUNDED_CURVE()
B_SPLINE_CURVE(2,(#3066,#3067,#3068),.UNSPECIFIED.,.F.,.F.)
B_SPLINE_CURVE_WITH_KNOTS((3,3),(0.,1.),.UNSPECIFIED.)
CURVE()
GEOMETRIC_REPRESENTATION_ITEM()
RATIONAL_B_SPLINE_CURVE((1.,1.,1.))
REPRESENTATION_ITEM('')
);
#26=(
BOUNDED_CURVE()
B_SPLINE_CURVE(2,(#3072,#3073,#3074),.UNSPECIFIED.,.F.,.F.)
B_SPLINE_CURVE_WITH_KNOTS((3,3),(0.,1.),.UNSPECIFIED.)
CURVE()
GEOMETRIC_REPRESENTATION_ITEM()
RATIONAL_B_SPLINE_CURVE((1.,1.,1.))
REPRESENTATION_ITEM('')
);
#27=(
BOUNDED_CURVE()
B_SPLINE_CURVE(2,(#3092,#3093,#3094),.UNSPECIFIED.,.F.,.F.)
B_SPLINE_CURVE_WITH_KNOTS((3,3),(0.983265161639324,0.999730348179726),
 .UNSPECIFIED.)
CURVE()
GEOMETRIC_REPRESENTATION_ITEM()
RATIONAL_B_SPLINE_CURVE((1.,1.,1.))
REPRESENTATION_ITEM('')
);
#28=(
BOUNDED_CURVE()
B_SPLINE_CURVE(2,(#3098,#3099,#3100),.UNSPECIFIED.,.F.,.F.)
B_SPLINE_CURVE_WITH_KNOTS((3,3),(-0.999730348179726,-0.983265161639324),
 .UNSPECIFIED.)
CURVE()
GEOMETRIC_REPRESENTATION_ITEM()
RATIONAL_B_SPLINE_CURVE((1.,1.,1.))
REPRESENTATION_ITEM('')
);
#29=(
BOUNDED_CURVE()
B_SPLINE_CURVE(2,(#3132,#3133,#3134),.UNSPECIFIED.,.F.,.F.)
B_SPLINE_CURVE_WITH_KNOTS((3,3),(0.986171701377011,0.999311088962429),
 .UNSPECIFIED.)
CURVE()
GEOMETRIC_REPRESENTATION_ITEM()
RATIONAL_B_SPLINE_CURVE((1.,1.,1.))
REPRESENTATION_ITEM('')
);
#30=(
BOUNDED_CURVE()
B_SPLINE_CURVE(2,(#3136,#3137,#3138),.UNSPECIFIED.,.F.,.F.)
B_SPLINE_CURVE_WITH_KNOTS((3,3),(0.986171701377011,0.999311088962429),
 .UNSPECIFIED.)
CURVE()
GEOMETRIC_REPRESENTATION_ITEM()
RATIONAL_B_SPLINE_CURVE((1.,1.,1.))
REPRESENTATION_ITEM('')
);
#31=(
BOUNDED_CURVE()
B_SPLINE_CURVE(2,(#3166,#3167,#3168),.UNSPECIFIED.,.F.,.F.)
B_SPLINE_CURVE_WITH_KNOTS((3,3),(0.,1.),.UNSPECIFIED.)
CURVE()
GEOMETRIC_REPRESENTATION_ITEM()
RATIONAL_B_SPLINE_CURVE((1.,1.,1.))
REPRESENTATION_ITEM('')
);
#32=(
BOUNDED_CURVE()
B_SPLINE_CURVE(2,(#3170,#3171,#3172),.UNSPECIFIED.,.F.,.F.)
B_SPLINE_CURVE_WITH_KNOTS((3,3),(-1.,0.),.UNSPECIFIED.)
CURVE()
GEOMETRIC_REPRESENTATION_ITEM()
RATIONAL_B_SPLINE_CURVE((1.,1.,1.))
REPRESENTATION_ITEM('')
);
#33=(
BOUNDED_CURVE()
B_SPLINE_CURVE(2,(#3192,#3193,#3194),.UNSPECIFIED.,.F.,.F.)
B_SPLINE_CURVE_WITH_KNOTS((3,3),(0.,0.00563533408146593),.UNSPECIFIED.)
CURVE()
GEOMETRIC_REPRESENTATION_ITEM()
RATIONAL_B_SPLINE_CURVE((1.,1.,1.))
REPRESENTATION_ITEM('')
);
#34=(
BOUNDED_CURVE()
B_SPLINE_CURVE(2,(#3196,#3197,#3198),.UNSPECIFIED.,.F.,.F.)
B_SPLINE_CURVE_WITH_KNOTS((3,3),(0.,0.00563533408146593),.UNSPECIFIED.)
CURVE()
GEOMETRIC_REPRESENTATION_ITEM()
RATIONAL_B_SPLINE_CURVE((1.,1.,1.))
REPRESENTATION_ITEM('')
);
#35=(
BOUNDED_CURVE()
B_SPLINE_CURVE(2,(#3213,#3214,#3215),.UNSPECIFIED.,.F.,.F.)
B_SPLINE_CURVE_WITH_KNOTS((3,3),(0.,0.00560683238122832),.UNSPECIFIED.)
CURVE()
GEOMETRIC_REPRESENTATION_ITEM()
RATIONAL_B_SPLINE_CURVE((1.,1.,1.))
REPRESENTATION_ITEM('')
);
#36=(
BOUNDED_CURVE()
B_SPLINE_CURVE(2,(#3217,#3218,#3219),.UNSPECIFIED.,.F.,.F.)
B_SPLINE_CURVE_WITH_KNOTS((3,3),(-0.00560683238122832,0.),.UNSPECIFIED.)
CURVE()
GEOMETRIC_REPRESENTATION_ITEM()
RATIONAL_B_SPLINE_CURVE((1.,1.,1.))
REPRESENTATION_ITEM('')
);
#37=(
BOUNDED_CURVE()
B_SPLINE_CURVE(2,(#3234,#3235,#3236),.UNSPECIFIED.,.F.,.F.)
B_SPLINE_CURVE_WITH_KNOTS((3,3),(0.00560683238122832,0.983265161639324),
 .UNSPECIFIED.)
CURVE()
GEOMETRIC_REPRESENTATION_ITEM()
RATIONAL_B_SPLINE_CURVE((1.,1.,1.))
REPRESENTATION_ITEM('')
);
#38=(
BOUNDED_CURVE()
B_SPLINE_CURVE(2,(#3240,#3241,#3242),.UNSPECIFIED.,.F.,.F.)
B_SPLINE_CURVE_WITH_KNOTS((3,3),(0.00563533408146593,0.986171701377011),
 .UNSPECIFIED.)
CURVE()
GEOMETRIC_REPRESENTATION_ITEM()
RATIONAL_B_SPLINE_CURVE((1.,1.,1.))
REPRESENTATION_ITEM('')
);
#39=(
BOUNDED_CURVE()
B_SPLINE_CURVE(2,(#3247,#3248,#3249),.UNSPECIFIED.,.F.,.F.)
B_SPLINE_CURVE_WITH_KNOTS((3,3),(0.00560683238122846,0.983265161637777),
 .UNSPECIFIED.)
CURVE()
GEOMETRIC_REPRESENTATION_ITEM()
RATIONAL_B_SPLINE_CURVE((1.,1.,1.))
REPRESENTATION_ITEM('')
);
#40=(
BOUNDED_CURVE()
B_SPLINE_CURVE(2,(#3253,#3254,#3255),.UNSPECIFIED.,.F.,.F.)
B_SPLINE_CURVE_WITH_KNOTS((3,3),(-0.986171701376781,-0.00563533408146602),
 .UNSPECIFIED.)
CURVE()
GEOMETRIC_REPRESENTATION_ITEM()
RATIONAL_B_SPLINE_CURVE((1.,1.,1.))
REPRESENTATION_ITEM('')
);
#41=(
BOUNDED_CURVE()
B_SPLINE_CURVE(5,(#3317,#3318,#3319,#3320,#3321,#3322,#3323,#3324,#3325,
#3326,#3327,#3328,#3329,#3330,#3331),.UNSPECIFIED.,.F.,.F.)
B_SPLINE_CURVE_WITH_KNOTS((6,1,1,1,1,1,1,1,1,1,6),(0.,0.1,0.2,0.3,0.4,0.5,
0.6,0.7,0.8,0.9,1.),.UNSPECIFIED.)
CURVE()
GEOMETRIC_REPRESENTATION_ITEM()
RATIONAL_B_SPLINE_CURVE((1.,1.,1.,1.,1.,1.,1.,1.,1.,1.,1.,1.,1.,1.,1.))
REPRESENTATION_ITEM('')
);
#42=(
BOUNDED_CURVE()
B_SPLINE_CURVE(5,(#3335,#3336,#3337,#3338,#3339,#3340,#3341,#3342,#3343,
#3344,#3345,#3346,#3347,#3348,#3349),.UNSPECIFIED.,.F.,.F.)
B_SPLINE_CURVE_WITH_KNOTS((6,1,1,1,1,1,1,1,1,1,6),(-1.,-0.9,-0.8,-0.7,-0.6,
-0.5,-0.4,-0.3,-0.2,-0.1,0.),.UNSPECIFIED.)
CURVE()
GEOMETRIC_REPRESENTATION_ITEM()
RATIONAL_B_SPLINE_CURVE((1.,1.,1.,1.,1.,1.,1.,1.,1.,1.,1.,1.,1.,1.,1.))
REPRESENTATION_ITEM('')
);
#43=(
BOUNDED_CURVE()
B_SPLINE_CURVE(5,(#3388,#3389,#3390,#3391,#3392,#3393,#3394,#3395,#3396,
#3397,#3398,#3399,#3400,#3401,#3402),.UNSPECIFIED.,.F.,.F.)
B_SPLINE_CURVE_WITH_KNOTS((6,1,1,1,1,1,1,1,1,1,6),(0.,0.1,0.2,0.3,0.4,0.5,
0.6,0.7,0.8,0.9,1.),.UNSPECIFIED.)
CURVE()
GEOMETRIC_REPRESENTATION_ITEM()
RATIONAL_B_SPLINE_CURVE((1.,1.,1.,1.,1.,1.,1.,1.,1.,1.,1.,1.,1.,1.,1.))
REPRESENTATION_ITEM('')
);
#44=(
BOUNDED_CURVE()
B_SPLINE_CURVE(5,(#3404,#3405,#3406,#3407,#3408,#3409,#3410,#3411,#3412,
#3413,#3414,#3415,#3416,#3417,#3418),.UNSPECIFIED.,.F.,.F.)
B_SPLINE_CURVE_WITH_KNOTS((6,1,1,1,1,1,1,1,1,1,6),(0.,0.1,0.2,0.3,0.4,0.5,
0.6,0.7,0.8,0.9,1.),.UNSPECIFIED.)
CURVE()
GEOMETRIC_REPRESENTATION_ITEM()
RATIONAL_B_SPLINE_CURVE((1.,1.,1.,1.,1.,1.,1.,1.,1.,1.,1.,1.,1.,1.,1.))
REPRESENTATION_ITEM('')
);
#45=(
BOUNDED_CURVE()
B_SPLINE_CURVE(5,(#3457,#3458,#3459,#3460,#3461,#3462,#3463,#3464,#3465,
#3466,#3467,#3468,#3469,#3470,#3471),.UNSPECIFIED.,.F.,.F.)
B_SPLINE_CURVE_WITH_KNOTS((6,1,1,1,1,1,1,1,1,1,6),(-1.,-0.9,-0.8,-0.7,-0.6,
-0.5,-0.4,-0.3,-0.2,-0.1,0.),.UNSPECIFIED.)
CURVE()
GEOMETRIC_REPRESENTATION_ITEM()
RATIONAL_B_SPLINE_CURVE((1.,1.,1.,1.,1.,1.,1.,1.,1.,1.,1.,1.,1.,1.,1.))
REPRESENTATION_ITEM('')
);
#46=(
BOUNDED_CURVE()
B_SPLINE_CURVE(5,(#3475,#3476,#3477,#3478,#3479,#3480,#3481,#3482,#3483,
#3484,#3485,#3486,#3487,#3488,#3489),.UNSPECIFIED.,.F.,.F.)
B_SPLINE_CURVE_WITH_KNOTS((6,1,1,1,1,1,1,1,1,1,6),(-1.,-0.9,-0.8,-0.7,-0.6,
-0.5,-0.4,-0.3,-0.2,-0.1,0.),.UNSPECIFIED.)
CURVE()
GEOMETRIC_REPRESENTATION_ITEM()
RATIONAL_B_SPLINE_CURVE((1.,1.,1.,1.,1.,1.,1.,1.,1.,1.,1.,1.,1.,1.,1.))
REPRESENTATION_ITEM('')
);
#47=(
BOUNDED_SURFACE()
B_SPLINE_SURFACE(5,1,((#2918,#2919),(#2920,#2921),(#2922,#2923),(#2924,
#2925),(#2926,#2927),(#2928,#2929),(#2930,#2931),(#2932,#2933),(#2934,#2935),
(#2936,#2937),(#2938,#2939),(#2940,#2941),(#2942,#2943),(#2944,#2945),(#2946,
#2947)),.UNSPECIFIED.,.F.,.F.,.F.)
B_SPLINE_SURFACE_WITH_KNOTS((6,1,1,1,1,1,1,1,1,1,6),(2,2),(-1.,-0.9,-0.8,
-0.7,-0.6,-0.5,-0.4,-0.3,-0.2,-0.1,0.),(0.,0.05),.UNSPECIFIED.)
GEOMETRIC_REPRESENTATION_ITEM()
RATIONAL_B_SPLINE_SURFACE(((1.,1.),(1.,1.),(1.,1.),(1.,1.),(1.,1.),(1.,
1.),(1.,1.),(1.,1.),(1.,1.),(1.,1.),(1.,1.),(1.,1.),(1.,1.),(1.,1.),(1.,
1.)))
REPRESENTATION_ITEM('')
SURFACE()
);
#48=(
BOUNDED_SURFACE()
B_SPLINE_SURFACE(5,1,((#2990,#2991),(#2992,#2993),(#2994,#2995),(#2996,
#2997),(#2998,#2999),(#3000,#3001),(#3002,#3003),(#3004,#3005),(#3006,#3007),
(#3008,#3009),(#3010,#3011),(#3012,#3013),(#3014,#3015),(#3016,#3017),(#3018,
#3019)),.UNSPECIFIED.,.F.,.F.,.F.)
B_SPLINE_SURFACE_WITH_KNOTS((6,1,1,1,1,1,1,1,1,1,6),(2,2),(0.,0.1,0.2,0.3,
0.4,0.5,0.6,0.7,0.8,0.9,1.),(0.,0.05),.UNSPECIFIED.)
GEOMETRIC_REPRESENTATION_ITEM()
RATIONAL_B_SPLINE_SURFACE(((1.,1.),(1.,1.),(1.,1.),(1.,1.),(1.,1.),(1.,
1.),(1.,1.),(1.,1.),(1.,1.),(1.,1.),(1.,1.),(1.,1.),(1.,1.),(1.,1.),(1.,
1.)))
REPRESENTATION_ITEM('')
SURFACE()
);
#49=(
BOUNDED_SURFACE()
B_SPLINE_SURFACE(2,1,((#3058,#3059),(#3060,#3061),(#3062,#3063)),
 .UNSPECIFIED.,.F.,.F.,.F.)
B_SPLINE_SURFACE_WITH_KNOTS((3,3),(2,2),(0.,1.),(0.,0.05),.UNSPECIFIED.)
GEOMETRIC_REPRESENTATION_ITEM()
RATIONAL_B_SPLINE_SURFACE(((1.,1.),(1.,1.),(1.,1.)))
REPRESENTATION_ITEM('')
SURFACE()
);
#50=(
BOUNDED_SURFACE()
B_SPLINE_SURFACE(1,2,((#3076,#3077,#3078),(#3079,#3080,#3081)),
 .UNSPECIFIED.,.F.,.F.,.F.)
B_SPLINE_SURFACE_WITH_KNOTS((2,2),(3,3),(0.,0.0852934263424195),(2.11018447320035,
2.50923027424184),.UNSPECIFIED.)
GEOMETRIC_REPRESENTATION_ITEM()
RATIONAL_B_SPLINE_SURFACE(((1.,0.98016125132862,1.),(1.,0.98016125132862,
1.)))
REPRESENTATION_ITEM('')
SURFACE()
);
#51=(
BOUNDED_SURFACE()
B_SPLINE_SURFACE(2,1,((#3084,#3085),(#3086,#3087),(#3088,#3089)),
 .UNSPECIFIED.,.F.,.F.,.F.)
B_SPLINE_SURFACE_WITH_KNOTS((3,3),(2,2),(-0.999730348179726,-0.983265161639324),
(0.,0.05),.UNSPECIFIED.)
GEOMETRIC_REPRESENTATION_ITEM()
RATIONAL_B_SPLINE_SURFACE(((1.,1.),(1.,1.),(1.,1.)))
REPRESENTATION_ITEM('')
SURFACE()
);
#52=(
BOUNDED_SURFACE()
B_SPLINE_SURFACE(1,2,((#3102,#3103,#3104,#3105,#3106,#3107,#3108,#3109,
#3110),(#3111,#3112,#3113,#3114,#3115,#3116,#3117,#3118,#3119)),
 .UNSPECIFIED.,.F.,.F.,.F.)
B_SPLINE_SURFACE_WITH_KNOTS((2,2),(3,2,2,2,3),(0.,0.0870052402311517),(-5.58916167472223,
-4.04948783500188,-2.50981399528154,-0.970140155561189,0.569533684159158),
 .UNSPECIFIED.)
GEOMETRIC_REPRESENTATION_ITEM()
RATIONAL_B_SPLINE_SURFACE(((1.,0.718024185896029,1.,0.718024185896029,1.,
0.718024185896029,1.,0.718024185896029,1.),(1.,0.718024185896029,1.,0.718024185896029,
1.,0.718024185896029,1.,0.718024185896029,1.)))
REPRESENTATION_ITEM('')
SURFACE()
);
#53=(
BOUNDED_SURFACE()
B_SPLINE_SURFACE(2,1,((#3125,#3126),(#3127,#3128),(#3129,#3130)),
 .UNSPECIFIED.,.F.,.F.,.F.)
B_SPLINE_SURFACE_WITH_KNOTS((3,3),(2,2),(0.986171701377011,0.999311088962429),
(0.,0.05),.UNSPECIFIED.)
GEOMETRIC_REPRESENTATION_ITEM()
RATIONAL_B_SPLINE_SURFACE(((1.,1.),(1.,1.),(1.,1.)))
REPRESENTATION_ITEM('')
SURFACE()
);
#54=(
BOUNDED_SURFACE()
B_SPLINE_SURFACE(1,2,((#3140,#3141,#3142,#3143,#3144,#3145,#3146),(#3147,
#3148,#3149,#3150,#3151,#3152,#3153)),.UNSPECIFIED.,.F.,.F.,.F.)
B_SPLINE_SURFACE_WITH_KNOTS((2,2),(3,2,2,3),(0.,0.0852934263424195),(2.62891931440221,
4.04233137894502,5.45574344348783,6.86915550803064),.UNSPECIFIED.)
GEOMETRIC_REPRESENTATION_ITEM()
RATIONAL_B_SPLINE_SURFACE(((1.,0.760504877319711,1.,0.760504877319711,1.,
0.760504877319711,1.),(1.,0.760504877319711,1.,0.760504877319711,1.,0.760504877319711,
1.)))
REPRESENTATION_ITEM('')
SURFACE()
);
#55=(
BOUNDED_SURFACE()
B_SPLINE_SURFACE(2,1,((#3159,#3160),(#3161,#3162),(#3163,#3164)),
 .UNSPECIFIED.,.F.,.F.,.F.)
B_SPLINE_SURFACE_WITH_KNOTS((3,3),(2,2),(-1.,0.),(0.,0.05),
 .UNSPECIFIED.)
GEOMETRIC_REPRESENTATION_ITEM()
RATIONAL_B_SPLINE_SURFACE(((1.,1.),(1.,1.),(1.,1.)))
REPRESENTATION_ITEM('')
SURFACE()
);
#56=(
BOUNDED_SURFACE()
B_SPLINE_SURFACE(1,2,((#3174,#3175,#3176),(#3177,#3178,#3179)),
 .UNSPECIFIED.,.F.,.F.,.F.)
B_SPLINE_SURFACE_WITH_KNOTS((2,2),(3,3),(0.,0.0852934263424195),(1.1869941219853,
2.00352914984136),.UNSPECIFIED.)
GEOMETRIC_REPRESENTATION_ITEM()
RATIONAL_B_SPLINE_SURFACE(((1.,0.917810031207635,1.),(1.,0.917810031207635,
1.)))
REPRESENTATION_ITEM('')
SURFACE()
);
#57=(
BOUNDED_SURFACE()
B_SPLINE_SURFACE(2,1,((#3185,#3186),(#3187,#3188),(#3189,#3190)),
 .UNSPECIFIED.,.F.,.F.,.F.)
B_SPLINE_SURFACE_WITH_KNOTS((3,3),(2,2),(0.,0.00563533408146593),(0.,0.05),
 .UNSPECIFIED.)
GEOMETRIC_REPRESENTATION_ITEM()
RATIONAL_B_SPLINE_SURFACE(((1.,1.),(1.,1.),(1.,1.)))
REPRESENTATION_ITEM('')
SURFACE()
);
#58=(
BOUNDED_SURFACE()
B_SPLINE_SURFACE(2,1,((#3206,#3207),(#3208,#3209),(#3210,#3211)),
 .UNSPECIFIED.,.F.,.F.,.F.)
B_SPLINE_SURFACE_WITH_KNOTS((3,3),(2,2),(-0.00560683238122832,0.),(0.,0.05),
 .UNSPECIFIED.)
GEOMETRIC_REPRESENTATION_ITEM()
RATIONAL_B_SPLINE_SURFACE(((1.,1.),(1.,1.),(1.,1.)))
REPRESENTATION_ITEM('')
SURFACE()
);
#59=(
BOUNDED_SURFACE()
B_SPLINE_SURFACE(1,2,((#3221,#3222,#3223),(#3224,#3225,#3226)),
 .UNSPECIFIED.,.F.,.F.,.F.)
B_SPLINE_SURFACE_WITH_KNOTS((2,2),(3,3),(0.,0.0852934263424195),(0.704312770706942,
1.08749630783855),.UNSPECIFIED.)
GEOMETRIC_REPRESENTATION_ITEM()
RATIONAL_B_SPLINE_SURFACE(((1.,0.98170237152668,1.),(1.,0.98170237152668,
1.)))
REPRESENTATION_ITEM('')
SURFACE()
);
#60=(
BOUNDED_SURFACE()
B_SPLINE_SURFACE(2,1,((#3257,#3258),(#3259,#3260),(#3261,#3262)),
 .UNSPECIFIED.,.F.,.F.,.F.)
B_SPLINE_SURFACE_WITH_KNOTS((3,3),(2,2),(0.00560683238122846,0.983265161637777),
(0.,0.05),.UNSPECIFIED.)
GEOMETRIC_REPRESENTATION_ITEM()
RATIONAL_B_SPLINE_SURFACE(((1.,1.),(1.,1.),(1.,1.)))
REPRESENTATION_ITEM('')
SURFACE()
);
#61=(
BOUNDED_SURFACE()
B_SPLINE_SURFACE(1,2,((#3265,#3266,#3267),(#3268,#3269,#3270)),
 .UNSPECIFIED.,.F.,.F.,.F.)
B_SPLINE_SURFACE_WITH_KNOTS((2,2),(3,3),(0.,0.0852934263424195),(0.585970200851056,
0.704312770706942),.UNSPECIFIED.)
GEOMETRIC_REPRESENTATION_ITEM()
RATIONAL_B_SPLINE_SURFACE(((1.,0.998249890239057,1.),(1.,0.998249890239057,
1.)))
REPRESENTATION_ITEM('')
SURFACE()
);
#62=(
BOUNDED_SURFACE()
B_SPLINE_SURFACE(2,1,((#3272,#3273),(#3274,#3275),(#3276,#3277)),
 .UNSPECIFIED.,.F.,.F.,.F.)
B_SPLINE_SURFACE_WITH_KNOTS((3,3),(2,2),(-0.986171701376781,-0.00563533408146602),
(0.,0.05),.UNSPECIFIED.)
GEOMETRIC_REPRESENTATION_ITEM()
RATIONAL_B_SPLINE_SURFACE(((1.,1.),(1.,1.),(1.,1.)))
REPRESENTATION_ITEM('')
SURFACE()
);
#63=(
BOUNDED_SURFACE()
B_SPLINE_SURFACE(1,2,((#3279,#3280,#3281),(#3282,#3283,#3284)),
 .UNSPECIFIED.,.F.,.F.,.F.)
B_SPLINE_SURFACE_WITH_KNOTS((2,2),(3,3),(0.,0.0852934263424195),(1.08749630783855,
1.1869941219853),.UNSPECIFIED.)
GEOMETRIC_REPRESENTATION_ITEM()
RATIONAL_B_SPLINE_SURFACE(((1.,0.998762778326285,1.),(1.,0.998762778326285,
1.)))
REPRESENTATION_ITEM('')
SURFACE()
);
#64=(
BOUNDED_SURFACE()
B_SPLINE_SURFACE(5,1,((#3285,#3286),(#3287,#3288),(#3289,#3290),(#3291,
#3292),(#3293,#3294),(#3295,#3296),(#3297,#3298),(#3299,#3300),(#3301,#3302),
(#3303,#3304),(#3305,#3306),(#3307,#3308),(#3309,#3310),(#3311,#3312),(#3313,
#3314)),.UNSPECIFIED.,.F.,.F.,.F.)
B_SPLINE_SURFACE_WITH_KNOTS((6,1,1,1,1,1,1,1,1,1,6),(2,2),(-1.,-0.9,-0.8,
-0.7,-0.6,-0.5,-0.4,-0.3,-0.2,-0.1,0.),(0.,0.05),.UNSPECIFIED.)
GEOMETRIC_REPRESENTATION_ITEM()
RATIONAL_B_SPLINE_SURFACE(((1.,1.),(1.,1.),(1.,1.),(1.,1.),(1.,1.),(1.,
1.),(1.,1.),(1.,1.),(1.,1.),(1.,1.),(1.,1.),(1.,1.),(1.,1.),(1.,1.),(1.,
1.)))
REPRESENTATION_ITEM('')
SURFACE()
);
#65=(
BOUNDED_SURFACE()
B_SPLINE_SURFACE(5,1,((#3357,#3358),(#3359,#3360),(#3361,#3362),(#3363,
#3364),(#3365,#3366),(#3367,#3368),(#3369,#3370),(#3371,#3372),(#3373,#3374),
(#3375,#3376),(#3377,#3378),(#3379,#3380),(#3381,#3382),(#3383,#3384),(#3385,
#3386)),.UNSPECIFIED.,.F.,.F.,.F.)
B_SPLINE_SURFACE_WITH_KNOTS((6,1,1,1,1,1,1,1,1,1,6),(2,2),(0.,0.1,0.2,0.3,
0.4,0.5,0.6,0.7,0.8,0.9,1.),(0.,0.05),.UNSPECIFIED.)
GEOMETRIC_REPRESENTATION_ITEM()
RATIONAL_B_SPLINE_SURFACE(((1.,1.),(1.,1.),(1.,1.),(1.,1.),(1.,1.),(1.,
1.),(1.,1.),(1.,1.),(1.,1.),(1.,1.),(1.,1.),(1.,1.),(1.,1.),(1.,1.),(1.,
1.)))
REPRESENTATION_ITEM('')
SURFACE()
);
#66=(
BOUNDED_SURFACE()
B_SPLINE_SURFACE(5,1,((#3425,#3426),(#3427,#3428),(#3429,#3430),(#3431,
#3432),(#3433,#3434),(#3435,#3436),(#3437,#3438),(#3439,#3440),(#3441,#3442),
(#3443,#3444),(#3445,#3446),(#3447,#3448),(#3449,#3450),(#3451,#3452),(#3453,
#3454)),.UNSPECIFIED.,.F.,.F.,.F.)
B_SPLINE_SURFACE_WITH_KNOTS((6,1,1,1,1,1,1,1,1,1,6),(2,2),(-1.,-0.9,-0.8,
-0.7,-0.6,-0.5,-0.4,-0.3,-0.2,-0.1,0.),(0.,0.05),.UNSPECIFIED.)
GEOMETRIC_REPRESENTATION_ITEM()
RATIONAL_B_SPLINE_SURFACE(((1.,1.),(1.,1.),(1.,1.),(1.,1.),(1.,1.),(1.,
1.),(1.,1.),(1.,1.),(1.,1.),(1.,1.),(1.,1.),(1.,1.),(1.,1.),(1.,1.),(1.,
1.)))
REPRESENTATION_ITEM('')
SURFACE()
);
#67=STYLED_ITEM('',(#3588),#73);
#68=STYLED_ITEM('',(#3588),#74);
#69=STYLED_ITEM('',(#3588),#75);
#70=STYLED_ITEM('',(#3588),#76);
#71=STYLED_ITEM('',(#3588),#77);
#72=STYLED_ITEM('',(#3588),#78);
#73=MANIFOLD_SOLID_BREP('Body1',#1813);
#74=MANIFOLD_SOLID_BREP('Body2',#1814);
#75=MANIFOLD_SOLID_BREP('Body3',#1815);
#76=MANIFOLD_SOLID_BREP('Body3',#1816);
#77=MANIFOLD_SOLID_BREP('Body4',#1817);
#78=MANIFOLD_SOLID_BREP('Body5',#1818);
#79=FACE_BOUND('',#312,.T.);
#80=FACE_BOUND('',#314,.T.);
#81=FACE_BOUND('',#329,.T.);
#82=FACE_BOUND('',#349,.T.);
#83=FACE_BOUND('',#351,.T.);
#84=FACE_BOUND('',#373,.T.);
#85=FACE_BOUND('',#375,.T.);
#86=ELLIPSE('',#1838,1.55884572595167,1.5);
#87=ELLIPSE('',#1841,1.55884572681199,1.5);
#88=ELLIPSE('',#1869,0.519615242270663,0.5);
#89=ELLIPSE('',#1870,0.519615242270663,0.5);
#90=ELLIPSE('',#1871,0.519615241983891,0.5);
#91=ELLIPSE('',#1872,0.519615241983891,0.5);
#92=ELLIPSE('',#1874,0.519615242270663,0.5);
#93=ELLIPSE('',#1878,0.519615241983891,0.5);
#94=ELLIPSE('',#1881,0.519615241983891,0.5);
#95=ELLIPSE('',#1883,0.519615242270663,0.5);
#96=ELLIPSE('',#1888,1.55884572595167,1.5);
#97=ELLIPSE('',#1890,1.55884572681199,1.5);
#98=ELLIPSE('',#1897,5.86211647768372,4.18252745351877);
#99=ELLIPSE('',#1898,5.86211647768372,4.18252745351877);
#100=ELLIPSE('',#1899,5.74678029359637,4.06719126943141);
#101=ELLIPSE('',#1900,5.74678029359637,4.06719126943141);
#102=ELLIPSE('',#1901,5.86211647768372,4.18252745351877);
#103=ELLIPSE('',#1902,5.86211647768372,4.18252745351877);
#104=ELLIPSE('',#1903,5.86211647768372,4.18252745351877);
#105=ELLIPSE('',#1904,5.86211647768372,4.18252745351877);
#106=ELLIPSE('',#1906,5.86211647768372,4.18252745351877);
#107=ELLIPSE('',#1907,5.86211647768372,4.18252745351877);
#108=ELLIPSE('',#1911,5.86211647768372,4.18252745351877);
#109=ELLIPSE('',#1912,5.86211647768372,4.18252745351877);
#110=ELLIPSE('',#1914,5.86211647768372,4.18252745351877);
#111=ELLIPSE('',#1915,5.86211647768372,4.18252745351877);
#112=CYLINDRICAL_SURFACE('',#1837,1.5);
#113=CYLINDRICAL_SURFACE('',#1840,1.5);
#114=CYLINDRICAL_SURFACE('',#1873,0.5);
#115=CYLINDRICAL_SURFACE('',#1877,0.5);
#116=CYLINDRICAL_SURFACE('',#1880,0.5);
#117=CYLINDRICAL_SURFACE('',#1882,0.5);
#118=CYLINDRICAL_SURFACE('',#1887,1.5);
#119=CYLINDRICAL_SURFACE('',#1889,1.5);
#120=CYLINDRICAL_SURFACE('',#1920,0.0999999999999999);
#121=CYLINDRICAL_SURFACE('',#1924,0.1);
#122=CYLINDRICAL_SURFACE('',#1928,0.100000000000008);
#123=CYLINDRICAL_SURFACE('',#1931,0.306070900357612);
#124=B_SPLINE_CURVE_WITH_KNOTS('',3,(#2350,#2351,#2352,#2353,#2354),
 .UNSPECIFIED.,.F.,.F.,(4,1,4),(-0.70596519772694,-0.100852171103849,0.70596519772694),
 .UNSPECIFIED.);
#125=B_SPLINE_CURVE_WITH_KNOTS('',3,(#2357,#2358,#2359,#2360,#2361),
 .UNSPECIFIED.,.F.,.F.,(4,1,4),(-0.70596519772694,0.100852171103849,0.70596519772694),
 .UNSPECIFIED.);
#126=B_SPLINE_CURVE_WITH_KNOTS('',3,(#2378,#2379,#2380,#2381),
 .UNSPECIFIED.,.F.,.F.,(4,4),(0.70596519772694,0.766162649693784),
 .UNSPECIFIED.);
#127=B_SPLINE_CURVE_WITH_KNOTS('',3,(#2382,#2383,#2384,#2385),
 .UNSPECIFIED.,.F.,.F.,(4,4),(-0.766162649693784,-0.70596519772694),
 .UNSPECIFIED.);
#128=B_SPLINE_CURVE_WITH_KNOTS('',3,(#2411,#2412,#2413,#2414),
 .UNSPECIFIED.,.F.,.F.,(4,4),(-0.766162649693784,-0.70596519772694),
 .UNSPECIFIED.);
#129=B_SPLINE_CURVE_WITH_KNOTS('',3,(#2415,#2416,#2417,#2418),
 .UNSPECIFIED.,.F.,.F.,(4,4),(0.70596519772694,0.766162649693784),
 .UNSPECIFIED.);
#130=B_SPLINE_CURVE_WITH_KNOTS('',3,(#2443,#2444,#2445,#2446,#2447),
 .UNSPECIFIED.,.F.,.F.,(4,1,4),(-0.705965198630373,-0.100852171437554,0.70596519815287),
 .UNSPECIFIED.);
#131=B_SPLINE_CURVE_WITH_KNOTS('',3,(#2450,#2451,#2452,#2453,#2454),
 .UNSPECIFIED.,.F.,.F.,(4,1,4),(-0.70596519815287,0.100852171437554,0.705965198630373),
 .UNSPECIFIED.);
#132=B_SPLINE_CURVE_WITH_KNOTS('',3,(#2471,#2472,#2473,#2474),
 .UNSPECIFIED.,.F.,.F.,(4,4),(0.705965198630373,0.766162649698944),
 .UNSPECIFIED.);
#133=B_SPLINE_CURVE_WITH_KNOTS('',3,(#2475,#2476,#2477,#2478),
 .UNSPECIFIED.,.F.,.F.,(4,4),(-0.766162649698944,-0.705965198630373),
 .UNSPECIFIED.);
#134=B_SPLINE_CURVE_WITH_KNOTS('',3,(#2504,#2505,#2506,#2507),
 .UNSPECIFIED.,.F.,.F.,(4,4),(-0.76616265024011,-0.705965198152871),
 .UNSPECIFIED.);
#135=B_SPLINE_CURVE_WITH_KNOTS('',3,(#2508,#2509,#2510,#2511),
 .UNSPECIFIED.,.F.,.F.,(4,4),(0.705965198152871,0.76616265024011),
 .UNSPECIFIED.);
#136=B_SPLINE_CURVE_WITH_KNOTS('',3,(#2536,#2537,#2538,#2539,#2540),
 .UNSPECIFIED.,.F.,.F.,(4,1,4),(-0.705965198152871,-0.100852170960052,0.705965198630374),
 .UNSPECIFIED.);
#137=B_SPLINE_CURVE_WITH_KNOTS('',3,(#2543,#2544,#2545,#2546,#2547),
 .UNSPECIFIED.,.F.,.F.,(4,1,4),(-0.705965198630374,0.100852170960052,0.705965198152871),
 .UNSPECIFIED.);
#138=B_SPLINE_CURVE_WITH_KNOTS('',3,(#2564,#2565,#2566,#2567),
 .UNSPECIFIED.,.F.,.F.,(4,4),(0.705965198152871,0.76616265024011),
 .UNSPECIFIED.);
#139=B_SPLINE_CURVE_WITH_KNOTS('',3,(#2568,#2569,#2570,#2571),
 .UNSPECIFIED.,.F.,.F.,(4,4),(-0.76616265024011,-0.705965198152871),
 .UNSPECIFIED.);
#140=B_SPLINE_CURVE_WITH_KNOTS('',3,(#2597,#2598,#2599,#2600),
 .UNSPECIFIED.,.F.,.F.,(4,4),(-0.766162649698944,-0.705965198630373),
 .UNSPECIFIED.);
#141=B_SPLINE_CURVE_WITH_KNOTS('',3,(#2601,#2602,#2603,#2604),
 .UNSPECIFIED.,.F.,.F.,(4,4),(0.705965198630373,0.766162649698944),
 .UNSPECIFIED.);
#142=B_SPLINE_CURVE_WITH_KNOTS('',3,(#2629,#2630,#2631,#2632,#2633),
 .UNSPECIFIED.,.F.,.F.,(4,1,4),(-0.70596519772694,-0.100852171103849,0.705965197726939),
 .UNSPECIFIED.);
#143=B_SPLINE_CURVE_WITH_KNOTS('',3,(#2636,#2637,#2638,#2639,#2640),
 .UNSPECIFIED.,.F.,.F.,(4,1,4),(-0.705965197726939,0.100852171103849,0.70596519772694),
 .UNSPECIFIED.);
#144=B_SPLINE_CURVE_WITH_KNOTS('',3,(#2657,#2658,#2659,#2660),
 .UNSPECIFIED.,.F.,.F.,(4,4),(0.705965197726941,0.766162649693785),
 .UNSPECIFIED.);
#145=B_SPLINE_CURVE_WITH_KNOTS('',3,(#2661,#2662,#2663,#2664),
 .UNSPECIFIED.,.F.,.F.,(4,4),(-0.766162649693785,-0.705965197726941),
 .UNSPECIFIED.);
#146=B_SPLINE_CURVE_WITH_KNOTS('',3,(#2681,#2682,#2683,#2684),
 .UNSPECIFIED.,.F.,.F.,(4,4),(-0.766162649693783,-0.705965197726939),
 .UNSPECIFIED.);
#147=B_SPLINE_CURVE_WITH_KNOTS('',3,(#2685,#2686,#2687,#2688),
 .UNSPECIFIED.,.F.,.F.,(4,4),(0.705965197726939,0.766162649693783),
 .UNSPECIFIED.);
#148=B_SPLINE_CURVE_WITH_KNOTS('',3,(#3542,#3543,#3544,#3545,#3546,#3547,
#3548,#3549,#3550,#3551),.UNSPECIFIED.,.F.,.F.,(4,3,3,4),(0.067678270056518,
0.549763596979826,1.,1.12178482481852),.UNSPECIFIED.);
#149=B_SPLINE_CURVE_WITH_KNOTS('',3,(#3553,#3554,#3555,#3556,#3557,#3558,
#3559,#3560,#3561,#3562),.UNSPECIFIED.,.F.,.F.,(4,3,3,4),(0.067678270056518,
0.549763596979826,1.,1.12178482481852),.UNSPECIFIED.);
#150=B_SPLINE_SURFACE_WITH_KNOTS('',3,3,((#2326,#2327,#2328,#2329,#2330),
(#2331,#2332,#2333,#2334,#2335),(#2336,#2337,#2338,#2339,#2340),(#2341,
#2342,#2343,#2344,#2345)),.UNSPECIFIED.,.F.,.F.,.F.,(4,4),(4,1,4),(0.,1.),
(-0.70596519772694,-0.100852171103849,0.70596519772694),.UNSPECIFIED.);
#151=B_SPLINE_SURFACE_WITH_KNOTS('',3,3,((#2362,#2363,#2364,#2365),(#2366,
#2367,#2368,#2369),(#2370,#2371,#2372,#2373),(#2374,#2375,#2376,#2377)),
 .UNSPECIFIED.,.F.,.F.,.F.,(4,4),(4,4),(0.,1.),(-0.766162649693784,-0.70596519772694),
 .UNSPECIFIED.);
#152=B_SPLINE_SURFACE_WITH_KNOTS('',3,3,((#2395,#2396,#2397,#2398),(#2399,
#2400,#2401,#2402),(#2403,#2404,#2405,#2406),(#2407,#2408,#2409,#2410)),
 .UNSPECIFIED.,.F.,.F.,.F.,(4,4),(4,4),(0.,1.),(0.70596519772694,0.766162649693784),
 .UNSPECIFIED.);
#153=B_SPLINE_SURFACE_WITH_KNOTS('',3,3,((#2419,#2420,#2421,#2422,#2423),
(#2424,#2425,#2426,#2427,#2428),(#2429,#2430,#2431,#2432,#2433),(#2434,
#2435,#2436,#2437,#2438)),.UNSPECIFIED.,.F.,.F.,.F.,(4,4),(4,1,4),(0.,1.),
(-0.705965198630373,-0.100852171437554,0.70596519815287),.UNSPECIFIED.);
#154=B_SPLINE_SURFACE_WITH_KNOTS('',3,3,((#2455,#2456,#2457,#2458),(#2459,
#2460,#2461,#2462),(#2463,#2464,#2465,#2466),(#2467,#2468,#2469,#2470)),
 .UNSPECIFIED.,.F.,.F.,.F.,(4,4),(4,4),(0.,1.),(-0.766162649698944,-0.705965198630373),
 .UNSPECIFIED.);
#155=B_SPLINE_SURFACE_WITH_KNOTS('',3,3,((#2488,#2489,#2490,#2491),(#2492,
#2493,#2494,#2495),(#2496,#2497,#2498,#2499),(#2500,#2501,#2502,#2503)),
 .UNSPECIFIED.,.F.,.F.,.F.,(4,4),(4,4),(0.,1.),(0.705965198152871,0.76616265024011),
 .UNSPECIFIED.);
#156=B_SPLINE_SURFACE_WITH_KNOTS('',3,3,((#2512,#2513,#2514,#2515,#2516),
(#2517,#2518,#2519,#2520,#2521),(#2522,#2523,#2524,#2525,#2526),(#2527,
#2528,#2529,#2530,#2531)),.UNSPECIFIED.,.F.,.F.,.F.,(4,4),(4,1,4),(0.,1.),
(-0.705965198152871,-0.100852170960052,0.705965198630374),.UNSPECIFIED.);
#157=B_SPLINE_SURFACE_WITH_KNOTS('',3,3,((#2548,#2549,#2550,#2551),(#2552,
#2553,#2554,#2555),(#2556,#2557,#2558,#2559),(#2560,#2561,#2562,#2563)),
 .UNSPECIFIED.,.F.,.F.,.F.,(4,4),(4,4),(0.,1.),(-0.76616265024011,-0.705965198152871),
 .UNSPECIFIED.);
#158=B_SPLINE_SURFACE_WITH_KNOTS('',3,3,((#2581,#2582,#2583,#2584),(#2585,
#2586,#2587,#2588),(#2589,#2590,#2591,#2592),(#2593,#2594,#2595,#2596)),
 .UNSPECIFIED.,.F.,.F.,.F.,(4,4),(4,4),(0.,1.),(0.705965198630373,0.766162649698944),
 .UNSPECIFIED.);
#159=B_SPLINE_SURFACE_WITH_KNOTS('',3,3,((#2605,#2606,#2607,#2608,#2609),
(#2610,#2611,#2612,#2613,#2614),(#2615,#2616,#2617,#2618,#2619),(#2620,
#2621,#2622,#2623,#2624)),.UNSPECIFIED.,.F.,.F.,.F.,(4,4),(4,1,4),(0.,1.),
(-0.70596519772694,-0.100852171103849,0.705965197726939),.UNSPECIFIED.);
#160=B_SPLINE_SURFACE_WITH_KNOTS('',3,3,((#2641,#2642,#2643,#2644),(#2645,
#2646,#2647,#2648),(#2649,#2650,#2651,#2652),(#2653,#2654,#2655,#2656)),
 .UNSPECIFIED.,.F.,.F.,.F.,(4,4),(4,4),(0.,1.),(-0.766162649693785,-0.705965197726941),
 .UNSPECIFIED.);
#161=B_SPLINE_SURFACE_WITH_KNOTS('',3,3,((#2665,#2666,#2667,#2668),(#2669,
#2670,#2671,#2672),(#2673,#2674,#2675,#2676),(#2677,#2678,#2679,#2680)),
 .UNSPECIFIED.,.F.,.F.,.F.,(4,4),(4,4),(0.,1.),(0.705965197726939,0.766162649693783),
 .UNSPECIFIED.);
#162=B_SPLINE_SURFACE_WITH_KNOTS('',3,1,((#3521,#3522),(#3523,#3524),(#3525,
#3526),(#3527,#3528),(#3529,#3530),(#3531,#3532),(#3533,#3534),(#3535,#3536),
(#3537,#3538),(#3539,#3540)),.UNSPECIFIED.,.F.,.F.,.F.,(4,3,3,4),(2,2),
(0.067678270056518,0.549763596979826,1.,1.12178482481852),(0.,0.05),
 .UNSPECIFIED.);
#163=FACE_OUTER_BOUND('',#266,.T.);
#164=FACE_OUTER_BOUND('',#267,.T.);
#165=FACE_OUTER_BOUND('',#268,.T.);
#166=FACE_OUTER_BOUND('',#269,.T.);
#167=FACE_OUTER_BOUND('',#270,.T.);
#168=FACE_OUTER_BOUND('',#271,.T.);
#169=FACE_OUTER_BOUND('',#272,.T.);
#170=FACE_OUTER_BOUND('',#273,.T.);
#171=FACE_OUTER_BOUND('',#274,.T.);
#172=FACE_OUTER_BOUND('',#275,.T.);
#173=FACE_OUTER_BOUND('',#276,.T.);
#174=FACE_OUTER_BOUND('',#277,.T.);
#175=FACE_OUTER_BOUND('',#278,.T.);
#176=FACE_OUTER_BOUND('',#279,.T.);
#177=FACE_OUTER_BOUND('',#280,.T.);
#178=FACE_OUTER_BOUND('',#281,.T.);
#179=FACE_OUTER_BOUND('',#282,.T.);
#180=FACE_OUTER_BOUND('',#283,.T.);
#181=FACE_OUTER_BOUND('',#284,.T.);
#182=FACE_OUTER_BOUND('',#285,.T.);
#183=FACE_OUTER_BOUND('',#286,.T.);
#184=FACE_OUTER_BOUND('',#287,.T.);
#185=FACE_OUTER_BOUND('',#288,.T.);
#186=FACE_OUTER_BOUND('',#289,.T.);
#187=FACE_OUTER_BOUND('',#290,.T.);
#188=FACE_OUTER_BOUND('',#291,.T.);
#189=FACE_OUTER_BOUND('',#292,.T.);
#190=FACE_OUTER_BOUND('',#293,.T.);
#191=FACE_OUTER_BOUND('',#294,.T.);
#192=FACE_OUTER_BOUND('',#295,.T.);
#193=FACE_OUTER_BOUND('',#296,.T.);
#194=FACE_OUTER_BOUND('',#297,.T.);
#195=FACE_OUTER_BOUND('',#298,.T.);
#196=FACE_OUTER_BOUND('',#299,.T.);
#197=FACE_OUTER_BOUND('',#300,.T.);
#198=FACE_OUTER_BOUND('',#301,.T.);
#199=FACE_OUTER_BOUND('',#302,.T.);
#200=FACE_OUTER_BOUND('',#303,.T.);
#201=FACE_OUTER_BOUND('',#304,.T.);
#202=FACE_OUTER_BOUND('',#305,.T.);
#203=FACE_OUTER_BOUND('',#306,.T.);
#204=FACE_OUTER_BOUND('',#307,.T.);
#205=FACE_OUTER_BOUND('',#308,.T.);
#206=FACE_OUTER_BOUND('',#309,.T.);
#207=FACE_OUTER_BOUND('',#310,.T.);
#208=FACE_OUTER_BOUND('',#311,.T.);
#209=FACE_OUTER_BOUND('',#313,.T.);
#210=FACE_OUTER_BOUND('',#315,.T.);
#211=FACE_OUTER_BOUND('',#316,.T.);
#212=FACE_OUTER_BOUND('',#317,.T.);
#213=FACE_OUTER_BOUND('',#318,.T.);
#214=FACE_OUTER_BOUND('',#319,.T.);
#215=FACE_OUTER_BOUND('',#320,.T.);
#216=FACE_OUTER_BOUND('',#321,.T.);
#217=FACE_OUTER_BOUND('',#322,.T.);
#218=FACE_OUTER_BOUND('',#323,.T.);
#219=FACE_OUTER_BOUND('',#324,.T.);
#220=FACE_OUTER_BOUND('',#325,.T.);
#221=FACE_OUTER_BOUND('',#326,.T.);
#222=FACE_OUTER_BOUND('',#327,.T.);
#223=FACE_OUTER_BOUND('',#328,.T.);
#224=FACE_OUTER_BOUND('',#330,.T.);
#225=FACE_OUTER_BOUND('',#331,.T.);
#226=FACE_OUTER_BOUND('',#332,.T.);
#227=FACE_OUTER_BOUND('',#333,.T.);
#228=FACE_OUTER_BOUND('',#334,.T.);
#229=FACE_OUTER_BOUND('',#335,.T.);
#230=FACE_OUTER_BOUND('',#336,.T.);
#231=FACE_OUTER_BOUND('',#337,.T.);
#232=FACE_OUTER_BOUND('',#338,.T.);
#233=FACE_OUTER_BOUND('',#339,.T.);
#234=FACE_OUTER_BOUND('',#340,.T.);
#235=FACE_OUTER_BOUND('',#341,.T.);
#236=FACE_OUTER_BOUND('',#342,.T.);
#237=FACE_OUTER_BOUND('',#343,.T.);
#238=FACE_OUTER_BOUND('',#344,.T.);
#239=FACE_OUTER_BOUND('',#345,.T.);
#240=FACE_OUTER_BOUND('',#346,.T.);
#241=FACE_OUTER_BOUND('',#347,.T.);
#242=FACE_OUTER_BOUND('',#348,.T.);
#243=FACE_OUTER_BOUND('',#350,.T.);
#244=FACE_OUTER_BOUND('',#352,.T.);
#245=FACE_OUTER_BOUND('',#353,.T.);
#246=FACE_OUTER_BOUND('',#354,.T.);
#247=FACE_OUTER_BOUND('',#355,.T.);
#248=FACE_OUTER_BOUND('',#356,.T.);
#249=FACE_OUTER_BOUND('',#357,.T.);
#250=FACE_OUTER_BOUND('',#358,.T.);
#251=FACE_OUTER_BOUND('',#359,.T.);
#252=FACE_OUTER_BOUND('',#360,.T.);
#253=FACE_OUTER_BOUND('',#361,.T.);
#254=FACE_OUTER_BOUND('',#362,.T.);
#255=FACE_OUTER_BOUND('',#363,.T.);
#256=FACE_OUTER_BOUND('',#364,.T.);
#257=FACE_OUTER_BOUND('',#365,.T.);
#258=FACE_OUTER_BOUND('',#366,.T.);
#259=FACE_OUTER_BOUND('',#367,.T.);
#260=FACE_OUTER_BOUND('',#368,.T.);
#261=FACE_OUTER_BOUND('',#369,.T.);
#262=FACE_OUTER_BOUND('',#370,.T.);
#263=FACE_OUTER_BOUND('',#371,.T.);
#264=FACE_OUTER_BOUND('',#372,.T.);
#265=FACE_OUTER_BOUND('',#374,.T.);
#266=EDGE_LOOP('',(#1140,#1141,#1142,#1143));
#267=EDGE_LOOP('',(#1144,#1145,#1146,#1147));
#268=EDGE_LOOP('',(#1148,#1149,#1150,#1151));
#269=EDGE_LOOP('',(#1152,#1153,#1154,#1155));
#270=EDGE_LOOP('',(#1156,#1157,#1158,#1159));
#271=EDGE_LOOP('',(#1160,#1161,#1162,#1163));
#272=EDGE_LOOP('',(#1164,#1165,#1166,#1167));
#273=EDGE_LOOP('',(#1168,#1169,#1170,#1171));
#274=EDGE_LOOP('',(#1172,#1173,#1174,#1175));
#275=EDGE_LOOP('',(#1176,#1177,#1178,#1179));
#276=EDGE_LOOP('',(#1180,#1181,#1182,#1183));
#277=EDGE_LOOP('',(#1184,#1185,#1186,#1187));
#278=EDGE_LOOP('',(#1188,#1189,#1190,#1191));
#279=EDGE_LOOP('',(#1192,#1193,#1194,#1195));
#280=EDGE_LOOP('',(#1196,#1197,#1198,#1199));
#281=EDGE_LOOP('',(#1200,#1201,#1202,#1203));
#282=EDGE_LOOP('',(#1204,#1205,#1206,#1207,#1208,#1209));
#283=EDGE_LOOP('',(#1210,#1211,#1212,#1213));
#284=EDGE_LOOP('',(#1214,#1215,#1216,#1217,#1218,#1219));
#285=EDGE_LOOP('',(#1220,#1221,#1222,#1223));
#286=EDGE_LOOP('',(#1224,#1225,#1226,#1227,#1228,#1229,#1230,#1231,#1232,
#1233,#1234,#1235,#1236,#1237,#1238,#1239));
#287=EDGE_LOOP('',(#1240,#1241,#1242,#1243));
#288=EDGE_LOOP('',(#1244,#1245,#1246,#1247));
#289=EDGE_LOOP('',(#1248,#1249,#1250,#1251));
#290=EDGE_LOOP('',(#1252,#1253,#1254,#1255));
#291=EDGE_LOOP('',(#1256,#1257,#1258,#1259));
#292=EDGE_LOOP('',(#1260,#1261,#1262,#1263));
#293=EDGE_LOOP('',(#1264,#1265,#1266,#1267));
#294=EDGE_LOOP('',(#1268,#1269,#1270,#1271));
#295=EDGE_LOOP('',(#1272,#1273,#1274,#1275));
#296=EDGE_LOOP('',(#1276,#1277,#1278,#1279));
#297=EDGE_LOOP('',(#1280,#1281,#1282,#1283));
#298=EDGE_LOOP('',(#1284,#1285,#1286,#1287));
#299=EDGE_LOOP('',(#1288,#1289,#1290,#1291));
#300=EDGE_LOOP('',(#1292,#1293,#1294,#1295));
#301=EDGE_LOOP('',(#1296,#1297,#1298,#1299));
#302=EDGE_LOOP('',(#1300,#1301,#1302,#1303));
#303=EDGE_LOOP('',(#1304,#1305,#1306,#1307));
#304=EDGE_LOOP('',(#1308,#1309,#1310,#1311));
#305=EDGE_LOOP('',(#1312,#1313,#1314,#1315));
#306=EDGE_LOOP('',(#1316,#1317,#1318,#1319));
#307=EDGE_LOOP('',(#1320,#1321,#1322,#1323));
#308=EDGE_LOOP('',(#1324,#1325,#1326,#1327));
#309=EDGE_LOOP('',(#1328,#1329,#1330,#1331));
#310=EDGE_LOOP('',(#1332,#1333,#1334,#1335));
#311=EDGE_LOOP('',(#1336,#1337,#1338,#1339,#1340,#1341,#1342,#1343,#1344,
#1345,#1346,#1347));
#312=EDGE_LOOP('',(#1348,#1349,#1350,#1351,#1352,#1353,#1354,#1355,#1356,
#1357,#1358,#1359));
#313=EDGE_LOOP('',(#1360,#1361,#1362,#1363,#1364,#1365,#1366,#1367));
#314=EDGE_LOOP('',(#1368,#1369,#1370,#1371,#1372,#1373,#1374,#1375,#1376,
#1377,#1378,#1379));
#315=EDGE_LOOP('',(#1380,#1381,#1382,#1383));
#316=EDGE_LOOP('',(#1384,#1385,#1386,#1387));
#317=EDGE_LOOP('',(#1388,#1389,#1390,#1391,#1392,#1393,#1394,#1395,#1396,
#1397,#1398,#1399));
#318=EDGE_LOOP('',(#1400,#1401,#1402,#1403));
#319=EDGE_LOOP('',(#1404,#1405,#1406,#1407));
#320=EDGE_LOOP('',(#1408,#1409,#1410,#1411));
#321=EDGE_LOOP('',(#1412,#1413,#1414,#1415));
#322=EDGE_LOOP('',(#1416,#1417,#1418,#1419));
#323=EDGE_LOOP('',(#1420,#1421,#1422,#1423));
#324=EDGE_LOOP('',(#1424,#1425,#1426,#1427,#1428,#1429));
#325=EDGE_LOOP('',(#1430,#1431,#1432,#1433));
#326=EDGE_LOOP('',(#1434,#1435,#1436,#1437));
#327=EDGE_LOOP('',(#1438,#1439,#1440,#1441,#1442,#1443));
#328=EDGE_LOOP('',(#1444,#1445,#1446,#1447,#1448,#1449,#1450,#1451));
#329=EDGE_LOOP('',(#1452,#1453,#1454,#1455,#1456,#1457,#1458,#1459));
#330=EDGE_LOOP('',(#1460,#1461,#1462,#1463));
#331=EDGE_LOOP('',(#1464,#1465,#1466,#1467));
#332=EDGE_LOOP('',(#1468,#1469,#1470,#1471));
#333=EDGE_LOOP('',(#1472,#1473,#1474,#1475));
#334=EDGE_LOOP('',(#1476,#1477,#1478,#1479));
#335=EDGE_LOOP('',(#1480,#1481,#1482,#1483));
#336=EDGE_LOOP('',(#1484,#1485,#1486,#1487));
#337=EDGE_LOOP('',(#1488,#1489,#1490,#1491));
#338=EDGE_LOOP('',(#1492,#1493,#1494,#1495));
#339=EDGE_LOOP('',(#1496,#1497,#1498,#1499));
#340=EDGE_LOOP('',(#1500,#1501,#1502,#1503));
#341=EDGE_LOOP('',(#1504,#1505,#1506,#1507));
#342=EDGE_LOOP('',(#1508,#1509,#1510,#1511));
#343=EDGE_LOOP('',(#1512,#1513,#1514,#1515));
#344=EDGE_LOOP('',(#1516,#1517,#1518,#1519));
#345=EDGE_LOOP('',(#1520,#1521,#1522,#1523));
#346=EDGE_LOOP('',(#1524,#1525,#1526,#1527));
#347=EDGE_LOOP('',(#1528,#1529,#1530,#1531));
#348=EDGE_LOOP('',(#1532,#1533,#1534,#1535,#1536,#1537,#1538,#1539,#1540,
#1541));
#349=EDGE_LOOP('',(#1542,#1543));
#350=EDGE_LOOP('',(#1544,#1545,#1546,#1547,#1548,#1549,#1550,#1551,#1552,
#1553));
#351=EDGE_LOOP('',(#1554,#1555));
#352=EDGE_LOOP('',(#1556,#1557,#1558,#1559));
#353=EDGE_LOOP('',(#1560,#1561,#1562,#1563));
#354=EDGE_LOOP('',(#1564,#1565,#1566,#1567));
#355=EDGE_LOOP('',(#1568,#1569,#1570,#1571));
#356=EDGE_LOOP('',(#1572,#1573,#1574,#1575));
#357=EDGE_LOOP('',(#1576,#1577,#1578,#1579));
#358=EDGE_LOOP('',(#1580,#1581,#1582,#1583));
#359=EDGE_LOOP('',(#1584,#1585,#1586,#1587));
#360=EDGE_LOOP('',(#1588,#1589,#1590,#1591));
#361=EDGE_LOOP('',(#1592,#1593,#1594,#1595));
#362=EDGE_LOOP('',(#1596,#1597,#1598,#1599));
#363=EDGE_LOOP('',(#1600,#1601,#1602,#1603));
#364=EDGE_LOOP('',(#1604,#1605,#1606,#1607));
#365=EDGE_LOOP('',(#1608,#1609,#1610,#1611));
#366=EDGE_LOOP('',(#1612,#1613,#1614,#1615));
#367=EDGE_LOOP('',(#1616,#1617,#1618,#1619));
#368=EDGE_LOOP('',(#1620,#1621,#1622,#1623));
#369=EDGE_LOOP('',(#1624,#1625,#1626,#1627));
#370=EDGE_LOOP('',(#1628,#1629,#1630,#1631));
#371=EDGE_LOOP('',(#1632,#1633,#1634,#1635));
#372=EDGE_LOOP('',(#1636,#1637,#1638,#1639));
#373=EDGE_LOOP('',(#1640,#1641,#1642,#1643));
#374=EDGE_LOOP('',(#1644,#1645,#1646,#1647));
#375=EDGE_LOOP('',(#1648,#1649,#1650,#1651));
#376=LINE('',#2320,#546);
#377=LINE('',#2322,#547);
#378=LINE('',#2324,#548);
#379=LINE('',#2325,#549);
#380=LINE('',#2348,#550);
#381=LINE('',#2356,#551);
#382=LINE('',#2389,#552);
#383=LINE('',#2391,#553);
#384=LINE('',#2393,#554);
#385=LINE('',#2394,#555);
#386=LINE('',#2441,#556);
#387=LINE('',#2449,#557);
#388=LINE('',#2482,#558);
#389=LINE('',#2484,#559);
#390=LINE('',#2486,#560);
#391=LINE('',#2487,#561);
#392=LINE('',#2534,#562);
#393=LINE('',#2542,#563);
#394=LINE('',#2575,#564);
#395=LINE('',#2577,#565);
#396=LINE('',#2579,#566);
#397=LINE('',#2580,#567);
#398=LINE('',#2627,#568);
#399=LINE('',#2635,#569);
#400=LINE('',#2691,#570);
#401=LINE('',#2693,#571);
#402=LINE('',#2694,#572);
#403=LINE('',#2697,#573);
#404=LINE('',#2701,#574);
#405=LINE('',#2702,#575);
#406=LINE('',#2705,#576);
#407=LINE('',#2711,#577);
#408=LINE('',#2713,#578);
#409=LINE('',#2715,#579);
#410=LINE('',#2716,#580);
#411=LINE('',#2719,#581);
#412=LINE('',#2721,#582);
#413=LINE('',#2722,#583);
#414=LINE('',#2725,#584);
#415=LINE('',#2727,#585);
#416=LINE('',#2728,#586);
#417=LINE('',#2731,#587);
#418=LINE('',#2733,#588);
#419=LINE('',#2734,#589);
#420=LINE('',#2737,#590);
#421=LINE('',#2739,#591);
#422=LINE('',#2740,#592);
#423=LINE('',#2743,#593);
#424=LINE('',#2745,#594);
#425=LINE('',#2746,#595);
#426=LINE('',#2749,#596);
#427=LINE('',#2751,#597);
#428=LINE('',#2752,#598);
#429=LINE('',#2755,#599);
#430=LINE('',#2757,#600);
#431=LINE('',#2758,#601);
#432=LINE('',#2761,#602);
#433=LINE('',#2763,#603);
#434=LINE('',#2764,#604);
#435=LINE('',#2767,#605);
#436=LINE('',#2769,#606);
#437=LINE('',#2770,#607);
#438=LINE('',#2773,#608);
#439=LINE('',#2775,#609);
#440=LINE('',#2776,#610);
#441=LINE('',#2778,#611);
#442=LINE('',#2779,#612);
#443=LINE('',#2783,#613);
#444=LINE('',#2785,#614);
#445=LINE('',#2787,#615);
#446=LINE('',#2788,#616);
#447=LINE('',#2791,#617);
#448=LINE('',#2793,#618);
#449=LINE('',#2794,#619);
#450=LINE('',#2797,#620);
#451=LINE('',#2799,#621);
#452=LINE('',#2800,#622);
#453=LINE('',#2803,#623);
#454=LINE('',#2805,#624);
#455=LINE('',#2806,#625);
#456=LINE('',#2809,#626);
#457=LINE('',#2811,#627);
#458=LINE('',#2812,#628);
#459=LINE('',#2815,#629);
#460=LINE('',#2817,#630);
#461=LINE('',#2818,#631);
#462=LINE('',#2821,#632);
#463=LINE('',#2823,#633);
#464=LINE('',#2824,#634);
#465=LINE('',#2827,#635);
#466=LINE('',#2829,#636);
#467=LINE('',#2830,#637);
#468=LINE('',#2833,#638);
#469=LINE('',#2835,#639);
#470=LINE('',#2836,#640);
#471=LINE('',#2839,#641);
#472=LINE('',#2841,#642);
#473=LINE('',#2842,#643);
#474=LINE('',#2845,#644);
#475=LINE('',#2847,#645);
#476=LINE('',#2848,#646);
#477=LINE('',#2850,#647);
#478=LINE('',#2851,#648);
#479=LINE('',#2858,#649);
#480=LINE('',#2862,#650);
#481=LINE('',#2866,#651);
#482=LINE('',#2869,#652);
#483=LINE('',#2874,#653);
#484=LINE('',#2875,#654);
#485=LINE('',#2878,#655);
#486=LINE('',#2879,#656);
#487=LINE('',#2883,#657);
#488=LINE('',#2886,#658);
#489=LINE('',#2889,#659);
#490=LINE('',#2890,#660);
#491=LINE('',#2894,#661);
#492=LINE('',#2898,#662);
#493=LINE('',#2900,#663);
#494=LINE('',#2902,#664);
#495=LINE('',#2905,#665);
#496=LINE('',#2906,#666);
#497=LINE('',#2910,#667);
#498=LINE('',#2913,#668);
#499=LINE('',#2916,#669);
#500=LINE('',#2966,#670);
#501=LINE('',#2983,#671);
#502=LINE('',#2986,#672);
#503=LINE('',#2988,#673);
#504=LINE('',#2989,#674);
#505=LINE('',#3052,#675);
#506=LINE('',#3054,#676);
#507=LINE('',#3055,#677);
#508=LINE('',#3070,#678);
#509=LINE('',#3075,#679);
#510=LINE('',#3096,#680);
#511=LINE('',#3101,#681);
#512=LINE('',#3124,#682);
#513=LINE('',#3139,#683);
#514=LINE('',#3158,#684);
#515=LINE('',#3173,#685);
#516=LINE('',#3184,#686);
#517=LINE('',#3199,#687);
#518=LINE('',#3202,#688);
#519=LINE('',#3204,#689);
#520=LINE('',#3205,#690);
#521=LINE('',#3220,#691);
#522=LINE('',#3263,#692);
#523=LINE('',#3264,#693);
#524=LINE('',#3271,#694);
#525=LINE('',#3278,#695);
#526=LINE('',#3333,#696);
#527=LINE('',#3350,#697);
#528=LINE('',#3353,#698);
#529=LINE('',#3355,#699);
#530=LINE('',#3356,#700);
#531=LINE('',#3419,#701);
#532=LINE('',#3421,#702);
#533=LINE('',#3422,#703);
#534=LINE('',#3473,#704);
#535=LINE('',#3490,#705);
#536=LINE('',#3496,#706);
#537=LINE('',#3499,#707);
#538=LINE('',#3501,#708);
#539=LINE('',#3502,#709);
#540=LINE('',#3509,#710);
#541=LINE('',#3511,#711);
#542=LINE('',#3513,#712);
#543=LINE('',#3514,#713);
#544=LINE('',#3520,#714);
#545=LINE('',#3563,#715);
#546=VECTOR('',#1940,10.);
#547=VECTOR('',#1941,10.);
#548=VECTOR('',#1942,10.);
#549=VECTOR('',#1943,10.);
#550=VECTOR('',#1944,10.);
#551=VECTOR('',#1945,10.);
#552=VECTOR('',#1948,10.);
#553=VECTOR('',#1949,10.);
#554=VECTOR('',#1950,10.);
#555=VECTOR('',#1951,10.);
#556=VECTOR('',#1952,10.);
#557=VECTOR('',#1953,10.);
#558=VECTOR('',#1956,10.);
#559=VECTOR('',#1957,10.);
#560=VECTOR('',#1958,10.);
#561=VECTOR('',#1959,10.);
#562=VECTOR('',#1960,10.);
#563=VECTOR('',#1961,10.);
#564=VECTOR('',#1964,10.);
#565=VECTOR('',#1965,10.);
#566=VECTOR('',#1966,10.);
#567=VECTOR('',#1967,10.);
#568=VECTOR('',#1968,10.);
#569=VECTOR('',#1969,10.);
#570=VECTOR('',#1972,10.);
#571=VECTOR('',#1973,10.);
#572=VECTOR('',#1974,10.);
#573=VECTOR('',#1977,10.);
#574=VECTOR('',#1982,10.);
#575=VECTOR('',#1983,10.);
#576=VECTOR('',#1986,10.);
#577=VECTOR('',#1993,10.);
#578=VECTOR('',#1994,10.);
#579=VECTOR('',#1995,10.);
#580=VECTOR('',#1996,10.);
#581=VECTOR('',#1999,10.);
#582=VECTOR('',#2000,10.);
#583=VECTOR('',#2001,10.);
#584=VECTOR('',#2004,10.);
#585=VECTOR('',#2005,10.);
#586=VECTOR('',#2006,10.);
#587=VECTOR('',#2009,10.);
#588=VECTOR('',#2010,10.);
#589=VECTOR('',#2011,10.);
#590=VECTOR('',#2014,10.);
#591=VECTOR('',#2015,10.);
#592=VECTOR('',#2016,10.);
#593=VECTOR('',#2019,10.);
#594=VECTOR('',#2020,10.);
#595=VECTOR('',#2021,10.);
#596=VECTOR('',#2024,10.);
#597=VECTOR('',#2025,10.);
#598=VECTOR('',#2026,10.);
#599=VECTOR('',#2029,10.);
#600=VECTOR('',#2030,10.);
#601=VECTOR('',#2031,10.);
#602=VECTOR('',#2034,10.);
#603=VECTOR('',#2035,10.);
#604=VECTOR('',#2036,10.);
#605=VECTOR('',#2039,10.);
#606=VECTOR('',#2040,10.);
#607=VECTOR('',#2041,10.);
#608=VECTOR('',#2044,10.);
#609=VECTOR('',#2045,10.);
#610=VECTOR('',#2046,10.);
#611=VECTOR('',#2049,10.);
#612=VECTOR('',#2050,10.);
#613=VECTOR('',#2053,10.);
#614=VECTOR('',#2054,10.);
#615=VECTOR('',#2055,10.);
#616=VECTOR('',#2056,10.);
#617=VECTOR('',#2059,10.);
#618=VECTOR('',#2060,10.);
#619=VECTOR('',#2061,10.);
#620=VECTOR('',#2064,10.);
#621=VECTOR('',#2065,10.);
#622=VECTOR('',#2066,10.);
#623=VECTOR('',#2069,10.);
#624=VECTOR('',#2070,10.);
#625=VECTOR('',#2071,10.);
#626=VECTOR('',#2074,10.);
#627=VECTOR('',#2075,10.);
#628=VECTOR('',#2076,10.);
#629=VECTOR('',#2079,10.);
#630=VECTOR('',#2080,10.);
#631=VECTOR('',#2081,10.);
#632=VECTOR('',#2084,10.);
#633=VECTOR('',#2085,10.);
#634=VECTOR('',#2086,10.);
#635=VECTOR('',#2089,10.);
#636=VECTOR('',#2090,10.);
#637=VECTOR('',#2091,10.);
#638=VECTOR('',#2094,10.);
#639=VECTOR('',#2095,10.);
#640=VECTOR('',#2096,10.);
#641=VECTOR('',#2099,10.);
#642=VECTOR('',#2100,10.);
#643=VECTOR('',#2101,10.);
#644=VECTOR('',#2104,10.);
#645=VECTOR('',#2105,10.);
#646=VECTOR('',#2106,10.);
#647=VECTOR('',#2109,10.);
#648=VECTOR('',#2110,10.);
#649=VECTOR('',#2117,10.);
#650=VECTOR('',#2120,10.);
#651=VECTOR('',#2123,10.);
#652=VECTOR('',#2126,10.);
#653=VECTOR('',#2131,10.);
#654=VECTOR('',#2132,10.);
#655=VECTOR('',#2135,10.);
#656=VECTOR('',#2136,10.);
#657=VECTOR('',#2141,10.);
#658=VECTOR('',#2144,10.);
#659=VECTOR('',#2147,10.);
#660=VECTOR('',#2148,10.);
#661=VECTOR('',#2153,10.);
#662=VECTOR('',#2158,10.);
#663=VECTOR('',#2161,10.);
#664=VECTOR('',#2164,10.);
#665=VECTOR('',#2167,10.);
#666=VECTOR('',#2168,10.);
#667=VECTOR('',#2173,10.);
#668=VECTOR('',#2176,10.);
#669=VECTOR('',#2181,10.);
#670=VECTOR('',#2184,10.);
#671=VECTOR('',#2185,10.);
#672=VECTOR('',#2188,10.);
#673=VECTOR('',#2189,10.);
#674=VECTOR('',#2190,10.);
#675=VECTOR('',#2191,10.);
#676=VECTOR('',#2194,10.);
#677=VECTOR('',#2195,10.);
#678=VECTOR('',#2200,10.);
#679=VECTOR('',#2201,10.);
#680=VECTOR('',#2206,10.);
#681=VECTOR('',#2207,10.);
#682=VECTOR('',#2212,10.);
#683=VECTOR('',#2213,10.);
#684=VECTOR('',#2218,10.);
#685=VECTOR('',#2219,10.);
#686=VECTOR('',#2224,10.);
#687=VECTOR('',#2225,10.);
#688=VECTOR('',#2228,10.);
#689=VECTOR('',#2229,10.);
#690=VECTOR('',#2230,10.);
#691=VECTOR('',#2231,10.);
#692=VECTOR('',#2252,10.);
#693=VECTOR('',#2253,10.);
#694=VECTOR('',#2254,10.);
#695=VECTOR('',#2255,10.);
#696=VECTOR('',#2256,10.);
#697=VECTOR('',#2257,10.);
#698=VECTOR('',#2260,10.);
#699=VECTOR('',#2261,10.);
#700=VECTOR('',#2262,10.);
#701=VECTOR('',#2263,10.);
#702=VECTOR('',#2266,10.);
#703=VECTOR('',#2267,10.);
#704=VECTOR('',#2272,10.);
#705=VECTOR('',#2273,10.);
#706=VECTOR('',#2280,10.);
#707=VECTOR('',#2283,10.);
#708=VECTOR('',#2284,10.);
#709=VECTOR('',#2285,10.);
#710=VECTOR('',#2294,10.);
#711=VECTOR('',#2295,10.);
#712=VECTOR('',#2296,10.);
#713=VECTOR('',#2297,10.);
#714=VECTOR('',#2304,10.);
#715=VECTOR('',#2305,10.);
#716=VERTEX_POINT('',#2318);
#717=VERTEX_POINT('',#2319);
#718=VERTEX_POINT('',#2321);
#719=VERTEX_POINT('',#2323);
#720=VERTEX_POINT('',#2346);
#721=VERTEX_POINT('',#2347);
#722=VERTEX_POINT('',#2349);
#723=VERTEX_POINT('',#2355);
#724=VERTEX_POINT('',#2387);
#725=VERTEX_POINT('',#2388);
#726=VERTEX_POINT('',#2390);
#727=VERTEX_POINT('',#2392);
#728=VERTEX_POINT('',#2439);
#729=VERTEX_POINT('',#2440);
#730=VERTEX_POINT('',#2442);
#731=VERTEX_POINT('',#2448);
#732=VERTEX_POINT('',#2480);
#733=VERTEX_POINT('',#2481);
#734=VERTEX_POINT('',#2483);
#735=VERTEX_POINT('',#2485);
#736=VERTEX_POINT('',#2532);
#737=VERTEX_POINT('',#2533);
#738=VERTEX_POINT('',#2535);
#739=VERTEX_POINT('',#2541);
#740=VERTEX_POINT('',#2573);
#741=VERTEX_POINT('',#2574);
#742=VERTEX_POINT('',#2576);
#743=VERTEX_POINT('',#2578);
#744=VERTEX_POINT('',#2625);
#745=VERTEX_POINT('',#2626);
#746=VERTEX_POINT('',#2628);
#747=VERTEX_POINT('',#2634);
#748=VERTEX_POINT('',#2690);
#749=VERTEX_POINT('',#2692);
#750=VERTEX_POINT('',#2696);
#751=VERTEX_POINT('',#2700);
#752=VERTEX_POINT('',#2704);
#753=VERTEX_POINT('',#2709);
#754=VERTEX_POINT('',#2710);
#755=VERTEX_POINT('',#2712);
#756=VERTEX_POINT('',#2714);
#757=VERTEX_POINT('',#2718);
#758=VERTEX_POINT('',#2720);
#759=VERTEX_POINT('',#2724);
#760=VERTEX_POINT('',#2726);
#761=VERTEX_POINT('',#2730);
#762=VERTEX_POINT('',#2732);
#763=VERTEX_POINT('',#2736);
#764=VERTEX_POINT('',#2738);
#765=VERTEX_POINT('',#2742);
#766=VERTEX_POINT('',#2744);
#767=VERTEX_POINT('',#2748);
#768=VERTEX_POINT('',#2750);
#769=VERTEX_POINT('',#2754);
#770=VERTEX_POINT('',#2756);
#771=VERTEX_POINT('',#2760);
#772=VERTEX_POINT('',#2762);
#773=VERTEX_POINT('',#2766);
#774=VERTEX_POINT('',#2768);
#775=VERTEX_POINT('',#2772);
#776=VERTEX_POINT('',#2774);
#777=VERTEX_POINT('',#2781);
#778=VERTEX_POINT('',#2782);
#779=VERTEX_POINT('',#2784);
#780=VERTEX_POINT('',#2786);
#781=VERTEX_POINT('',#2790);
#782=VERTEX_POINT('',#2792);
#783=VERTEX_POINT('',#2796);
#784=VERTEX_POINT('',#2798);
#785=VERTEX_POINT('',#2802);
#786=VERTEX_POINT('',#2804);
#787=VERTEX_POINT('',#2808);
#788=VERTEX_POINT('',#2810);
#789=VERTEX_POINT('',#2814);
#790=VERTEX_POINT('',#2816);
#791=VERTEX_POINT('',#2820);
#792=VERTEX_POINT('',#2822);
#793=VERTEX_POINT('',#2826);
#794=VERTEX_POINT('',#2828);
#795=VERTEX_POINT('',#2832);
#796=VERTEX_POINT('',#2834);
#797=VERTEX_POINT('',#2838);
#798=VERTEX_POINT('',#2840);
#799=VERTEX_POINT('',#2844);
#800=VERTEX_POINT('',#2846);
#801=VERTEX_POINT('',#2854);
#802=VERTEX_POINT('',#2855);
#803=VERTEX_POINT('',#2857);
#804=VERTEX_POINT('',#2859);
#805=VERTEX_POINT('',#2861);
#806=VERTEX_POINT('',#2863);
#807=VERTEX_POINT('',#2865);
#808=VERTEX_POINT('',#2867);
#809=VERTEX_POINT('',#2871);
#810=VERTEX_POINT('',#2872);
#811=VERTEX_POINT('',#2877);
#812=VERTEX_POINT('',#2882);
#813=VERTEX_POINT('',#2884);
#814=VERTEX_POINT('',#2888);
#815=VERTEX_POINT('',#2892);
#816=VERTEX_POINT('',#2896);
#817=VERTEX_POINT('',#2904);
#818=VERTEX_POINT('',#2908);
#819=VERTEX_POINT('',#2912);
#820=VERTEX_POINT('',#2948);
#821=VERTEX_POINT('',#2949);
#822=VERTEX_POINT('',#2965);
#823=VERTEX_POINT('',#2967);
#824=VERTEX_POINT('',#2985);
#825=VERTEX_POINT('',#2987);
#826=VERTEX_POINT('',#3020);
#827=VERTEX_POINT('',#3036);
#828=VERTEX_POINT('',#3064);
#829=VERTEX_POINT('',#3065);
#830=VERTEX_POINT('',#3069);
#831=VERTEX_POINT('',#3071);
#832=VERTEX_POINT('',#3090);
#833=VERTEX_POINT('',#3091);
#834=VERTEX_POINT('',#3095);
#835=VERTEX_POINT('',#3097);
#836=VERTEX_POINT('',#3120);
#837=VERTEX_POINT('',#3122);
#838=VERTEX_POINT('',#3131);
#839=VERTEX_POINT('',#3135);
#840=VERTEX_POINT('',#3154);
#841=VERTEX_POINT('',#3156);
#842=VERTEX_POINT('',#3165);
#843=VERTEX_POINT('',#3169);
#844=VERTEX_POINT('',#3180);
#845=VERTEX_POINT('',#3182);
#846=VERTEX_POINT('',#3191);
#847=VERTEX_POINT('',#3195);
#848=VERTEX_POINT('',#3201);
#849=VERTEX_POINT('',#3203);
#850=VERTEX_POINT('',#3212);
#851=VERTEX_POINT('',#3216);
#852=VERTEX_POINT('',#3232);
#853=VERTEX_POINT('',#3233);
#854=VERTEX_POINT('',#3237);
#855=VERTEX_POINT('',#3239);
#856=VERTEX_POINT('',#3245);
#857=VERTEX_POINT('',#3246);
#858=VERTEX_POINT('',#3250);
#859=VERTEX_POINT('',#3252);
#860=VERTEX_POINT('',#3315);
#861=VERTEX_POINT('',#3316);
#862=VERTEX_POINT('',#3332);
#863=VERTEX_POINT('',#3334);
#864=VERTEX_POINT('',#3352);
#865=VERTEX_POINT('',#3354);
#866=VERTEX_POINT('',#3387);
#867=VERTEX_POINT('',#3403);
#868=VERTEX_POINT('',#3455);
#869=VERTEX_POINT('',#3456);
#870=VERTEX_POINT('',#3472);
#871=VERTEX_POINT('',#3474);
#872=VERTEX_POINT('',#3492);
#873=VERTEX_POINT('',#3494);
#874=VERTEX_POINT('',#3498);
#875=VERTEX_POINT('',#3500);
#876=VERTEX_POINT('',#3507);
#877=VERTEX_POINT('',#3508);
#878=VERTEX_POINT('',#3510);
#879=VERTEX_POINT('',#3512);
#880=VERTEX_POINT('',#3516);
#881=VERTEX_POINT('',#3518);
#882=VERTEX_POINT('',#3541);
#883=VERTEX_POINT('',#3552);
#884=EDGE_CURVE('',#716,#717,#376,.T.);
#885=EDGE_CURVE('',#717,#718,#377,.T.);
#886=EDGE_CURVE('',#718,#719,#378,.T.);
#887=EDGE_CURVE('',#719,#716,#379,.T.);
#888=EDGE_CURVE('',#720,#721,#380,.T.);
#889=EDGE_CURVE('',#721,#722,#124,.T.);
#890=EDGE_CURVE('',#722,#723,#381,.T.);
#891=EDGE_CURVE('',#723,#720,#125,.T.);
#892=EDGE_CURVE('',#720,#719,#126,.T.);
#893=EDGE_CURVE('',#718,#721,#127,.T.);
#894=EDGE_CURVE('',#724,#725,#382,.T.);
#895=EDGE_CURVE('',#725,#726,#383,.T.);
#896=EDGE_CURVE('',#726,#727,#384,.T.);
#897=EDGE_CURVE('',#727,#724,#385,.T.);
#898=EDGE_CURVE('',#724,#723,#128,.T.);
#899=EDGE_CURVE('',#722,#725,#129,.T.);
#900=EDGE_CURVE('',#728,#729,#386,.T.);
#901=EDGE_CURVE('',#729,#730,#130,.T.);
#902=EDGE_CURVE('',#730,#731,#387,.T.);
#903=EDGE_CURVE('',#731,#728,#131,.T.);
#904=EDGE_CURVE('',#728,#727,#132,.T.);
#905=EDGE_CURVE('',#726,#729,#133,.T.);
#906=EDGE_CURVE('',#732,#733,#388,.T.);
#907=EDGE_CURVE('',#733,#734,#389,.T.);
#908=EDGE_CURVE('',#734,#735,#390,.T.);
#909=EDGE_CURVE('',#735,#732,#391,.T.);
#910=EDGE_CURVE('',#732,#731,#134,.T.);
#911=EDGE_CURVE('',#730,#733,#135,.T.);
#912=EDGE_CURVE('',#736,#737,#392,.T.);
#913=EDGE_CURVE('',#737,#738,#136,.T.);
#914=EDGE_CURVE('',#738,#739,#393,.T.);
#915=EDGE_CURVE('',#739,#736,#137,.T.);
#916=EDGE_CURVE('',#736,#735,#138,.T.);
#917=EDGE_CURVE('',#734,#737,#139,.T.);
#918=EDGE_CURVE('',#740,#741,#394,.T.);
#919=EDGE_CURVE('',#741,#742,#395,.T.);
#920=EDGE_CURVE('',#742,#743,#396,.T.);
#921=EDGE_CURVE('',#743,#740,#397,.T.);
#922=EDGE_CURVE('',#740,#739,#140,.T.);
#923=EDGE_CURVE('',#738,#741,#141,.T.);
#924=EDGE_CURVE('',#744,#745,#398,.T.);
#925=EDGE_CURVE('',#745,#746,#142,.T.);
#926=EDGE_CURVE('',#746,#747,#399,.T.);
#927=EDGE_CURVE('',#747,#744,#143,.T.);
#928=EDGE_CURVE('',#744,#743,#144,.T.);
#929=EDGE_CURVE('',#742,#745,#145,.T.);
#930=EDGE_CURVE('',#716,#747,#146,.T.);
#931=EDGE_CURVE('',#746,#717,#147,.T.);
#932=EDGE_CURVE('',#748,#736,#400,.T.);
#933=EDGE_CURVE('',#749,#748,#401,.T.);
#934=EDGE_CURVE('',#731,#749,#402,.T.);
#935=EDGE_CURVE('',#739,#750,#403,.T.);
#936=EDGE_CURVE('',#750,#748,#86,.T.);
#937=EDGE_CURVE('',#751,#744,#404,.T.);
#938=EDGE_CURVE('',#750,#751,#405,.T.);
#939=EDGE_CURVE('',#747,#752,#406,.T.);
#940=EDGE_CURVE('',#752,#751,#87,.T.);
#941=EDGE_CURVE('',#753,#754,#407,.T.);
#942=EDGE_CURVE('',#753,#755,#408,.T.);
#943=EDGE_CURVE('',#756,#755,#409,.T.);
#944=EDGE_CURVE('',#754,#756,#410,.T.);
#945=EDGE_CURVE('',#754,#757,#411,.T.);
#946=EDGE_CURVE('',#758,#756,#412,.T.);
#947=EDGE_CURVE('',#757,#758,#413,.T.);
#948=EDGE_CURVE('',#757,#759,#414,.T.);
#949=EDGE_CURVE('',#760,#758,#415,.T.);
#950=EDGE_CURVE('',#759,#760,#416,.T.);
#951=EDGE_CURVE('',#759,#761,#417,.T.);
#952=EDGE_CURVE('',#762,#760,#418,.T.);
#953=EDGE_CURVE('',#761,#762,#419,.T.);
#954=EDGE_CURVE('',#761,#763,#420,.T.);
#955=EDGE_CURVE('',#764,#762,#421,.T.);
#956=EDGE_CURVE('',#763,#764,#422,.T.);
#957=EDGE_CURVE('',#763,#765,#423,.T.);
#958=EDGE_CURVE('',#766,#764,#424,.T.);
#959=EDGE_CURVE('',#765,#766,#425,.T.);
#960=EDGE_CURVE('',#765,#767,#426,.T.);
#961=EDGE_CURVE('',#768,#766,#427,.T.);
#962=EDGE_CURVE('',#767,#768,#428,.T.);
#963=EDGE_CURVE('',#767,#769,#429,.T.);
#964=EDGE_CURVE('',#770,#768,#430,.T.);
#965=EDGE_CURVE('',#769,#770,#431,.T.);
#966=EDGE_CURVE('',#769,#771,#432,.T.);
#967=EDGE_CURVE('',#772,#770,#433,.T.);
#968=EDGE_CURVE('',#771,#772,#434,.T.);
#969=EDGE_CURVE('',#771,#773,#435,.T.);
#970=EDGE_CURVE('',#774,#772,#436,.T.);
#971=EDGE_CURVE('',#773,#774,#437,.T.);
#972=EDGE_CURVE('',#773,#775,#438,.T.);
#973=EDGE_CURVE('',#776,#774,#439,.T.);
#974=EDGE_CURVE('',#775,#776,#440,.T.);
#975=EDGE_CURVE('',#775,#753,#441,.T.);
#976=EDGE_CURVE('',#755,#776,#442,.T.);
#977=EDGE_CURVE('',#777,#778,#443,.T.);
#978=EDGE_CURVE('',#777,#779,#444,.T.);
#979=EDGE_CURVE('',#780,#779,#445,.T.);
#980=EDGE_CURVE('',#778,#780,#446,.T.);
#981=EDGE_CURVE('',#778,#781,#447,.T.);
#982=EDGE_CURVE('',#782,#780,#448,.T.);
#983=EDGE_CURVE('',#781,#782,#449,.T.);
#984=EDGE_CURVE('',#781,#783,#450,.T.);
#985=EDGE_CURVE('',#784,#782,#451,.T.);
#986=EDGE_CURVE('',#783,#784,#452,.T.);
#987=EDGE_CURVE('',#783,#785,#453,.T.);
#988=EDGE_CURVE('',#786,#784,#454,.T.);
#989=EDGE_CURVE('',#785,#786,#455,.T.);
#990=EDGE_CURVE('',#785,#787,#456,.T.);
#991=EDGE_CURVE('',#788,#786,#457,.T.);
#992=EDGE_CURVE('',#787,#788,#458,.T.);
#993=EDGE_CURVE('',#787,#789,#459,.T.);
#994=EDGE_CURVE('',#790,#788,#460,.T.);
#995=EDGE_CURVE('',#789,#790,#461,.T.);
#996=EDGE_CURVE('',#789,#791,#462,.T.);
#997=EDGE_CURVE('',#792,#790,#463,.T.);
#998=EDGE_CURVE('',#791,#792,#464,.T.);
#999=EDGE_CURVE('',#791,#793,#465,.T.);
#1000=EDGE_CURVE('',#794,#792,#466,.T.);
#1001=EDGE_CURVE('',#793,#794,#467,.T.);
#1002=EDGE_CURVE('',#793,#795,#468,.T.);
#1003=EDGE_CURVE('',#796,#794,#469,.T.);
#1004=EDGE_CURVE('',#795,#796,#470,.T.);
#1005=EDGE_CURVE('',#795,#797,#471,.T.);
#1006=EDGE_CURVE('',#798,#796,#472,.T.);
#1007=EDGE_CURVE('',#797,#798,#473,.T.);
#1008=EDGE_CURVE('',#797,#799,#474,.T.);
#1009=EDGE_CURVE('',#800,#798,#475,.T.);
#1010=EDGE_CURVE('',#799,#800,#476,.T.);
#1011=EDGE_CURVE('',#799,#777,#477,.T.);
#1012=EDGE_CURVE('',#779,#800,#478,.T.);
#1013=EDGE_CURVE('',#801,#802,#88,.T.);
#1014=EDGE_CURVE('',#803,#802,#479,.T.);
#1015=EDGE_CURVE('',#803,#804,#89,.F.);
#1016=EDGE_CURVE('',#805,#804,#480,.F.);
#1017=EDGE_CURVE('',#805,#806,#90,.F.);
#1018=EDGE_CURVE('',#807,#806,#481,.F.);
#1019=EDGE_CURVE('',#807,#808,#91,.F.);
#1020=EDGE_CURVE('',#801,#808,#482,.F.);
#1021=EDGE_CURVE('',#809,#810,#92,.T.);
#1022=EDGE_CURVE('',#802,#809,#483,.T.);
#1023=EDGE_CURVE('',#810,#801,#484,.T.);
#1024=EDGE_CURVE('',#811,#809,#485,.T.);
#1025=EDGE_CURVE('',#811,#803,#486,.T.);
#1026=EDGE_CURVE('',#812,#807,#487,.T.);
#1027=EDGE_CURVE('',#813,#812,#93,.T.);
#1028=EDGE_CURVE('',#808,#813,#488,.T.);
#1029=EDGE_CURVE('',#806,#814,#489,.T.);
#1030=EDGE_CURVE('',#812,#814,#490,.T.);
#1031=EDGE_CURVE('',#814,#815,#94,.T.);
#1032=EDGE_CURVE('',#815,#805,#491,.T.);
#1033=EDGE_CURVE('',#816,#811,#95,.T.);
#1034=EDGE_CURVE('',#804,#816,#492,.T.);
#1035=EDGE_CURVE('',#810,#813,#493,.T.);
#1036=EDGE_CURVE('',#815,#816,#494,.T.);
#1037=EDGE_CURVE('',#817,#720,#495,.T.);
#1038=EDGE_CURVE('',#752,#817,#496,.T.);
#1039=EDGE_CURVE('',#749,#818,#96,.T.);
#1040=EDGE_CURVE('',#818,#728,#497,.T.);
#1041=EDGE_CURVE('',#723,#819,#498,.T.);
#1042=EDGE_CURVE('',#819,#817,#97,.T.);
#1043=EDGE_CURVE('',#819,#818,#499,.T.);
#1044=EDGE_CURVE('',#820,#821,#21,.T.);
#1045=EDGE_CURVE('',#820,#822,#500,.T.);
#1046=EDGE_CURVE('',#823,#822,#22,.T.);
#1047=EDGE_CURVE('',#821,#823,#501,.T.);
#1048=EDGE_CURVE('',#824,#821,#502,.T.);
#1049=EDGE_CURVE('',#825,#823,#503,.T.);
#1050=EDGE_CURVE('',#824,#825,#504,.T.);
#1051=EDGE_CURVE('',#826,#824,#23,.T.);
#1052=EDGE_CURVE('',#827,#825,#24,.T.);
#1053=EDGE_CURVE('',#826,#827,#505,.T.);
#1054=EDGE_CURVE('',#820,#826,#506,.T.);
#1055=EDGE_CURVE('',#822,#827,#507,.T.);
#1056=EDGE_CURVE('',#828,#829,#25,.T.);
#1057=EDGE_CURVE('',#829,#830,#508,.T.);
#1058=EDGE_CURVE('',#831,#830,#26,.T.);
#1059=EDGE_CURVE('',#828,#831,#509,.T.);
#1060=EDGE_CURVE('',#829,#828,#98,.T.);
#1061=EDGE_CURVE('',#830,#831,#99,.T.);
#1062=EDGE_CURVE('',#832,#833,#27,.T.);
#1063=EDGE_CURVE('',#832,#834,#510,.T.);
#1064=EDGE_CURVE('',#835,#834,#28,.T.);
#1065=EDGE_CURVE('',#833,#835,#511,.T.);
#1066=EDGE_CURVE('',#833,#836,#100,.T.);
#1067=EDGE_CURVE('',#837,#835,#101,.T.);
#1068=EDGE_CURVE('',#836,#837,#512,.T.);
#1069=EDGE_CURVE('',#838,#836,#29,.T.);
#1070=EDGE_CURVE('',#839,#837,#30,.T.);
#1071=EDGE_CURVE('',#838,#839,#513,.T.);
#1072=EDGE_CURVE('',#840,#838,#102,.T.);
#1073=EDGE_CURVE('',#841,#839,#103,.T.);
#1074=EDGE_CURVE('',#840,#841,#514,.T.);
#1075=EDGE_CURVE('',#840,#842,#31,.T.);
#1076=EDGE_CURVE('',#843,#841,#32,.T.);
#1077=EDGE_CURVE('',#842,#843,#515,.T.);
#1078=EDGE_CURVE('',#844,#842,#104,.T.);
#1079=EDGE_CURVE('',#845,#843,#105,.T.);
#1080=EDGE_CURVE('',#844,#845,#516,.T.);
#1081=EDGE_CURVE('',#846,#844,#33,.T.);
#1082=EDGE_CURVE('',#847,#845,#34,.T.);
#1083=EDGE_CURVE('',#846,#847,#517,.T.);
#1084=EDGE_CURVE('',#846,#848,#518,.T.);
#1085=EDGE_CURVE('',#849,#847,#519,.T.);
#1086=EDGE_CURVE('',#848,#849,#520,.T.);
#1087=EDGE_CURVE('',#848,#850,#35,.T.);
#1088=EDGE_CURVE('',#851,#849,#36,.T.);
#1089=EDGE_CURVE('',#850,#851,#521,.T.);
#1090=EDGE_CURVE('',#832,#850,#106,.T.);
#1091=EDGE_CURVE('',#834,#851,#107,.T.);
#1092=EDGE_CURVE('',#852,#853,#37,.T.);
#1093=EDGE_CURVE('',#852,#854,#108,.T.);
#1094=EDGE_CURVE('',#854,#855,#38,.T.);
#1095=EDGE_CURVE('',#855,#853,#109,.T.);
#1096=EDGE_CURVE('',#856,#857,#39,.T.);
#1097=EDGE_CURVE('',#857,#858,#110,.T.);
#1098=EDGE_CURVE('',#858,#859,#40,.T.);
#1099=EDGE_CURVE('',#859,#856,#111,.T.);
#1100=EDGE_CURVE('',#853,#857,#522,.T.);
#1101=EDGE_CURVE('',#852,#856,#523,.T.);
#1102=EDGE_CURVE('',#855,#858,#524,.T.);
#1103=EDGE_CURVE('',#854,#859,#525,.T.);
#1104=EDGE_CURVE('',#860,#861,#41,.T.);
#1105=EDGE_CURVE('',#860,#862,#526,.T.);
#1106=EDGE_CURVE('',#863,#862,#42,.T.);
#1107=EDGE_CURVE('',#861,#863,#527,.T.);
#1108=EDGE_CURVE('',#864,#861,#528,.T.);
#1109=EDGE_CURVE('',#865,#863,#529,.T.);
#1110=EDGE_CURVE('',#864,#865,#530,.T.);
#1111=EDGE_CURVE('',#866,#864,#43,.T.);
#1112=EDGE_CURVE('',#867,#865,#44,.T.);
#1113=EDGE_CURVE('',#866,#867,#531,.T.);
#1114=EDGE_CURVE('',#860,#866,#532,.T.);
#1115=EDGE_CURVE('',#862,#867,#533,.T.);
#1116=EDGE_CURVE('',#868,#869,#45,.T.);
#1117=EDGE_CURVE('',#869,#870,#534,.T.);
#1118=EDGE_CURVE('',#871,#870,#46,.T.);
#1119=EDGE_CURVE('',#868,#871,#535,.T.);
#1120=EDGE_CURVE('',#872,#868,#13,.T.);
#1121=EDGE_CURVE('',#873,#871,#14,.T.);
#1122=EDGE_CURVE('',#872,#873,#536,.T.);
#1123=EDGE_CURVE('',#874,#872,#537,.T.);
#1124=EDGE_CURVE('',#875,#873,#538,.T.);
#1125=EDGE_CURVE('',#874,#875,#539,.T.);
#1126=EDGE_CURVE('',#869,#874,#15,.T.);
#1127=EDGE_CURVE('',#870,#875,#16,.T.);
#1128=EDGE_CURVE('',#876,#877,#540,.T.);
#1129=EDGE_CURVE('',#876,#878,#541,.T.);
#1130=EDGE_CURVE('',#879,#878,#542,.T.);
#1131=EDGE_CURVE('',#877,#879,#543,.T.);
#1132=EDGE_CURVE('',#880,#877,#17,.T.);
#1133=EDGE_CURVE('',#881,#879,#18,.T.);
#1134=EDGE_CURVE('',#880,#881,#544,.T.);
#1135=EDGE_CURVE('',#882,#880,#148,.T.);
#1136=EDGE_CURVE('',#883,#881,#149,.T.);
#1137=EDGE_CURVE('',#882,#883,#545,.T.);
#1138=EDGE_CURVE('',#876,#882,#19,.T.);
#1139=EDGE_CURVE('',#878,#883,#20,.T.);
#1140=ORIENTED_EDGE('',*,*,#884,.T.);
#1141=ORIENTED_EDGE('',*,*,#885,.T.);
#1142=ORIENTED_EDGE('',*,*,#886,.T.);
#1143=ORIENTED_EDGE('',*,*,#887,.T.);
#1144=ORIENTED_EDGE('',*,*,#888,.T.);
#1145=ORIENTED_EDGE('',*,*,#889,.T.);
#1146=ORIENTED_EDGE('',*,*,#890,.T.);
#1147=ORIENTED_EDGE('',*,*,#891,.T.);
#1148=ORIENTED_EDGE('',*,*,#888,.F.);
#1149=ORIENTED_EDGE('',*,*,#892,.T.);
#1150=ORIENTED_EDGE('',*,*,#886,.F.);
#1151=ORIENTED_EDGE('',*,*,#893,.T.);
#1152=ORIENTED_EDGE('',*,*,#894,.T.);
#1153=ORIENTED_EDGE('',*,*,#895,.T.);
#1154=ORIENTED_EDGE('',*,*,#896,.T.);
#1155=ORIENTED_EDGE('',*,*,#897,.T.);
#1156=ORIENTED_EDGE('',*,*,#894,.F.);
#1157=ORIENTED_EDGE('',*,*,#898,.T.);
#1158=ORIENTED_EDGE('',*,*,#890,.F.);
#1159=ORIENTED_EDGE('',*,*,#899,.T.);
#1160=ORIENTED_EDGE('',*,*,#900,.T.);
#1161=ORIENTED_EDGE('',*,*,#901,.T.);
#1162=ORIENTED_EDGE('',*,*,#902,.T.);
#1163=ORIENTED_EDGE('',*,*,#903,.T.);
#1164=ORIENTED_EDGE('',*,*,#900,.F.);
#1165=ORIENTED_EDGE('',*,*,#904,.T.);
#1166=ORIENTED_EDGE('',*,*,#896,.F.);
#1167=ORIENTED_EDGE('',*,*,#905,.T.);
#1168=ORIENTED_EDGE('',*,*,#906,.T.);
#1169=ORIENTED_EDGE('',*,*,#907,.T.);
#1170=ORIENTED_EDGE('',*,*,#908,.T.);
#1171=ORIENTED_EDGE('',*,*,#909,.T.);
#1172=ORIENTED_EDGE('',*,*,#906,.F.);
#1173=ORIENTED_EDGE('',*,*,#910,.T.);
#1174=ORIENTED_EDGE('',*,*,#902,.F.);
#1175=ORIENTED_EDGE('',*,*,#911,.T.);
#1176=ORIENTED_EDGE('',*,*,#912,.T.);
#1177=ORIENTED_EDGE('',*,*,#913,.T.);
#1178=ORIENTED_EDGE('',*,*,#914,.T.);
#1179=ORIENTED_EDGE('',*,*,#915,.T.);
#1180=ORIENTED_EDGE('',*,*,#912,.F.);
#1181=ORIENTED_EDGE('',*,*,#916,.T.);
#1182=ORIENTED_EDGE('',*,*,#908,.F.);
#1183=ORIENTED_EDGE('',*,*,#917,.T.);
#1184=ORIENTED_EDGE('',*,*,#918,.T.);
#1185=ORIENTED_EDGE('',*,*,#919,.T.);
#1186=ORIENTED_EDGE('',*,*,#920,.T.);
#1187=ORIENTED_EDGE('',*,*,#921,.T.);
#1188=ORIENTED_EDGE('',*,*,#918,.F.);
#1189=ORIENTED_EDGE('',*,*,#922,.T.);
#1190=ORIENTED_EDGE('',*,*,#914,.F.);
#1191=ORIENTED_EDGE('',*,*,#923,.T.);
#1192=ORIENTED_EDGE('',*,*,#924,.T.);
#1193=ORIENTED_EDGE('',*,*,#925,.T.);
#1194=ORIENTED_EDGE('',*,*,#926,.T.);
#1195=ORIENTED_EDGE('',*,*,#927,.T.);
#1196=ORIENTED_EDGE('',*,*,#924,.F.);
#1197=ORIENTED_EDGE('',*,*,#928,.T.);
#1198=ORIENTED_EDGE('',*,*,#920,.F.);
#1199=ORIENTED_EDGE('',*,*,#929,.T.);
#1200=ORIENTED_EDGE('',*,*,#884,.F.);
#1201=ORIENTED_EDGE('',*,*,#930,.T.);
#1202=ORIENTED_EDGE('',*,*,#926,.F.);
#1203=ORIENTED_EDGE('',*,*,#931,.T.);
#1204=ORIENTED_EDGE('',*,*,#910,.F.);
#1205=ORIENTED_EDGE('',*,*,#909,.F.);
#1206=ORIENTED_EDGE('',*,*,#916,.F.);
#1207=ORIENTED_EDGE('',*,*,#932,.F.);
#1208=ORIENTED_EDGE('',*,*,#933,.F.);
#1209=ORIENTED_EDGE('',*,*,#934,.F.);
#1210=ORIENTED_EDGE('',*,*,#915,.F.);
#1211=ORIENTED_EDGE('',*,*,#935,.T.);
#1212=ORIENTED_EDGE('',*,*,#936,.T.);
#1213=ORIENTED_EDGE('',*,*,#932,.T.);
#1214=ORIENTED_EDGE('',*,*,#922,.F.);
#1215=ORIENTED_EDGE('',*,*,#921,.F.);
#1216=ORIENTED_EDGE('',*,*,#928,.F.);
#1217=ORIENTED_EDGE('',*,*,#937,.F.);
#1218=ORIENTED_EDGE('',*,*,#938,.F.);
#1219=ORIENTED_EDGE('',*,*,#935,.F.);
#1220=ORIENTED_EDGE('',*,*,#927,.F.);
#1221=ORIENTED_EDGE('',*,*,#939,.T.);
#1222=ORIENTED_EDGE('',*,*,#940,.T.);
#1223=ORIENTED_EDGE('',*,*,#937,.T.);
#1224=ORIENTED_EDGE('',*,*,#925,.F.);
#1225=ORIENTED_EDGE('',*,*,#929,.F.);
#1226=ORIENTED_EDGE('',*,*,#919,.F.);
#1227=ORIENTED_EDGE('',*,*,#923,.F.);
#1228=ORIENTED_EDGE('',*,*,#913,.F.);
#1229=ORIENTED_EDGE('',*,*,#917,.F.);
#1230=ORIENTED_EDGE('',*,*,#907,.F.);
#1231=ORIENTED_EDGE('',*,*,#911,.F.);
#1232=ORIENTED_EDGE('',*,*,#901,.F.);
#1233=ORIENTED_EDGE('',*,*,#905,.F.);
#1234=ORIENTED_EDGE('',*,*,#895,.F.);
#1235=ORIENTED_EDGE('',*,*,#899,.F.);
#1236=ORIENTED_EDGE('',*,*,#889,.F.);
#1237=ORIENTED_EDGE('',*,*,#893,.F.);
#1238=ORIENTED_EDGE('',*,*,#885,.F.);
#1239=ORIENTED_EDGE('',*,*,#931,.F.);
#1240=ORIENTED_EDGE('',*,*,#941,.F.);
#1241=ORIENTED_EDGE('',*,*,#942,.T.);
#1242=ORIENTED_EDGE('',*,*,#943,.F.);
#1243=ORIENTED_EDGE('',*,*,#944,.F.);
#1244=ORIENTED_EDGE('',*,*,#945,.F.);
#1245=ORIENTED_EDGE('',*,*,#944,.T.);
#1246=ORIENTED_EDGE('',*,*,#946,.F.);
#1247=ORIENTED_EDGE('',*,*,#947,.F.);
#1248=ORIENTED_EDGE('',*,*,#948,.F.);
#1249=ORIENTED_EDGE('',*,*,#947,.T.);
#1250=ORIENTED_EDGE('',*,*,#949,.F.);
#1251=ORIENTED_EDGE('',*,*,#950,.F.);
#1252=ORIENTED_EDGE('',*,*,#951,.F.);
#1253=ORIENTED_EDGE('',*,*,#950,.T.);
#1254=ORIENTED_EDGE('',*,*,#952,.F.);
#1255=ORIENTED_EDGE('',*,*,#953,.F.);
#1256=ORIENTED_EDGE('',*,*,#954,.F.);
#1257=ORIENTED_EDGE('',*,*,#953,.T.);
#1258=ORIENTED_EDGE('',*,*,#955,.F.);
#1259=ORIENTED_EDGE('',*,*,#956,.F.);
#1260=ORIENTED_EDGE('',*,*,#957,.F.);
#1261=ORIENTED_EDGE('',*,*,#956,.T.);
#1262=ORIENTED_EDGE('',*,*,#958,.F.);
#1263=ORIENTED_EDGE('',*,*,#959,.F.);
#1264=ORIENTED_EDGE('',*,*,#960,.F.);
#1265=ORIENTED_EDGE('',*,*,#959,.T.);
#1266=ORIENTED_EDGE('',*,*,#961,.F.);
#1267=ORIENTED_EDGE('',*,*,#962,.F.);
#1268=ORIENTED_EDGE('',*,*,#963,.F.);
#1269=ORIENTED_EDGE('',*,*,#962,.T.);
#1270=ORIENTED_EDGE('',*,*,#964,.F.);
#1271=ORIENTED_EDGE('',*,*,#965,.F.);
#1272=ORIENTED_EDGE('',*,*,#966,.F.);
#1273=ORIENTED_EDGE('',*,*,#965,.T.);
#1274=ORIENTED_EDGE('',*,*,#967,.F.);
#1275=ORIENTED_EDGE('',*,*,#968,.F.);
#1276=ORIENTED_EDGE('',*,*,#969,.F.);
#1277=ORIENTED_EDGE('',*,*,#968,.T.);
#1278=ORIENTED_EDGE('',*,*,#970,.F.);
#1279=ORIENTED_EDGE('',*,*,#971,.F.);
#1280=ORIENTED_EDGE('',*,*,#972,.F.);
#1281=ORIENTED_EDGE('',*,*,#971,.T.);
#1282=ORIENTED_EDGE('',*,*,#973,.F.);
#1283=ORIENTED_EDGE('',*,*,#974,.F.);
#1284=ORIENTED_EDGE('',*,*,#975,.F.);
#1285=ORIENTED_EDGE('',*,*,#974,.T.);
#1286=ORIENTED_EDGE('',*,*,#976,.F.);
#1287=ORIENTED_EDGE('',*,*,#942,.F.);
#1288=ORIENTED_EDGE('',*,*,#977,.F.);
#1289=ORIENTED_EDGE('',*,*,#978,.T.);
#1290=ORIENTED_EDGE('',*,*,#979,.F.);
#1291=ORIENTED_EDGE('',*,*,#980,.F.);
#1292=ORIENTED_EDGE('',*,*,#981,.F.);
#1293=ORIENTED_EDGE('',*,*,#980,.T.);
#1294=ORIENTED_EDGE('',*,*,#982,.F.);
#1295=ORIENTED_EDGE('',*,*,#983,.F.);
#1296=ORIENTED_EDGE('',*,*,#984,.F.);
#1297=ORIENTED_EDGE('',*,*,#983,.T.);
#1298=ORIENTED_EDGE('',*,*,#985,.F.);
#1299=ORIENTED_EDGE('',*,*,#986,.F.);
#1300=ORIENTED_EDGE('',*,*,#987,.F.);
#1301=ORIENTED_EDGE('',*,*,#986,.T.);
#1302=ORIENTED_EDGE('',*,*,#988,.F.);
#1303=ORIENTED_EDGE('',*,*,#989,.F.);
#1304=ORIENTED_EDGE('',*,*,#990,.F.);
#1305=ORIENTED_EDGE('',*,*,#989,.T.);
#1306=ORIENTED_EDGE('',*,*,#991,.F.);
#1307=ORIENTED_EDGE('',*,*,#992,.F.);
#1308=ORIENTED_EDGE('',*,*,#993,.F.);
#1309=ORIENTED_EDGE('',*,*,#992,.T.);
#1310=ORIENTED_EDGE('',*,*,#994,.F.);
#1311=ORIENTED_EDGE('',*,*,#995,.F.);
#1312=ORIENTED_EDGE('',*,*,#996,.F.);
#1313=ORIENTED_EDGE('',*,*,#995,.T.);
#1314=ORIENTED_EDGE('',*,*,#997,.F.);
#1315=ORIENTED_EDGE('',*,*,#998,.F.);
#1316=ORIENTED_EDGE('',*,*,#999,.F.);
#1317=ORIENTED_EDGE('',*,*,#998,.T.);
#1318=ORIENTED_EDGE('',*,*,#1000,.F.);
#1319=ORIENTED_EDGE('',*,*,#1001,.F.);
#1320=ORIENTED_EDGE('',*,*,#1002,.F.);
#1321=ORIENTED_EDGE('',*,*,#1001,.T.);
#1322=ORIENTED_EDGE('',*,*,#1003,.F.);
#1323=ORIENTED_EDGE('',*,*,#1004,.F.);
#1324=ORIENTED_EDGE('',*,*,#1005,.F.);
#1325=ORIENTED_EDGE('',*,*,#1004,.T.);
#1326=ORIENTED_EDGE('',*,*,#1006,.F.);
#1327=ORIENTED_EDGE('',*,*,#1007,.F.);
#1328=ORIENTED_EDGE('',*,*,#1008,.F.);
#1329=ORIENTED_EDGE('',*,*,#1007,.T.);
#1330=ORIENTED_EDGE('',*,*,#1009,.F.);
#1331=ORIENTED_EDGE('',*,*,#1010,.F.);
#1332=ORIENTED_EDGE('',*,*,#1011,.F.);
#1333=ORIENTED_EDGE('',*,*,#1010,.T.);
#1334=ORIENTED_EDGE('',*,*,#1012,.F.);
#1335=ORIENTED_EDGE('',*,*,#978,.F.);
#1336=ORIENTED_EDGE('',*,*,#1012,.T.);
#1337=ORIENTED_EDGE('',*,*,#1009,.T.);
#1338=ORIENTED_EDGE('',*,*,#1006,.T.);
#1339=ORIENTED_EDGE('',*,*,#1003,.T.);
#1340=ORIENTED_EDGE('',*,*,#1000,.T.);
#1341=ORIENTED_EDGE('',*,*,#997,.T.);
#1342=ORIENTED_EDGE('',*,*,#994,.T.);
#1343=ORIENTED_EDGE('',*,*,#991,.T.);
#1344=ORIENTED_EDGE('',*,*,#988,.T.);
#1345=ORIENTED_EDGE('',*,*,#985,.T.);
#1346=ORIENTED_EDGE('',*,*,#982,.T.);
#1347=ORIENTED_EDGE('',*,*,#979,.T.);
#1348=ORIENTED_EDGE('',*,*,#976,.T.);
#1349=ORIENTED_EDGE('',*,*,#973,.T.);
#1350=ORIENTED_EDGE('',*,*,#970,.T.);
#1351=ORIENTED_EDGE('',*,*,#967,.T.);
#1352=ORIENTED_EDGE('',*,*,#964,.T.);
#1353=ORIENTED_EDGE('',*,*,#961,.T.);
#1354=ORIENTED_EDGE('',*,*,#958,.T.);
#1355=ORIENTED_EDGE('',*,*,#955,.T.);
#1356=ORIENTED_EDGE('',*,*,#952,.T.);
#1357=ORIENTED_EDGE('',*,*,#949,.T.);
#1358=ORIENTED_EDGE('',*,*,#946,.T.);
#1359=ORIENTED_EDGE('',*,*,#943,.T.);
#1360=ORIENTED_EDGE('',*,*,#1013,.T.);
#1361=ORIENTED_EDGE('',*,*,#1014,.F.);
#1362=ORIENTED_EDGE('',*,*,#1015,.T.);
#1363=ORIENTED_EDGE('',*,*,#1016,.F.);
#1364=ORIENTED_EDGE('',*,*,#1017,.T.);
#1365=ORIENTED_EDGE('',*,*,#1018,.F.);
#1366=ORIENTED_EDGE('',*,*,#1019,.T.);
#1367=ORIENTED_EDGE('',*,*,#1020,.F.);
#1368=ORIENTED_EDGE('',*,*,#977,.T.);
#1369=ORIENTED_EDGE('',*,*,#981,.T.);
#1370=ORIENTED_EDGE('',*,*,#984,.T.);
#1371=ORIENTED_EDGE('',*,*,#987,.T.);
#1372=ORIENTED_EDGE('',*,*,#990,.T.);
#1373=ORIENTED_EDGE('',*,*,#993,.T.);
#1374=ORIENTED_EDGE('',*,*,#996,.T.);
#1375=ORIENTED_EDGE('',*,*,#999,.T.);
#1376=ORIENTED_EDGE('',*,*,#1002,.T.);
#1377=ORIENTED_EDGE('',*,*,#1005,.T.);
#1378=ORIENTED_EDGE('',*,*,#1008,.T.);
#1379=ORIENTED_EDGE('',*,*,#1011,.T.);
#1380=ORIENTED_EDGE('',*,*,#1021,.F.);
#1381=ORIENTED_EDGE('',*,*,#1022,.F.);
#1382=ORIENTED_EDGE('',*,*,#1013,.F.);
#1383=ORIENTED_EDGE('',*,*,#1023,.F.);
#1384=ORIENTED_EDGE('',*,*,#1022,.T.);
#1385=ORIENTED_EDGE('',*,*,#1024,.F.);
#1386=ORIENTED_EDGE('',*,*,#1025,.T.);
#1387=ORIENTED_EDGE('',*,*,#1014,.T.);
#1388=ORIENTED_EDGE('',*,*,#941,.T.);
#1389=ORIENTED_EDGE('',*,*,#945,.T.);
#1390=ORIENTED_EDGE('',*,*,#948,.T.);
#1391=ORIENTED_EDGE('',*,*,#951,.T.);
#1392=ORIENTED_EDGE('',*,*,#954,.T.);
#1393=ORIENTED_EDGE('',*,*,#957,.T.);
#1394=ORIENTED_EDGE('',*,*,#960,.T.);
#1395=ORIENTED_EDGE('',*,*,#963,.T.);
#1396=ORIENTED_EDGE('',*,*,#966,.T.);
#1397=ORIENTED_EDGE('',*,*,#969,.T.);
#1398=ORIENTED_EDGE('',*,*,#972,.T.);
#1399=ORIENTED_EDGE('',*,*,#975,.T.);
#1400=ORIENTED_EDGE('',*,*,#1019,.F.);
#1401=ORIENTED_EDGE('',*,*,#1026,.F.);
#1402=ORIENTED_EDGE('',*,*,#1027,.F.);
#1403=ORIENTED_EDGE('',*,*,#1028,.F.);
#1404=ORIENTED_EDGE('',*,*,#1026,.T.);
#1405=ORIENTED_EDGE('',*,*,#1018,.T.);
#1406=ORIENTED_EDGE('',*,*,#1029,.T.);
#1407=ORIENTED_EDGE('',*,*,#1030,.F.);
#1408=ORIENTED_EDGE('',*,*,#1031,.F.);
#1409=ORIENTED_EDGE('',*,*,#1029,.F.);
#1410=ORIENTED_EDGE('',*,*,#1017,.F.);
#1411=ORIENTED_EDGE('',*,*,#1032,.F.);
#1412=ORIENTED_EDGE('',*,*,#1015,.F.);
#1413=ORIENTED_EDGE('',*,*,#1025,.F.);
#1414=ORIENTED_EDGE('',*,*,#1033,.F.);
#1415=ORIENTED_EDGE('',*,*,#1034,.F.);
#1416=ORIENTED_EDGE('',*,*,#1023,.T.);
#1417=ORIENTED_EDGE('',*,*,#1020,.T.);
#1418=ORIENTED_EDGE('',*,*,#1028,.T.);
#1419=ORIENTED_EDGE('',*,*,#1035,.F.);
#1420=ORIENTED_EDGE('',*,*,#1032,.T.);
#1421=ORIENTED_EDGE('',*,*,#1016,.T.);
#1422=ORIENTED_EDGE('',*,*,#1034,.T.);
#1423=ORIENTED_EDGE('',*,*,#1036,.F.);
#1424=ORIENTED_EDGE('',*,*,#892,.F.);
#1425=ORIENTED_EDGE('',*,*,#1037,.F.);
#1426=ORIENTED_EDGE('',*,*,#1038,.F.);
#1427=ORIENTED_EDGE('',*,*,#939,.F.);
#1428=ORIENTED_EDGE('',*,*,#930,.F.);
#1429=ORIENTED_EDGE('',*,*,#887,.F.);
#1430=ORIENTED_EDGE('',*,*,#903,.F.);
#1431=ORIENTED_EDGE('',*,*,#934,.T.);
#1432=ORIENTED_EDGE('',*,*,#1039,.T.);
#1433=ORIENTED_EDGE('',*,*,#1040,.T.);
#1434=ORIENTED_EDGE('',*,*,#891,.F.);
#1435=ORIENTED_EDGE('',*,*,#1041,.T.);
#1436=ORIENTED_EDGE('',*,*,#1042,.T.);
#1437=ORIENTED_EDGE('',*,*,#1037,.T.);
#1438=ORIENTED_EDGE('',*,*,#904,.F.);
#1439=ORIENTED_EDGE('',*,*,#1040,.F.);
#1440=ORIENTED_EDGE('',*,*,#1043,.F.);
#1441=ORIENTED_EDGE('',*,*,#1041,.F.);
#1442=ORIENTED_EDGE('',*,*,#898,.F.);
#1443=ORIENTED_EDGE('',*,*,#897,.F.);
#1444=ORIENTED_EDGE('',*,*,#940,.F.);
#1445=ORIENTED_EDGE('',*,*,#1038,.T.);
#1446=ORIENTED_EDGE('',*,*,#1042,.F.);
#1447=ORIENTED_EDGE('',*,*,#1043,.T.);
#1448=ORIENTED_EDGE('',*,*,#1039,.F.);
#1449=ORIENTED_EDGE('',*,*,#933,.T.);
#1450=ORIENTED_EDGE('',*,*,#936,.F.);
#1451=ORIENTED_EDGE('',*,*,#938,.T.);
#1452=ORIENTED_EDGE('',*,*,#1027,.T.);
#1453=ORIENTED_EDGE('',*,*,#1030,.T.);
#1454=ORIENTED_EDGE('',*,*,#1031,.T.);
#1455=ORIENTED_EDGE('',*,*,#1036,.T.);
#1456=ORIENTED_EDGE('',*,*,#1033,.T.);
#1457=ORIENTED_EDGE('',*,*,#1024,.T.);
#1458=ORIENTED_EDGE('',*,*,#1021,.T.);
#1459=ORIENTED_EDGE('',*,*,#1035,.T.);
#1460=ORIENTED_EDGE('',*,*,#1044,.F.);
#1461=ORIENTED_EDGE('',*,*,#1045,.T.);
#1462=ORIENTED_EDGE('',*,*,#1046,.F.);
#1463=ORIENTED_EDGE('',*,*,#1047,.F.);
#1464=ORIENTED_EDGE('',*,*,#1048,.T.);
#1465=ORIENTED_EDGE('',*,*,#1047,.T.);
#1466=ORIENTED_EDGE('',*,*,#1049,.F.);
#1467=ORIENTED_EDGE('',*,*,#1050,.F.);
#1468=ORIENTED_EDGE('',*,*,#1051,.T.);
#1469=ORIENTED_EDGE('',*,*,#1050,.T.);
#1470=ORIENTED_EDGE('',*,*,#1052,.F.);
#1471=ORIENTED_EDGE('',*,*,#1053,.F.);
#1472=ORIENTED_EDGE('',*,*,#1054,.T.);
#1473=ORIENTED_EDGE('',*,*,#1053,.T.);
#1474=ORIENTED_EDGE('',*,*,#1055,.F.);
#1475=ORIENTED_EDGE('',*,*,#1045,.F.);
#1476=ORIENTED_EDGE('',*,*,#1055,.T.);
#1477=ORIENTED_EDGE('',*,*,#1052,.T.);
#1478=ORIENTED_EDGE('',*,*,#1049,.T.);
#1479=ORIENTED_EDGE('',*,*,#1046,.T.);
#1480=ORIENTED_EDGE('',*,*,#1054,.F.);
#1481=ORIENTED_EDGE('',*,*,#1044,.T.);
#1482=ORIENTED_EDGE('',*,*,#1048,.F.);
#1483=ORIENTED_EDGE('',*,*,#1051,.F.);
#1484=ORIENTED_EDGE('',*,*,#1056,.T.);
#1485=ORIENTED_EDGE('',*,*,#1057,.T.);
#1486=ORIENTED_EDGE('',*,*,#1058,.F.);
#1487=ORIENTED_EDGE('',*,*,#1059,.F.);
#1488=ORIENTED_EDGE('',*,*,#1060,.T.);
#1489=ORIENTED_EDGE('',*,*,#1059,.T.);
#1490=ORIENTED_EDGE('',*,*,#1061,.F.);
#1491=ORIENTED_EDGE('',*,*,#1057,.F.);
#1492=ORIENTED_EDGE('',*,*,#1062,.F.);
#1493=ORIENTED_EDGE('',*,*,#1063,.T.);
#1494=ORIENTED_EDGE('',*,*,#1064,.F.);
#1495=ORIENTED_EDGE('',*,*,#1065,.F.);
#1496=ORIENTED_EDGE('',*,*,#1066,.F.);
#1497=ORIENTED_EDGE('',*,*,#1065,.T.);
#1498=ORIENTED_EDGE('',*,*,#1067,.F.);
#1499=ORIENTED_EDGE('',*,*,#1068,.F.);
#1500=ORIENTED_EDGE('',*,*,#1069,.T.);
#1501=ORIENTED_EDGE('',*,*,#1068,.T.);
#1502=ORIENTED_EDGE('',*,*,#1070,.F.);
#1503=ORIENTED_EDGE('',*,*,#1071,.F.);
#1504=ORIENTED_EDGE('',*,*,#1072,.T.);
#1505=ORIENTED_EDGE('',*,*,#1071,.T.);
#1506=ORIENTED_EDGE('',*,*,#1073,.F.);
#1507=ORIENTED_EDGE('',*,*,#1074,.F.);
#1508=ORIENTED_EDGE('',*,*,#1075,.F.);
#1509=ORIENTED_EDGE('',*,*,#1074,.T.);
#1510=ORIENTED_EDGE('',*,*,#1076,.F.);
#1511=ORIENTED_EDGE('',*,*,#1077,.F.);
#1512=ORIENTED_EDGE('',*,*,#1078,.T.);
#1513=ORIENTED_EDGE('',*,*,#1077,.T.);
#1514=ORIENTED_EDGE('',*,*,#1079,.F.);
#1515=ORIENTED_EDGE('',*,*,#1080,.F.);
#1516=ORIENTED_EDGE('',*,*,#1081,.T.);
#1517=ORIENTED_EDGE('',*,*,#1080,.T.);
#1518=ORIENTED_EDGE('',*,*,#1082,.F.);
#1519=ORIENTED_EDGE('',*,*,#1083,.F.);
#1520=ORIENTED_EDGE('',*,*,#1084,.F.);
#1521=ORIENTED_EDGE('',*,*,#1083,.T.);
#1522=ORIENTED_EDGE('',*,*,#1085,.F.);
#1523=ORIENTED_EDGE('',*,*,#1086,.F.);
#1524=ORIENTED_EDGE('',*,*,#1087,.F.);
#1525=ORIENTED_EDGE('',*,*,#1086,.T.);
#1526=ORIENTED_EDGE('',*,*,#1088,.F.);
#1527=ORIENTED_EDGE('',*,*,#1089,.F.);
#1528=ORIENTED_EDGE('',*,*,#1090,.T.);
#1529=ORIENTED_EDGE('',*,*,#1089,.T.);
#1530=ORIENTED_EDGE('',*,*,#1091,.F.);
#1531=ORIENTED_EDGE('',*,*,#1063,.F.);
#1532=ORIENTED_EDGE('',*,*,#1091,.T.);
#1533=ORIENTED_EDGE('',*,*,#1088,.T.);
#1534=ORIENTED_EDGE('',*,*,#1085,.T.);
#1535=ORIENTED_EDGE('',*,*,#1082,.T.);
#1536=ORIENTED_EDGE('',*,*,#1079,.T.);
#1537=ORIENTED_EDGE('',*,*,#1076,.T.);
#1538=ORIENTED_EDGE('',*,*,#1073,.T.);
#1539=ORIENTED_EDGE('',*,*,#1070,.T.);
#1540=ORIENTED_EDGE('',*,*,#1067,.T.);
#1541=ORIENTED_EDGE('',*,*,#1064,.T.);
#1542=ORIENTED_EDGE('',*,*,#1061,.T.);
#1543=ORIENTED_EDGE('',*,*,#1058,.T.);
#1544=ORIENTED_EDGE('',*,*,#1090,.F.);
#1545=ORIENTED_EDGE('',*,*,#1062,.T.);
#1546=ORIENTED_EDGE('',*,*,#1066,.T.);
#1547=ORIENTED_EDGE('',*,*,#1069,.F.);
#1548=ORIENTED_EDGE('',*,*,#1072,.F.);
#1549=ORIENTED_EDGE('',*,*,#1075,.T.);
#1550=ORIENTED_EDGE('',*,*,#1078,.F.);
#1551=ORIENTED_EDGE('',*,*,#1081,.F.);
#1552=ORIENTED_EDGE('',*,*,#1084,.T.);
#1553=ORIENTED_EDGE('',*,*,#1087,.T.);
#1554=ORIENTED_EDGE('',*,*,#1060,.F.);
#1555=ORIENTED_EDGE('',*,*,#1056,.F.);
#1556=ORIENTED_EDGE('',*,*,#1092,.F.);
#1557=ORIENTED_EDGE('',*,*,#1093,.T.);
#1558=ORIENTED_EDGE('',*,*,#1094,.T.);
#1559=ORIENTED_EDGE('',*,*,#1095,.T.);
#1560=ORIENTED_EDGE('',*,*,#1096,.T.);
#1561=ORIENTED_EDGE('',*,*,#1097,.T.);
#1562=ORIENTED_EDGE('',*,*,#1098,.T.);
#1563=ORIENTED_EDGE('',*,*,#1099,.T.);
#1564=ORIENTED_EDGE('',*,*,#1092,.T.);
#1565=ORIENTED_EDGE('',*,*,#1100,.T.);
#1566=ORIENTED_EDGE('',*,*,#1096,.F.);
#1567=ORIENTED_EDGE('',*,*,#1101,.F.);
#1568=ORIENTED_EDGE('',*,*,#1095,.F.);
#1569=ORIENTED_EDGE('',*,*,#1102,.T.);
#1570=ORIENTED_EDGE('',*,*,#1097,.F.);
#1571=ORIENTED_EDGE('',*,*,#1100,.F.);
#1572=ORIENTED_EDGE('',*,*,#1094,.F.);
#1573=ORIENTED_EDGE('',*,*,#1103,.T.);
#1574=ORIENTED_EDGE('',*,*,#1098,.F.);
#1575=ORIENTED_EDGE('',*,*,#1102,.F.);
#1576=ORIENTED_EDGE('',*,*,#1093,.F.);
#1577=ORIENTED_EDGE('',*,*,#1101,.T.);
#1578=ORIENTED_EDGE('',*,*,#1099,.F.);
#1579=ORIENTED_EDGE('',*,*,#1103,.F.);
#1580=ORIENTED_EDGE('',*,*,#1104,.F.);
#1581=ORIENTED_EDGE('',*,*,#1105,.T.);
#1582=ORIENTED_EDGE('',*,*,#1106,.F.);
#1583=ORIENTED_EDGE('',*,*,#1107,.F.);
#1584=ORIENTED_EDGE('',*,*,#1108,.T.);
#1585=ORIENTED_EDGE('',*,*,#1107,.T.);
#1586=ORIENTED_EDGE('',*,*,#1109,.F.);
#1587=ORIENTED_EDGE('',*,*,#1110,.F.);
#1588=ORIENTED_EDGE('',*,*,#1111,.T.);
#1589=ORIENTED_EDGE('',*,*,#1110,.T.);
#1590=ORIENTED_EDGE('',*,*,#1112,.F.);
#1591=ORIENTED_EDGE('',*,*,#1113,.F.);
#1592=ORIENTED_EDGE('',*,*,#1114,.T.);
#1593=ORIENTED_EDGE('',*,*,#1113,.T.);
#1594=ORIENTED_EDGE('',*,*,#1115,.F.);
#1595=ORIENTED_EDGE('',*,*,#1105,.F.);
#1596=ORIENTED_EDGE('',*,*,#1115,.T.);
#1597=ORIENTED_EDGE('',*,*,#1112,.T.);
#1598=ORIENTED_EDGE('',*,*,#1109,.T.);
#1599=ORIENTED_EDGE('',*,*,#1106,.T.);
#1600=ORIENTED_EDGE('',*,*,#1114,.F.);
#1601=ORIENTED_EDGE('',*,*,#1104,.T.);
#1602=ORIENTED_EDGE('',*,*,#1108,.F.);
#1603=ORIENTED_EDGE('',*,*,#1111,.F.);
#1604=ORIENTED_EDGE('',*,*,#1116,.T.);
#1605=ORIENTED_EDGE('',*,*,#1117,.T.);
#1606=ORIENTED_EDGE('',*,*,#1118,.F.);
#1607=ORIENTED_EDGE('',*,*,#1119,.F.);
#1608=ORIENTED_EDGE('',*,*,#1120,.T.);
#1609=ORIENTED_EDGE('',*,*,#1119,.T.);
#1610=ORIENTED_EDGE('',*,*,#1121,.F.);
#1611=ORIENTED_EDGE('',*,*,#1122,.F.);
#1612=ORIENTED_EDGE('',*,*,#1123,.T.);
#1613=ORIENTED_EDGE('',*,*,#1122,.T.);
#1614=ORIENTED_EDGE('',*,*,#1124,.F.);
#1615=ORIENTED_EDGE('',*,*,#1125,.F.);
#1616=ORIENTED_EDGE('',*,*,#1126,.T.);
#1617=ORIENTED_EDGE('',*,*,#1125,.T.);
#1618=ORIENTED_EDGE('',*,*,#1127,.F.);
#1619=ORIENTED_EDGE('',*,*,#1117,.F.);
#1620=ORIENTED_EDGE('',*,*,#1128,.F.);
#1621=ORIENTED_EDGE('',*,*,#1129,.T.);
#1622=ORIENTED_EDGE('',*,*,#1130,.F.);
#1623=ORIENTED_EDGE('',*,*,#1131,.F.);
#1624=ORIENTED_EDGE('',*,*,#1132,.T.);
#1625=ORIENTED_EDGE('',*,*,#1131,.T.);
#1626=ORIENTED_EDGE('',*,*,#1133,.F.);
#1627=ORIENTED_EDGE('',*,*,#1134,.F.);
#1628=ORIENTED_EDGE('',*,*,#1135,.T.);
#1629=ORIENTED_EDGE('',*,*,#1134,.T.);
#1630=ORIENTED_EDGE('',*,*,#1136,.F.);
#1631=ORIENTED_EDGE('',*,*,#1137,.F.);
#1632=ORIENTED_EDGE('',*,*,#1138,.T.);
#1633=ORIENTED_EDGE('',*,*,#1137,.T.);
#1634=ORIENTED_EDGE('',*,*,#1139,.F.);
#1635=ORIENTED_EDGE('',*,*,#1129,.F.);
#1636=ORIENTED_EDGE('',*,*,#1139,.T.);
#1637=ORIENTED_EDGE('',*,*,#1136,.T.);
#1638=ORIENTED_EDGE('',*,*,#1133,.T.);
#1639=ORIENTED_EDGE('',*,*,#1130,.T.);
#1640=ORIENTED_EDGE('',*,*,#1127,.T.);
#1641=ORIENTED_EDGE('',*,*,#1124,.T.);
#1642=ORIENTED_EDGE('',*,*,#1121,.T.);
#1643=ORIENTED_EDGE('',*,*,#1118,.T.);
#1644=ORIENTED_EDGE('',*,*,#1138,.F.);
#1645=ORIENTED_EDGE('',*,*,#1128,.T.);
#1646=ORIENTED_EDGE('',*,*,#1132,.F.);
#1647=ORIENTED_EDGE('',*,*,#1135,.F.);
#1648=ORIENTED_EDGE('',*,*,#1126,.F.);
#1649=ORIENTED_EDGE('',*,*,#1116,.F.);
#1650=ORIENTED_EDGE('',*,*,#1120,.F.);
#1651=ORIENTED_EDGE('',*,*,#1123,.F.);
#1652=PLANE('',#1832);
#1653=PLANE('',#1833);
#1654=PLANE('',#1834);
#1655=PLANE('',#1835);
#1656=PLANE('',#1836);
#1657=PLANE('',#1839);
#1658=PLANE('',#1842);
#1659=PLANE('',#1843);
#1660=PLANE('',#1844);
#1661=PLANE('',#1845);
#1662=PLANE('',#1846);
#1663=PLANE('',#1847);
#1664=PLANE('',#1848);
#1665=PLANE('',#1849);
#1666=PLANE('',#1850);
#1667=PLANE('',#1851);
#1668=PLANE('',#1852);
#1669=PLANE('',#1853);
#1670=PLANE('',#1854);
#1671=PLANE('',#1855);
#1672=PLANE('',#1856);
#1673=PLANE('',#1857);
#1674=PLANE('',#1858);
#1675=PLANE('',#1859);
#1676=PLANE('',#1860);
#1677=PLANE('',#1861);
#1678=PLANE('',#1862);
#1679=PLANE('',#1863);
#1680=PLANE('',#1864);
#1681=PLANE('',#1865);
#1682=PLANE('',#1866);
#1683=PLANE('',#1867);
#1684=PLANE('',#1868);
#1685=PLANE('',#1875);
#1686=PLANE('',#1876);
#1687=PLANE('',#1879);
#1688=PLANE('',#1884);
#1689=PLANE('',#1885);
#1690=PLANE('',#1886);
#1691=PLANE('',#1891);
#1692=PLANE('',#1892);
#1693=PLANE('',#1893);
#1694=PLANE('',#1894);
#1695=PLANE('',#1895);
#1696=PLANE('',#1896);
#1697=PLANE('',#1905);
#1698=PLANE('',#1908);
#1699=PLANE('',#1909);
#1700=PLANE('',#1910);
#1701=PLANE('',#1913);
#1702=PLANE('',#1916);
#1703=PLANE('',#1917);
#1704=PLANE('',#1918);
#1705=PLANE('',#1919);
#1706=PLANE('',#1923);
#1707=PLANE('',#1927);
#1708=PLANE('',#1934);
#1709=PLANE('',#1935);
#1710=ADVANCED_FACE('',(#163),#1652,.T.);
#1711=ADVANCED_FACE('',(#164),#150,.T.);
#1712=ADVANCED_FACE('',(#165),#151,.T.);
#1713=ADVANCED_FACE('',(#166),#1653,.T.);
#1714=ADVANCED_FACE('',(#167),#152,.T.);
#1715=ADVANCED_FACE('',(#168),#153,.T.);
#1716=ADVANCED_FACE('',(#169),#154,.T.);
#1717=ADVANCED_FACE('',(#170),#1654,.T.);
#1718=ADVANCED_FACE('',(#171),#155,.T.);
#1719=ADVANCED_FACE('',(#172),#156,.T.);
#1720=ADVANCED_FACE('',(#173),#157,.T.);
#1721=ADVANCED_FACE('',(#174),#1655,.T.);
#1722=ADVANCED_FACE('',(#175),#158,.T.);
#1723=ADVANCED_FACE('',(#176),#159,.T.);
#1724=ADVANCED_FACE('',(#177),#160,.T.);
#1725=ADVANCED_FACE('',(#178),#161,.T.);
#1726=ADVANCED_FACE('',(#179),#1656,.F.);
#1727=ADVANCED_FACE('',(#180),#112,.T.);
#1728=ADVANCED_FACE('',(#181),#1657,.F.);
#1729=ADVANCED_FACE('',(#182),#113,.T.);
#1730=ADVANCED_FACE('',(#183),#1658,.T.);
#1731=ADVANCED_FACE('',(#184),#1659,.T.);
#1732=ADVANCED_FACE('',(#185),#1660,.T.);
#1733=ADVANCED_FACE('',(#186),#1661,.T.);
#1734=ADVANCED_FACE('',(#187),#1662,.T.);
#1735=ADVANCED_FACE('',(#188),#1663,.T.);
#1736=ADVANCED_FACE('',(#189),#1664,.T.);
#1737=ADVANCED_FACE('',(#190),#1665,.T.);
#1738=ADVANCED_FACE('',(#191),#1666,.T.);
#1739=ADVANCED_FACE('',(#192),#1667,.T.);
#1740=ADVANCED_FACE('',(#193),#1668,.T.);
#1741=ADVANCED_FACE('',(#194),#1669,.T.);
#1742=ADVANCED_FACE('',(#195),#1670,.T.);
#1743=ADVANCED_FACE('',(#196),#1671,.T.);
#1744=ADVANCED_FACE('',(#197),#1672,.T.);
#1745=ADVANCED_FACE('',(#198),#1673,.T.);
#1746=ADVANCED_FACE('',(#199),#1674,.T.);
#1747=ADVANCED_FACE('',(#200),#1675,.T.);
#1748=ADVANCED_FACE('',(#201),#1676,.T.);
#1749=ADVANCED_FACE('',(#202),#1677,.T.);
#1750=ADVANCED_FACE('',(#203),#1678,.T.);
#1751=ADVANCED_FACE('',(#204),#1679,.T.);
#1752=ADVANCED_FACE('',(#205),#1680,.T.);
#1753=ADVANCED_FACE('',(#206),#1681,.T.);
#1754=ADVANCED_FACE('',(#207),#1682,.T.);
#1755=ADVANCED_FACE('',(#208,#79),#1683,.T.);
#1756=ADVANCED_FACE('',(#209,#80),#1684,.F.);
#1757=ADVANCED_FACE('',(#210),#114,.F.);
#1758=ADVANCED_FACE('',(#211),#1685,.T.);
#1759=ADVANCED_FACE('',(#212),#1686,.F.);
#1760=ADVANCED_FACE('',(#213),#115,.F.);
#1761=ADVANCED_FACE('',(#214),#1687,.T.);
#1762=ADVANCED_FACE('',(#215),#116,.F.);
#1763=ADVANCED_FACE('',(#216),#117,.F.);
#1764=ADVANCED_FACE('',(#217),#1688,.T.);
#1765=ADVANCED_FACE('',(#218),#1689,.T.);
#1766=ADVANCED_FACE('',(#219),#1690,.F.);
#1767=ADVANCED_FACE('',(#220),#118,.T.);
#1768=ADVANCED_FACE('',(#221),#119,.T.);
#1769=ADVANCED_FACE('',(#222),#1691,.F.);
#1770=ADVANCED_FACE('',(#223,#81),#1692,.F.);
#1771=ADVANCED_FACE('',(#224),#47,.T.);
#1772=ADVANCED_FACE('',(#225),#1693,.T.);
#1773=ADVANCED_FACE('',(#226),#48,.T.);
#1774=ADVANCED_FACE('',(#227),#1694,.T.);
#1775=ADVANCED_FACE('',(#228),#1695,.T.);
#1776=ADVANCED_FACE('',(#229),#1696,.F.);
#1777=ADVANCED_FACE('',(#230),#49,.T.);
#1778=ADVANCED_FACE('',(#231),#50,.F.);
#1779=ADVANCED_FACE('',(#232),#51,.T.);
#1780=ADVANCED_FACE('',(#233),#52,.T.);
#1781=ADVANCED_FACE('',(#234),#53,.T.);
#1782=ADVANCED_FACE('',(#235),#54,.F.);
#1783=ADVANCED_FACE('',(#236),#55,.T.);
#1784=ADVANCED_FACE('',(#237),#56,.F.);
#1785=ADVANCED_FACE('',(#238),#57,.T.);
#1786=ADVANCED_FACE('',(#239),#1697,.T.);
#1787=ADVANCED_FACE('',(#240),#58,.T.);
#1788=ADVANCED_FACE('',(#241),#59,.F.);
#1789=ADVANCED_FACE('',(#242,#82),#1698,.T.);
#1790=ADVANCED_FACE('',(#243,#83),#1699,.F.);
#1791=ADVANCED_FACE('',(#244),#1700,.F.);
#1792=ADVANCED_FACE('',(#245),#1701,.T.);
#1793=ADVANCED_FACE('',(#246),#60,.T.);
#1794=ADVANCED_FACE('',(#247),#61,.T.);
#1795=ADVANCED_FACE('',(#248),#62,.T.);
#1796=ADVANCED_FACE('',(#249),#63,.T.);
#1797=ADVANCED_FACE('',(#250),#64,.T.);
#1798=ADVANCED_FACE('',(#251),#1702,.T.);
#1799=ADVANCED_FACE('',(#252),#65,.T.);
#1800=ADVANCED_FACE('',(#253),#1703,.T.);
#1801=ADVANCED_FACE('',(#254),#1704,.T.);
#1802=ADVANCED_FACE('',(#255),#1705,.F.);
#1803=ADVANCED_FACE('',(#256),#66,.T.);
#1804=ADVANCED_FACE('',(#257),#120,.F.);
#1805=ADVANCED_FACE('',(#258),#1706,.T.);
#1806=ADVANCED_FACE('',(#259),#121,.F.);
#1807=ADVANCED_FACE('',(#260),#1707,.T.);
#1808=ADVANCED_FACE('',(#261),#122,.T.);
#1809=ADVANCED_FACE('',(#262),#162,.T.);
#1810=ADVANCED_FACE('',(#263),#123,.T.);
#1811=ADVANCED_FACE('',(#264,#84),#1708,.T.);
#1812=ADVANCED_FACE('',(#265,#85),#1709,.F.);
#1813=CLOSED_SHELL('',(#1710,#1711,#1712,#1713,#1714,#1715,#1716,#1717,
#1718,#1719,#1720,#1721,#1722,#1723,#1724,#1725,#1726,#1727,#1728,#1729,
#1730,#1731,#1732,#1733,#1734,#1735,#1736,#1737,#1738,#1739,#1740,#1741,
#1742,#1743,#1744,#1745,#1746,#1747,#1748,#1749,#1750,#1751,#1752,#1753,
#1754,#1755,#1756,#1757,#1758,#1759,#1760,#1761,#1762,#1763,#1764,#1765,
#1766,#1767,#1768,#1769,#1770));
#1814=CLOSED_SHELL('',(#1771,#1772,#1773,#1774,#1775,#1776));
#1815=CLOSED_SHELL('',(#1777,#1778,#1779,#1780,#1781,#1782,#1783,#1784,
#1785,#1786,#1787,#1788,#1789,#1790));
#1816=CLOSED_SHELL('',(#1791,#1792,#1793,#1794,#1795,#1796));
#1817=CLOSED_SHELL('',(#1797,#1798,#1799,#1800,#1801,#1802));
#1818=CLOSED_SHELL('',(#1803,#1804,#1805,#1806,#1807,#1808,#1809,#1810,
#1811,#1812));
#1819=DERIVED_UNIT_ELEMENT(#1821,1.);
#1820=DERIVED_UNIT_ELEMENT(#3574,-3.);
#1821=(
MASS_UNIT()
NAMED_UNIT(*)
SI_UNIT(.KILO.,.GRAM.)
);
#1822=DERIVED_UNIT((#1819,#1820));
#1823=MEASURE_REPRESENTATION_ITEM('density measure',
POSITIVE_RATIO_MEASURE(7850.),#1822);
#1824=PROPERTY_DEFINITION_REPRESENTATION(#1829,#1826);
#1825=PROPERTY_DEFINITION_REPRESENTATION(#1830,#1827);
#1826=REPRESENTATION('material name',(#1828),#3571);
#1827=REPRESENTATION('density',(#1823),#3571);
#1828=DESCRIPTIVE_REPRESENTATION_ITEM('Steel','Steel');
#1829=PROPERTY_DEFINITION('material property','material name',#3581);
#1830=PROPERTY_DEFINITION('material property','density of part',#3581);
#1831=AXIS2_PLACEMENT_3D('',#2316,#1936,#1937);
#1832=AXIS2_PLACEMENT_3D('',#2317,#1938,#1939);
#1833=AXIS2_PLACEMENT_3D('',#2386,#1946,#1947);
#1834=AXIS2_PLACEMENT_3D('',#2479,#1954,#1955);
#1835=AXIS2_PLACEMENT_3D('',#2572,#1962,#1963);
#1836=AXIS2_PLACEMENT_3D('',#2689,#1970,#1971);
#1837=AXIS2_PLACEMENT_3D('',#2695,#1975,#1976);
#1838=AXIS2_PLACEMENT_3D('',#2698,#1978,#1979);
#1839=AXIS2_PLACEMENT_3D('',#2699,#1980,#1981);
#1840=AXIS2_PLACEMENT_3D('',#2703,#1984,#1985);
#1841=AXIS2_PLACEMENT_3D('',#2706,#1987,#1988);
#1842=AXIS2_PLACEMENT_3D('',#2707,#1989,#1990);
#1843=AXIS2_PLACEMENT_3D('',#2708,#1991,#1992);
#1844=AXIS2_PLACEMENT_3D('',#2717,#1997,#1998);
#1845=AXIS2_PLACEMENT_3D('',#2723,#2002,#2003);
#1846=AXIS2_PLACEMENT_3D('',#2729,#2007,#2008);
#1847=AXIS2_PLACEMENT_3D('',#2735,#2012,#2013);
#1848=AXIS2_PLACEMENT_3D('',#2741,#2017,#2018);
#1849=AXIS2_PLACEMENT_3D('',#2747,#2022,#2023);
#1850=AXIS2_PLACEMENT_3D('',#2753,#2027,#2028);
#1851=AXIS2_PLACEMENT_3D('',#2759,#2032,#2033);
#1852=AXIS2_PLACEMENT_3D('',#2765,#2037,#2038);
#1853=AXIS2_PLACEMENT_3D('',#2771,#2042,#2043);
#1854=AXIS2_PLACEMENT_3D('',#2777,#2047,#2048);
#1855=AXIS2_PLACEMENT_3D('',#2780,#2051,#2052);
#1856=AXIS2_PLACEMENT_3D('',#2789,#2057,#2058);
#1857=AXIS2_PLACEMENT_3D('',#2795,#2062,#2063);
#1858=AXIS2_PLACEMENT_3D('',#2801,#2067,#2068);
#1859=AXIS2_PLACEMENT_3D('',#2807,#2072,#2073);
#1860=AXIS2_PLACEMENT_3D('',#2813,#2077,#2078);
#1861=AXIS2_PLACEMENT_3D('',#2819,#2082,#2083);
#1862=AXIS2_PLACEMENT_3D('',#2825,#2087,#2088);
#1863=AXIS2_PLACEMENT_3D('',#2831,#2092,#2093);
#1864=AXIS2_PLACEMENT_3D('',#2837,#2097,#2098);
#1865=AXIS2_PLACEMENT_3D('',#2843,#2102,#2103);
#1866=AXIS2_PLACEMENT_3D('',#2849,#2107,#2108);
#1867=AXIS2_PLACEMENT_3D('',#2852,#2111,#2112);
#1868=AXIS2_PLACEMENT_3D('',#2853,#2113,#2114);
#1869=AXIS2_PLACEMENT_3D('',#2856,#2115,#2116);
#1870=AXIS2_PLACEMENT_3D('',#2860,#2118,#2119);
#1871=AXIS2_PLACEMENT_3D('',#2864,#2121,#2122);
#1872=AXIS2_PLACEMENT_3D('',#2868,#2124,#2125);
#1873=AXIS2_PLACEMENT_3D('',#2870,#2127,#2128);
#1874=AXIS2_PLACEMENT_3D('',#2873,#2129,#2130);
#1875=AXIS2_PLACEMENT_3D('',#2876,#2133,#2134);
#1876=AXIS2_PLACEMENT_3D('',#2880,#2137,#2138);
#1877=AXIS2_PLACEMENT_3D('',#2881,#2139,#2140);
#1878=AXIS2_PLACEMENT_3D('',#2885,#2142,#2143);
#1879=AXIS2_PLACEMENT_3D('',#2887,#2145,#2146);
#1880=AXIS2_PLACEMENT_3D('',#2891,#2149,#2150);
#1881=AXIS2_PLACEMENT_3D('',#2893,#2151,#2152);
#1882=AXIS2_PLACEMENT_3D('',#2895,#2154,#2155);
#1883=AXIS2_PLACEMENT_3D('',#2897,#2156,#2157);
#1884=AXIS2_PLACEMENT_3D('',#2899,#2159,#2160);
#1885=AXIS2_PLACEMENT_3D('',#2901,#2162,#2163);
#1886=AXIS2_PLACEMENT_3D('',#2903,#2165,#2166);
#1887=AXIS2_PLACEMENT_3D('',#2907,#2169,#2170);
#1888=AXIS2_PLACEMENT_3D('',#2909,#2171,#2172);
#1889=AXIS2_PLACEMENT_3D('',#2911,#2174,#2175);
#1890=AXIS2_PLACEMENT_3D('',#2914,#2177,#2178);
#1891=AXIS2_PLACEMENT_3D('',#2915,#2179,#2180);
#1892=AXIS2_PLACEMENT_3D('',#2917,#2182,#2183);
#1893=AXIS2_PLACEMENT_3D('',#2984,#2186,#2187);
#1894=AXIS2_PLACEMENT_3D('',#3053,#2192,#2193);
#1895=AXIS2_PLACEMENT_3D('',#3056,#2196,#2197);
#1896=AXIS2_PLACEMENT_3D('',#3057,#2198,#2199);
#1897=AXIS2_PLACEMENT_3D('',#3082,#2202,#2203);
#1898=AXIS2_PLACEMENT_3D('',#3083,#2204,#2205);
#1899=AXIS2_PLACEMENT_3D('',#3121,#2208,#2209);
#1900=AXIS2_PLACEMENT_3D('',#3123,#2210,#2211);
#1901=AXIS2_PLACEMENT_3D('',#3155,#2214,#2215);
#1902=AXIS2_PLACEMENT_3D('',#3157,#2216,#2217);
#1903=AXIS2_PLACEMENT_3D('',#3181,#2220,#2221);
#1904=AXIS2_PLACEMENT_3D('',#3183,#2222,#2223);
#1905=AXIS2_PLACEMENT_3D('',#3200,#2226,#2227);
#1906=AXIS2_PLACEMENT_3D('',#3227,#2232,#2233);
#1907=AXIS2_PLACEMENT_3D('',#3228,#2234,#2235);
#1908=AXIS2_PLACEMENT_3D('',#3229,#2236,#2237);
#1909=AXIS2_PLACEMENT_3D('',#3230,#2238,#2239);
#1910=AXIS2_PLACEMENT_3D('',#3231,#2240,#2241);
#1911=AXIS2_PLACEMENT_3D('',#3238,#2242,#2243);
#1912=AXIS2_PLACEMENT_3D('',#3243,#2244,#2245);
#1913=AXIS2_PLACEMENT_3D('',#3244,#2246,#2247);
#1914=AXIS2_PLACEMENT_3D('',#3251,#2248,#2249);
#1915=AXIS2_PLACEMENT_3D('',#3256,#2250,#2251);
#1916=AXIS2_PLACEMENT_3D('',#3351,#2258,#2259);
#1917=AXIS2_PLACEMENT_3D('',#3420,#2264,#2265);
#1918=AXIS2_PLACEMENT_3D('',#3423,#2268,#2269);
#1919=AXIS2_PLACEMENT_3D('',#3424,#2270,#2271);
#1920=AXIS2_PLACEMENT_3D('',#3491,#2274,#2275);
#1921=AXIS2_PLACEMENT_3D('',#3493,#2276,#2277);
#1922=AXIS2_PLACEMENT_3D('',#3495,#2278,#2279);
#1923=AXIS2_PLACEMENT_3D('',#3497,#2281,#2282);
#1924=AXIS2_PLACEMENT_3D('',#3503,#2286,#2287);
#1925=AXIS2_PLACEMENT_3D('',#3504,#2288,#2289);
#1926=AXIS2_PLACEMENT_3D('',#3505,#2290,#2291);
#1927=AXIS2_PLACEMENT_3D('',#3506,#2292,#2293);
#1928=AXIS2_PLACEMENT_3D('',#3515,#2298,#2299);
#1929=AXIS2_PLACEMENT_3D('',#3517,#2300,#2301);
#1930=AXIS2_PLACEMENT_3D('',#3519,#2302,#2303);
#1931=AXIS2_PLACEMENT_3D('',#3564,#2306,#2307);
#1932=AXIS2_PLACEMENT_3D('',#3565,#2308,#2309);
#1933=AXIS2_PLACEMENT_3D('',#3566,#2310,#2311);
#1934=AXIS2_PLACEMENT_3D('',#3567,#2312,#2313);
#1935=AXIS2_PLACEMENT_3D('',#3568,#2314,#2315);
#1936=DIRECTION('axis',(0.,0.,1.));
#1937=DIRECTION('refdir',(1.,0.,0.));
#1938=DIRECTION('center_axis',(0.,-0.633988905605539,0.773342141337902));
#1939=DIRECTION('ref_axis',(1.,0.,0.));
#1940=DIRECTION('',(0.,0.773342141337902,0.633988905605539));
#1941=DIRECTION('',(-1.,0.,0.));
#1942=DIRECTION('',(0.,-0.773342141337902,-0.633988905605539));
#1943=DIRECTION('',(1.,0.,0.));
#1944=DIRECTION('',(0.0467779560991966,0.773763055889849,0.631745641981949));
#1945=DIRECTION('',(-0.77376305588985,-0.0467779560991953,-0.631745641981947));
#1946=DIRECTION('center_axis',(-0.633988905605538,0.,0.773342141337902));
#1947=DIRECTION('ref_axis',(0.773342141337902,0.,0.633988905605538));
#1948=DIRECTION('',(0.773342141337902,0.,0.633988905605538));
#1949=DIRECTION('',(0.,1.,0.));
#1950=DIRECTION('',(-0.773342141337902,0.,-0.633988905605538));
#1951=DIRECTION('',(0.,-1.,0.));
#1952=DIRECTION('',(0.773763056137968,-0.0467779553990212,0.631745641729896));
#1953=DIRECTION('',(-0.0467779561315771,0.773763054726268,-0.631745643404707));
#1954=DIRECTION('center_axis',(0.,0.633988906713585,0.773342140429521));
#1955=DIRECTION('ref_axis',(1.,0.,0.));
#1956=DIRECTION('',(0.,-0.773342140429521,0.633988906713585));
#1957=DIRECTION('',(1.,0.,0.));
#1958=DIRECTION('',(0.,0.773342140429521,-0.633988906713585));
#1959=DIRECTION('',(-1.,0.,0.));
#1960=DIRECTION('',(-0.0467779561315757,-0.773763054726268,0.631745643404707));
#1961=DIRECTION('',(0.773763056137969,0.0467779553990212,-0.631745641729896));
#1962=DIRECTION('center_axis',(0.633988905605539,0.,0.773342141337902));
#1963=DIRECTION('ref_axis',(0.773342141337902,0.,-0.633988905605539));
#1964=DIRECTION('',(-0.773342141337902,0.,0.633988905605539));
#1965=DIRECTION('',(0.,-1.,0.));
#1966=DIRECTION('',(0.773342141337902,0.,-0.633988905605539));
#1967=DIRECTION('',(0.,1.,0.));
#1968=DIRECTION('',(-0.773763055889851,0.0467779560991952,0.631745641981946));
#1969=DIRECTION('',(0.0467779560991953,-0.77376305588985,-0.631745641981948));
#1970=DIRECTION('center_axis',(0.,-0.980580676252912,-0.196116132328224));
#1971=DIRECTION('ref_axis',(0.,0.196116132328224,-0.980580676252912));
#1972=DIRECTION('',(-0.192450089836087,-0.192450086968358,0.962250449180437));
#1973=DIRECTION('',(1.,0.,0.));
#1974=DIRECTION('',(-0.192450089836087,0.192450086968358,-0.962250449180437));
#1975=DIRECTION('center_axis',(-0.192450089836087,-0.192450086968358,0.962250449180437));
#1976=DIRECTION('ref_axis',(0.680413817620309,0.680413818010269,0.272165525098324));
#1977=DIRECTION('',(0.192450089836087,0.192450086968358,-0.962250449180437));
#1978=DIRECTION('center_axis',(0.,0.,1.));
#1979=DIRECTION('ref_axis',(0.707106781389177,0.707106780983918,0.));
#1980=DIRECTION('center_axis',(-0.98058067569092,0.,-0.196116135138184));
#1981=DIRECTION('ref_axis',(-0.196116135138184,0.,0.98058067569092));
#1982=DIRECTION('',(-0.192450089729875,0.192450089729875,0.962250448649376));
#1983=DIRECTION('',(0.,-1.,0.));
#1984=DIRECTION('center_axis',(0.192450089729875,-0.192450089729875,-0.962250448649376));
#1985=DIRECTION('ref_axis',(0.680413817439771,-0.680413817439772,0.272165526975909));
#1986=DIRECTION('',(0.192450089729875,-0.192450089729875,-0.962250448649376));
#1987=DIRECTION('center_axis',(0.,0.,1.));
#1988=DIRECTION('ref_axis',(0.707106781186547,-0.707106781186548,0.));
#1989=DIRECTION('center_axis',(0.,0.,1.));
#1990=DIRECTION('ref_axis',(1.,0.,0.));
#1991=DIRECTION('center_axis',(1.,0.,0.));
#1992=DIRECTION('ref_axis',(0.,-1.,0.));
#1993=DIRECTION('',(0.,1.,0.));
#1994=DIRECTION('',(0.,0.,-1.));
#1995=DIRECTION('',(0.,-1.,0.));
#1996=DIRECTION('',(0.,0.,-1.));
#1997=DIRECTION('center_axis',(0.,-1.,0.));
#1998=DIRECTION('ref_axis',(-1.,0.,0.));
#1999=DIRECTION('',(1.,0.,0.));
#2000=DIRECTION('',(-1.,0.,0.));
#2001=DIRECTION('',(0.,0.,-1.));
#2002=DIRECTION('center_axis',(1.,0.,0.));
#2003=DIRECTION('ref_axis',(0.,-1.,0.));
#2004=DIRECTION('',(0.,1.,0.));
#2005=DIRECTION('',(0.,-1.,0.));
#2006=DIRECTION('',(0.,0.,-1.));
#2007=DIRECTION('center_axis',(0.,-1.,0.));
#2008=DIRECTION('ref_axis',(-1.,0.,0.));
#2009=DIRECTION('',(1.,0.,0.));
#2010=DIRECTION('',(-1.,0.,0.));
#2011=DIRECTION('',(0.,0.,-1.));
#2012=DIRECTION('center_axis',(-1.,0.,0.));
#2013=DIRECTION('ref_axis',(0.,1.,0.));
#2014=DIRECTION('',(0.,-1.,0.));
#2015=DIRECTION('',(0.,1.,0.));
#2016=DIRECTION('',(0.,0.,-1.));
#2017=DIRECTION('center_axis',(1.91417762866406E-16,-1.,0.));
#2018=DIRECTION('ref_axis',(-1.,-1.91417762866406E-16,0.));
#2019=DIRECTION('',(1.,1.91417762866406E-16,0.));
#2020=DIRECTION('',(-1.,-1.91417762866406E-16,0.));
#2021=DIRECTION('',(0.,0.,-1.));
#2022=DIRECTION('center_axis',(-1.,0.,0.));
#2023=DIRECTION('ref_axis',(0.,1.,0.));
#2024=DIRECTION('',(0.,-1.,0.));
#2025=DIRECTION('',(0.,1.,0.));
#2026=DIRECTION('',(0.,0.,-1.));
#2027=DIRECTION('center_axis',(0.,1.,0.));
#2028=DIRECTION('ref_axis',(1.,0.,0.));
#2029=DIRECTION('',(-1.,0.,0.));
#2030=DIRECTION('',(1.,0.,0.));
#2031=DIRECTION('',(0.,0.,-1.));
#2032=DIRECTION('center_axis',(-1.,0.,0.));
#2033=DIRECTION('ref_axis',(0.,1.,0.));
#2034=DIRECTION('',(0.,-1.,0.));
#2035=DIRECTION('',(0.,1.,0.));
#2036=DIRECTION('',(0.,0.,-1.));
#2037=DIRECTION('center_axis',(0.,1.,0.));
#2038=DIRECTION('ref_axis',(1.,0.,0.));
#2039=DIRECTION('',(-1.,0.,0.));
#2040=DIRECTION('',(1.,0.,0.));
#2041=DIRECTION('',(0.,0.,-1.));
#2042=DIRECTION('center_axis',(1.,0.,0.));
#2043=DIRECTION('ref_axis',(0.,-1.,0.));
#2044=DIRECTION('',(0.,1.,0.));
#2045=DIRECTION('',(0.,-1.,0.));
#2046=DIRECTION('',(0.,0.,-1.));
#2047=DIRECTION('center_axis',(-1.91417762866406E-16,1.,0.));
#2048=DIRECTION('ref_axis',(1.,1.91417762866406E-16,0.));
#2049=DIRECTION('',(-1.,-1.91417762866406E-16,0.));
#2050=DIRECTION('',(1.,1.91417762866406E-16,0.));
#2051=DIRECTION('center_axis',(1.,0.,0.));
#2052=DIRECTION('ref_axis',(0.,-1.,0.));
#2053=DIRECTION('',(0.,1.,0.));
#2054=DIRECTION('',(0.,0.,-1.));
#2055=DIRECTION('',(0.,-1.,0.));
#2056=DIRECTION('',(0.,0.,-1.));
#2057=DIRECTION('center_axis',(0.,-1.,0.));
#2058=DIRECTION('ref_axis',(-1.,0.,0.));
#2059=DIRECTION('',(1.,0.,0.));
#2060=DIRECTION('',(-1.,0.,0.));
#2061=DIRECTION('',(0.,0.,-1.));
#2062=DIRECTION('center_axis',(1.,0.,0.));
#2063=DIRECTION('ref_axis',(0.,-1.,0.));
#2064=DIRECTION('',(0.,1.,0.));
#2065=DIRECTION('',(0.,-1.,0.));
#2066=DIRECTION('',(0.,0.,-1.));
#2067=DIRECTION('center_axis',(-3.82835525732813E-16,1.,0.));
#2068=DIRECTION('ref_axis',(1.,3.82835525732813E-16,0.));
#2069=DIRECTION('',(-1.,-3.82835525732813E-16,0.));
#2070=DIRECTION('',(1.,3.82835525732813E-16,0.));
#2071=DIRECTION('',(0.,0.,-1.));
#2072=DIRECTION('center_axis',(1.,0.,0.));
#2073=DIRECTION('ref_axis',(0.,-1.,0.));
#2074=DIRECTION('',(0.,1.,0.));
#2075=DIRECTION('',(0.,-1.,0.));
#2076=DIRECTION('',(0.,0.,-1.));
#2077=DIRECTION('center_axis',(0.,1.,0.));
#2078=DIRECTION('ref_axis',(1.,0.,0.));
#2079=DIRECTION('',(-1.,0.,0.));
#2080=DIRECTION('',(1.,0.,0.));
#2081=DIRECTION('',(0.,0.,-1.));
#2082=DIRECTION('center_axis',(-1.,0.,0.));
#2083=DIRECTION('ref_axis',(0.,1.,0.));
#2084=DIRECTION('',(0.,-1.,0.));
#2085=DIRECTION('',(0.,1.,0.));
#2086=DIRECTION('',(0.,0.,-1.));
#2087=DIRECTION('center_axis',(0.,1.,0.));
#2088=DIRECTION('ref_axis',(1.,0.,0.));
#2089=DIRECTION('',(-1.,0.,0.));
#2090=DIRECTION('',(1.,0.,0.));
#2091=DIRECTION('',(0.,0.,-1.));
#2092=DIRECTION('center_axis',(-1.,0.,0.));
#2093=DIRECTION('ref_axis',(0.,1.,0.));
#2094=DIRECTION('',(0.,-1.,0.));
#2095=DIRECTION('',(0.,1.,0.));
#2096=DIRECTION('',(0.,0.,-1.));
#2097=DIRECTION('center_axis',(3.82835525732813E-16,-1.,0.));
#2098=DIRECTION('ref_axis',(-1.,-3.82835525732813E-16,0.));
#2099=DIRECTION('',(1.,3.82835525732813E-16,0.));
#2100=DIRECTION('',(-1.,-3.82835525732813E-16,0.));
#2101=DIRECTION('',(0.,0.,-1.));
#2102=DIRECTION('center_axis',(-1.,0.,0.));
#2103=DIRECTION('ref_axis',(0.,1.,0.));
#2104=DIRECTION('',(0.,-1.,0.));
#2105=DIRECTION('',(0.,1.,0.));
#2106=DIRECTION('',(0.,0.,-1.));
#2107=DIRECTION('center_axis',(0.,-1.,0.));
#2108=DIRECTION('ref_axis',(-1.,0.,0.));
#2109=DIRECTION('',(1.,0.,0.));
#2110=DIRECTION('',(-1.,0.,0.));
#2111=DIRECTION('center_axis',(0.,0.,-1.));
#2112=DIRECTION('ref_axis',(-1.,0.,0.));
#2113=DIRECTION('center_axis',(0.,0.,1.));
#2114=DIRECTION('ref_axis',(1.,0.,0.));
#2115=DIRECTION('center_axis',(0.,0.,-1.));
#2116=DIRECTION('ref_axis',(0.707106781186547,-0.707106781186548,0.));
#2117=DIRECTION('',(1.,0.,0.));
#2118=DIRECTION('center_axis',(0.,0.,1.));
#2119=DIRECTION('ref_axis',(-0.707106781186548,-0.707106781186548,0.));
#2120=DIRECTION('',(0.,1.,0.));
#2121=DIRECTION('center_axis',(0.,0.,1.));
#2122=DIRECTION('ref_axis',(-0.707106781389177,0.707106780983918,0.));
#2123=DIRECTION('',(1.,0.,0.));
#2124=DIRECTION('center_axis',(0.,0.,1.));
#2125=DIRECTION('ref_axis',(0.707106781389177,0.707106780983918,0.));
#2126=DIRECTION('',(0.,-1.,0.));
#2127=DIRECTION('center_axis',(0.192450089729875,-0.192450089729875,-0.962250448649376));
#2128=DIRECTION('ref_axis',(0.680413817439771,-0.680413817439772,0.272165526975909));
#2129=DIRECTION('center_axis',(0.,0.,1.));
#2130=DIRECTION('ref_axis',(0.707106781186547,-0.707106781186548,0.));
#2131=DIRECTION('',(0.192450089729875,-0.192450089729875,-0.962250448649376));
#2132=DIRECTION('',(-0.192450089729875,0.192450089729875,0.962250448649376));
#2133=DIRECTION('center_axis',(0.,0.98058067569092,-0.196116135138184));
#2134=DIRECTION('ref_axis',(0.,0.196116135138184,0.98058067569092));
#2135=DIRECTION('',(1.,0.,0.));
#2136=DIRECTION('',(0.192450089729875,0.192450089729875,0.962250448649376));
#2137=DIRECTION('center_axis',(0.,0.,1.));
#2138=DIRECTION('ref_axis',(1.,0.,0.));
#2139=DIRECTION('center_axis',(-0.192450089836087,-0.192450086968358,0.962250449180437));
#2140=DIRECTION('ref_axis',(0.680413817620309,0.680413818010269,0.272165525098324));
#2141=DIRECTION('',(-0.192450089836087,-0.192450086968358,0.962250449180437));
#2142=DIRECTION('center_axis',(0.,0.,1.));
#2143=DIRECTION('ref_axis',(0.707106781389177,0.707106780983918,0.));
#2144=DIRECTION('',(0.192450089836087,0.192450086968358,-0.962250449180437));
#2145=DIRECTION('center_axis',(0.,-0.980580676252912,-0.196116132328224));
#2146=DIRECTION('ref_axis',(0.,0.196116132328224,-0.980580676252912));
#2147=DIRECTION('',(-0.192450089836087,0.192450086968358,-0.962250449180437));
#2148=DIRECTION('',(-1.,0.,0.));
#2149=DIRECTION('center_axis',(-0.192450089836087,0.192450086968358,-0.962250449180437));
#2150=DIRECTION('ref_axis',(-0.680413817620309,0.680413818010269,0.272165525098324));
#2151=DIRECTION('center_axis',(0.,0.,1.));
#2152=DIRECTION('ref_axis',(-0.707106781389177,0.707106780983918,0.));
#2153=DIRECTION('',(0.192450089836087,-0.192450086968358,0.962250449180437));
#2154=DIRECTION('center_axis',(0.192450089729875,0.192450089729875,0.962250448649376));
#2155=DIRECTION('ref_axis',(-0.680413817439772,-0.680413817439772,0.272165526975908));
#2156=DIRECTION('center_axis',(0.,0.,1.));
#2157=DIRECTION('ref_axis',(-0.707106781186548,-0.707106781186548,0.));
#2158=DIRECTION('',(-0.192450089729875,-0.192450089729875,-0.962250448649376));
#2159=DIRECTION('center_axis',(-0.98058067569092,0.,-0.196116135138184));
#2160=DIRECTION('ref_axis',(-0.196116135138184,0.,0.98058067569092));
#2161=DIRECTION('',(0.,1.,0.));
#2162=DIRECTION('center_axis',(0.98058067569092,0.,-0.196116135138184));
#2163=DIRECTION('ref_axis',(-0.196116135138184,0.,-0.98058067569092));
#2164=DIRECTION('',(0.,-1.,0.));
#2165=DIRECTION('center_axis',(0.,0.98058067569092,-0.196116135138184));
#2166=DIRECTION('ref_axis',(0.,0.196116135138184,0.98058067569092));
#2167=DIRECTION('',(0.192450089729875,0.192450089729875,0.962250448649376));
#2168=DIRECTION('',(-1.,0.,0.));
#2169=DIRECTION('center_axis',(-0.192450089836087,0.192450086968358,-0.962250449180437));
#2170=DIRECTION('ref_axis',(-0.680413817620309,0.680413818010269,0.272165525098324));
#2171=DIRECTION('center_axis',(0.,0.,1.));
#2172=DIRECTION('ref_axis',(-0.707106781389177,0.707106780983918,0.));
#2173=DIRECTION('',(0.192450089836087,-0.192450086968358,0.962250449180437));
#2174=DIRECTION('center_axis',(0.192450089729875,0.192450089729875,0.962250448649376));
#2175=DIRECTION('ref_axis',(-0.680413817439772,-0.680413817439772,0.272165526975908));
#2176=DIRECTION('',(-0.192450089729875,-0.192450089729875,-0.962250448649376));
#2177=DIRECTION('center_axis',(0.,0.,1.));
#2178=DIRECTION('ref_axis',(-0.707106781186547,-0.707106781186547,0.));
#2179=DIRECTION('center_axis',(0.98058067569092,0.,-0.196116135138184));
#2180=DIRECTION('ref_axis',(-0.196116135138184,0.,-0.98058067569092));
#2181=DIRECTION('',(0.,1.,0.));
#2182=DIRECTION('center_axis',(0.,0.,1.));
#2183=DIRECTION('ref_axis',(1.,0.,0.));
#2184=DIRECTION('',(0.,0.,1.));
#2185=DIRECTION('',(0.,0.,1.));
#2186=DIRECTION('center_axis',(0.,-1.,0.));
#2187=DIRECTION('ref_axis',(1.,0.,0.));
#2188=DIRECTION('',(1.,0.,0.));
#2189=DIRECTION('',(1.,0.,0.));
#2190=DIRECTION('',(0.,0.,1.));
#2191=DIRECTION('',(0.,0.,1.));
#2192=DIRECTION('center_axis',(0.,-1.,0.));
#2193=DIRECTION('ref_axis',(1.,0.,0.));
#2194=DIRECTION('',(1.,0.,0.));
#2195=DIRECTION('',(1.,0.,0.));
#2196=DIRECTION('center_axis',(0.,0.,1.));
#2197=DIRECTION('ref_axis',(-1.,0.,0.));
#2198=DIRECTION('center_axis',(0.,0.,1.));
#2199=DIRECTION('ref_axis',(-1.,0.,0.));
#2200=DIRECTION('',(0.,0.,1.));
#2201=DIRECTION('',(0.,0.,1.));
#2202=DIRECTION('center_axis',(0.,0.,1.));
#2203=DIRECTION('ref_axis',(1.,4.27989797297267E-17,0.));
#2204=DIRECTION('center_axis',(0.,0.,1.));
#2205=DIRECTION('ref_axis',(1.,4.27989797297267E-17,0.));
#2206=DIRECTION('',(0.,0.,1.));
#2207=DIRECTION('',(0.,0.,1.));
#2208=DIRECTION('center_axis',(0.,0.,1.));
#2209=DIRECTION('ref_axis',(1.,4.27989797297267E-17,0.));
#2210=DIRECTION('center_axis',(0.,0.,-1.));
#2211=DIRECTION('ref_axis',(1.,4.27989797297267E-17,0.));
#2212=DIRECTION('',(0.,0.,1.));
#2213=DIRECTION('',(0.,0.,1.));
#2214=DIRECTION('center_axis',(0.,0.,1.));
#2215=DIRECTION('ref_axis',(1.,4.27989797297267E-17,0.));
#2216=DIRECTION('center_axis',(0.,0.,1.));
#2217=DIRECTION('ref_axis',(1.,4.27989797297267E-17,0.));
#2218=DIRECTION('',(0.,0.,1.));
#2219=DIRECTION('',(0.,0.,1.));
#2220=DIRECTION('center_axis',(0.,0.,1.));
#2221=DIRECTION('ref_axis',(1.,4.27989797297267E-17,0.));
#2222=DIRECTION('center_axis',(0.,0.,1.));
#2223=DIRECTION('ref_axis',(1.,4.27989797297267E-17,0.));
#2224=DIRECTION('',(0.,0.,1.));
#2225=DIRECTION('',(0.,0.,1.));
#2226=DIRECTION('center_axis',(0.293219202744017,0.956045239066731,0.));
#2227=DIRECTION('ref_axis',(-0.956045239066731,0.293219202744017,0.));
#2228=DIRECTION('',(0.956045239066731,-0.293219202744017,0.));
#2229=DIRECTION('',(-0.956045239066731,0.293219202744017,0.));
#2230=DIRECTION('',(0.,0.,1.));
#2231=DIRECTION('',(0.,0.,1.));
#2232=DIRECTION('center_axis',(0.,0.,1.));
#2233=DIRECTION('ref_axis',(1.,4.27989797297267E-17,0.));
#2234=DIRECTION('center_axis',(0.,0.,1.));
#2235=DIRECTION('ref_axis',(1.,4.27989797297267E-17,0.));
#2236=DIRECTION('center_axis',(0.,0.,1.));
#2237=DIRECTION('ref_axis',(-1.,0.,0.));
#2238=DIRECTION('center_axis',(0.,0.,1.));
#2239=DIRECTION('ref_axis',(-1.,0.,0.));
#2240=DIRECTION('center_axis',(0.,0.,1.));
#2241=DIRECTION('ref_axis',(-1.,0.,0.));
#2242=DIRECTION('center_axis',(0.,0.,1.));
#2243=DIRECTION('ref_axis',(1.,4.27989797297267E-17,0.));
#2244=DIRECTION('center_axis',(0.,0.,1.));
#2245=DIRECTION('ref_axis',(1.,4.27989797297267E-17,0.));
#2246=DIRECTION('center_axis',(0.,0.,1.));
#2247=DIRECTION('ref_axis',(-1.,0.,0.));
#2248=DIRECTION('center_axis',(0.,0.,-1.));
#2249=DIRECTION('ref_axis',(1.,4.27989797297267E-17,0.));
#2250=DIRECTION('center_axis',(0.,0.,-1.));
#2251=DIRECTION('ref_axis',(1.,4.27989797297267E-17,0.));
#2252=DIRECTION('',(0.,0.,1.));
#2253=DIRECTION('',(0.,0.,1.));
#2254=DIRECTION('',(0.,0.,1.));
#2255=DIRECTION('',(0.,0.,1.));
#2256=DIRECTION('',(0.,0.,1.));
#2257=DIRECTION('',(0.,0.,1.));
#2258=DIRECTION('center_axis',(0.,-1.,0.));
#2259=DIRECTION('ref_axis',(1.,0.,0.));
#2260=DIRECTION('',(1.,0.,0.));
#2261=DIRECTION('',(1.,0.,0.));
#2262=DIRECTION('',(0.,0.,1.));
#2263=DIRECTION('',(0.,0.,1.));
#2264=DIRECTION('center_axis',(0.,-1.,0.));
#2265=DIRECTION('ref_axis',(1.,0.,0.));
#2266=DIRECTION('',(1.,0.,0.));
#2267=DIRECTION('',(1.,0.,0.));
#2268=DIRECTION('center_axis',(0.,0.,1.));
#2269=DIRECTION('ref_axis',(-1.,0.,0.));
#2270=DIRECTION('center_axis',(0.,0.,1.));
#2271=DIRECTION('ref_axis',(-1.,0.,0.));
#2272=DIRECTION('',(0.,0.,1.));
#2273=DIRECTION('',(0.,0.,1.));
#2274=DIRECTION('center_axis',(0.,0.,1.));
#2275=DIRECTION('ref_axis',(0.785958992829803,-0.618278627796532,0.));
#2276=DIRECTION('center_axis',(0.,0.,-1.));
#2277=DIRECTION('ref_axis',(0.785958992829803,-0.618278627796532,0.));
#2278=DIRECTION('center_axis',(0.,0.,-1.));
#2279=DIRECTION('ref_axis',(0.785958992829803,-0.618278627796532,0.));
#2280=DIRECTION('',(0.,0.,1.));
#2281=DIRECTION('center_axis',(-6.45316073004471E-16,-1.,0.));
#2282=DIRECTION('ref_axis',(1.,-6.45316073004471E-16,0.));
#2283=DIRECTION('',(1.,-6.45316073004471E-16,0.));
#2284=DIRECTION('',(1.,-6.45316073004471E-16,0.));
#2285=DIRECTION('',(0.,0.,1.));
#2286=DIRECTION('center_axis',(0.,0.,1.));
#2287=DIRECTION('ref_axis',(0.00304353643587468,0.999995368432256,0.));
#2288=DIRECTION('center_axis',(0.,0.,-1.));
#2289=DIRECTION('ref_axis',(0.00304353643587468,0.999995368432256,0.));
#2290=DIRECTION('center_axis',(0.,0.,-1.));
#2291=DIRECTION('ref_axis',(0.00304353643587468,0.999995368432256,0.));
#2292=DIRECTION('center_axis',(1.31037863103855E-16,1.,0.));
#2293=DIRECTION('ref_axis',(-1.,1.31037863103855E-16,0.));
#2294=DIRECTION('',(1.,-1.31037863103855E-16,0.));
#2295=DIRECTION('',(0.,0.,1.));
#2296=DIRECTION('',(-1.,1.31037863103855E-16,0.));
#2297=DIRECTION('',(0.,0.,1.));
#2298=DIRECTION('center_axis',(0.,0.,1.));
#2299=DIRECTION('ref_axis',(0.781108166546219,-0.62439573361355,0.));
#2300=DIRECTION('center_axis',(0.,0.,1.));
#2301=DIRECTION('ref_axis',(0.781108166546219,-0.62439573361355,0.));
#2302=DIRECTION('center_axis',(0.,0.,1.));
#2303=DIRECTION('ref_axis',(0.781108166546219,-0.62439573361355,0.));
#2304=DIRECTION('',(0.,0.,1.));
#2305=DIRECTION('',(0.,0.,1.));
#2306=DIRECTION('center_axis',(0.,0.,1.));
#2307=DIRECTION('ref_axis',(0.,1.,0.));
#2308=DIRECTION('center_axis',(0.,0.,1.));
#2309=DIRECTION('ref_axis',(0.,1.,0.));
#2310=DIRECTION('center_axis',(0.,0.,1.));
#2311=DIRECTION('ref_axis',(0.,1.,0.));
#2312=DIRECTION('center_axis',(0.,0.,1.));
#2313=DIRECTION('ref_axis',(-1.,0.,0.));
#2314=DIRECTION('center_axis',(0.,0.,1.));
#2315=DIRECTION('ref_axis',(-1.,0.,0.));
#2316=CARTESIAN_POINT('',(0.,0.,0.));
#2317=CARTESIAN_POINT('Origin',(0.,-6.799029167895,9.75485483107727));
#2318=CARTESIAN_POINT('',(7.77912898646362,-7.09805820167954,9.50970966215454));
#2319=CARTESIAN_POINT('',(7.77912898646362,-6.50000013411045,10.));
#2320=CARTESIAN_POINT('',(7.77912898646362,-7.09805820167954,9.50970966215454));
#2321=CARTESIAN_POINT('',(-7.77912898646362,-6.50000013411045,10.));
#2322=CARTESIAN_POINT('',(0.,-6.50000013411045,10.));
#2323=CARTESIAN_POINT('',(-7.77912898646362,-7.09805820167954,9.50970966215454));
#2324=CARTESIAN_POINT('',(-7.77912898646362,-6.50000013411045,10.));
#2325=CARTESIAN_POINT('',(0.,-7.09805820167954,9.50970966215454));
#2326=CARTESIAN_POINT('Ctrl Pts',(-7.87707176686677,-7.09794291451354,9.51028609798455));
#2327=CARTESIAN_POINT('Ctrl Pts',(-8.20569236835168,-7.09715804411339,9.51421044998526));
#2328=CARTESIAN_POINT('Ctrl Pts',(-8.98320135896035,-6.83435325657183,9.52288155292582));
#2329=CARTESIAN_POINT('Ctrl Pts',(-9.34689628653622,-6.0652327029571,9.51551856731883));
#2330=CARTESIAN_POINT('Ctrl Pts',(-9.34794278040309,-5.62707190097722,9.51028609798455));
#2331=CARTESIAN_POINT('Ctrl Pts',(-7.86498472112803,-6.89800879538165,9.67352406532303));
#2332=CARTESIAN_POINT('Ctrl Pts',(-8.15267775335069,-6.89333756202365,9.67614029999017));
#2333=CARTESIAN_POINT('Ctrl Pts',(-8.8228974499375,-6.65927734048653,9.68192103528388));
#2334=CARTESIAN_POINT('Ctrl Pts',(-9.14178035012721,-5.99857556486869,9.67701237821255));
#2335=CARTESIAN_POINT('Ctrl Pts',(-9.1480086612712,-5.61498485523848,9.67352406532303));
#2336=CARTESIAN_POINT('Ctrl Pts',(-7.8528976753893,-6.69807467624975,9.83676203266152));
#2337=CARTESIAN_POINT('Ctrl Pts',(-8.0996631383497,-6.68951707993392,9.83807014999509));
#2338=CARTESIAN_POINT('Ctrl Pts',(-8.66259354091465,-6.48420142440122,9.84096051764194));
#2339=CARTESIAN_POINT('Ctrl Pts',(-8.93666441371819,-5.93191842678029,9.83850618910628));
#2340=CARTESIAN_POINT('Ctrl Pts',(-8.9480745421393,-5.60289780949975,9.83676203266152));
#2341=CARTESIAN_POINT('Ctrl Pts',(-7.84081062965057,-6.49814055711786,10.));
#2342=CARTESIAN_POINT('Ctrl Pts',(-8.04664852334872,-6.48569659784419,10.));
#2343=CARTESIAN_POINT('Ctrl Pts',(-8.5022896318918,-6.30912550831592,10.));
#2344=CARTESIAN_POINT('Ctrl Pts',(-8.73154847730918,-5.86526128869189,10.));
#2345=CARTESIAN_POINT('Ctrl Pts',(-8.74814042300741,-5.59081076376102,10.));
#2346=CARTESIAN_POINT('',(-7.87707176686677,-7.09794291451354,9.51028609798454));
#2347=CARTESIAN_POINT('',(-7.84081062965057,-6.49814055711786,10.));
#2348=CARTESIAN_POINT('',(-7.87707176686677,-7.09794291451354,9.51028609798454));
#2349=CARTESIAN_POINT('',(-8.74814042300741,-5.59081076376102,10.));
#2350=CARTESIAN_POINT('Ctrl Pts',(-7.84081062965057,-6.49814055711786,10.));
#2351=CARTESIAN_POINT('Ctrl Pts',(-8.04664852334872,-6.48569659784419,10.));
#2352=CARTESIAN_POINT('Ctrl Pts',(-8.5022896318918,-6.30912550831592,10.));
#2353=CARTESIAN_POINT('Ctrl Pts',(-8.73154847730918,-5.86526128869189,10.));
#2354=CARTESIAN_POINT('Ctrl Pts',(-8.74814042300741,-5.59081076376102,10.));
#2355=CARTESIAN_POINT('',(-9.34794278040309,-5.62707190097722,9.51028609798454));
#2356=CARTESIAN_POINT('',(-8.74814042300741,-5.59081076376102,10.));
#2357=CARTESIAN_POINT('Ctrl Pts',(-9.34794278040309,-5.62707190097722,9.51028609798455));
#2358=CARTESIAN_POINT('Ctrl Pts',(-9.34689628653622,-6.0652327029571,9.51551856731883));
#2359=CARTESIAN_POINT('Ctrl Pts',(-8.98320135896035,-6.83435325657183,9.52288155292582));
#2360=CARTESIAN_POINT('Ctrl Pts',(-8.20569236835168,-7.09715804411339,9.51421044998526));
#2361=CARTESIAN_POINT('Ctrl Pts',(-7.87707176686677,-7.09794291451354,9.51028609798455));
#2362=CARTESIAN_POINT('Ctrl Pts',(-7.77912898646362,-7.09805820167954,9.50970966215454));
#2363=CARTESIAN_POINT('Ctrl Pts',(-7.81177014525705,-7.09805820167954,9.50970966215454));
#2364=CARTESIAN_POINT('Ctrl Pts',(-7.84438015058543,-7.09802099446908,9.50989569820688));
#2365=CARTESIAN_POINT('Ctrl Pts',(-7.87707176686677,-7.09794291451354,9.51028609798455));
#2366=CARTESIAN_POINT('Ctrl Pts',(-7.77912898646362,-6.89870551248985,9.67313977476969));
#2367=CARTESIAN_POINT('Ctrl Pts',(-7.80776700861737,-6.89870551248985,9.67313977476969));
#2368=CARTESIAN_POINT('Ctrl Pts',(-7.83636463409228,-6.89847349591414,9.67326379880458));
#2369=CARTESIAN_POINT('Ctrl Pts',(-7.86498472112803,-6.89800879538165,9.67352406532304));
#2370=CARTESIAN_POINT('Ctrl Pts',(-7.77912898646362,-6.69935282330015,9.83656988738485));
#2371=CARTESIAN_POINT('Ctrl Pts',(-7.80376387197768,-6.69935282330015,9.83656988738485));
#2372=CARTESIAN_POINT('Ctrl Pts',(-7.82834911759914,-6.69892599735921,9.83663189940229));
#2373=CARTESIAN_POINT('Ctrl Pts',(-7.8528976753893,-6.69807467624975,9.83676203266152));
#2374=CARTESIAN_POINT('Ctrl Pts',(-7.77912898646362,-6.50000013411045,10.));
#2375=CARTESIAN_POINT('Ctrl Pts',(-7.799760735338,-6.50000013411045,10.));
#2376=CARTESIAN_POINT('Ctrl Pts',(-7.820333601106,-6.49937849880428,10.));
#2377=CARTESIAN_POINT('Ctrl Pts',(-7.84081062965057,-6.49814055711786,10.));
#2378=CARTESIAN_POINT('Ctrl Pts',(-7.87707176686677,-7.09794291451354,9.51028609798455));
#2379=CARTESIAN_POINT('Ctrl Pts',(-7.84438015058543,-7.09802099446908,9.50989569820688));
#2380=CARTESIAN_POINT('Ctrl Pts',(-7.81177014525705,-7.09805820167954,9.50970966215454));
#2381=CARTESIAN_POINT('Ctrl Pts',(-7.77912898646362,-7.09805820167954,9.50970966215454));
#2382=CARTESIAN_POINT('Ctrl Pts',(-7.77912898646362,-6.50000013411045,10.));
#2383=CARTESIAN_POINT('Ctrl Pts',(-7.799760735338,-6.50000013411045,10.));
#2384=CARTESIAN_POINT('Ctrl Pts',(-7.820333601106,-6.49937849880428,10.));
#2385=CARTESIAN_POINT('Ctrl Pts',(-7.84081062965057,-6.49814055711786,10.));
#2386=CARTESIAN_POINT('Origin',(-9.04902903378455,-4.5,9.75485483107727));
#2387=CARTESIAN_POINT('',(-9.34805806756909,-5.52912912057407,9.50970966215454));
#2388=CARTESIAN_POINT('',(-8.75,-5.52912912057407,10.));
#2389=CARTESIAN_POINT('',(-9.34805806756909,-5.52912912057407,9.50970966215454));
#2390=CARTESIAN_POINT('',(-8.75,5.52912915037639,10.));
#2391=CARTESIAN_POINT('',(-8.75,-4.5,10.));
#2392=CARTESIAN_POINT('',(-9.34805806756909,5.52912915037639,9.50970966215454));
#2393=CARTESIAN_POINT('',(-8.75,5.52912915037639,10.));
#2394=CARTESIAN_POINT('',(-9.34805806756909,-4.5,9.50970966215454));
#2395=CARTESIAN_POINT('Ctrl Pts',(-9.34794278040309,-5.62707190097722,9.51028609798455));
#2396=CARTESIAN_POINT('Ctrl Pts',(-9.34802086035863,-5.59438028469588,9.50989569820688));
#2397=CARTESIAN_POINT('Ctrl Pts',(-9.34805806756909,-5.5617702793675,9.50970966215454));
#2398=CARTESIAN_POINT('Ctrl Pts',(-9.34805806756909,-5.52912912057407,9.50970966215454));
#2399=CARTESIAN_POINT('Ctrl Pts',(-9.1480086612712,-5.61498485523848,9.67352406532303));
#2400=CARTESIAN_POINT('Ctrl Pts',(-9.14847336180369,-5.58636476820273,9.67326379880458));
#2401=CARTESIAN_POINT('Ctrl Pts',(-9.1487053783794,-5.55776714272782,9.67313977476969));
#2402=CARTESIAN_POINT('Ctrl Pts',(-9.1487053783794,-5.52912912057407,9.67313977476969));
#2403=CARTESIAN_POINT('Ctrl Pts',(-8.9480745421393,-5.60289780949975,9.83676203266152));
#2404=CARTESIAN_POINT('Ctrl Pts',(-8.94892586324876,-5.57834925170959,9.83663189940229));
#2405=CARTESIAN_POINT('Ctrl Pts',(-8.9493526891897,-5.55376400608813,9.83656988738485));
#2406=CARTESIAN_POINT('Ctrl Pts',(-8.9493526891897,-5.52912912057407,9.83656988738485));
#2407=CARTESIAN_POINT('Ctrl Pts',(-8.74814042300741,-5.59081076376102,10.));
#2408=CARTESIAN_POINT('Ctrl Pts',(-8.74937836469383,-5.57033373521645,10.));
#2409=CARTESIAN_POINT('Ctrl Pts',(-8.75,-5.54976086944845,10.));
#2410=CARTESIAN_POINT('Ctrl Pts',(-8.75,-5.52912912057407,10.));
#2411=CARTESIAN_POINT('Ctrl Pts',(-9.34805806756909,-5.52912912057407,9.50970966215454));
#2412=CARTESIAN_POINT('Ctrl Pts',(-9.34805806756909,-5.5617702793675,9.50970966215454));
#2413=CARTESIAN_POINT('Ctrl Pts',(-9.34802086035863,-5.59438028469588,9.50989569820688));
#2414=CARTESIAN_POINT('Ctrl Pts',(-9.34794278040309,-5.62707190097722,9.51028609798455));
#2415=CARTESIAN_POINT('Ctrl Pts',(-8.74814042300741,-5.59081076376102,10.));
#2416=CARTESIAN_POINT('Ctrl Pts',(-8.74937836469383,-5.57033373521645,10.));
#2417=CARTESIAN_POINT('Ctrl Pts',(-8.75,-5.54976086944845,10.));
#2418=CARTESIAN_POINT('Ctrl Pts',(-8.75,-5.52912912057407,10.));
#2419=CARTESIAN_POINT('Ctrl Pts',(-9.34794278038997,5.62707192930695,9.51028609805017));
#2420=CARTESIAN_POINT('Ctrl Pts',(-9.3471579099986,5.95569253108204,9.51421045000695));
#2421=CARTESIAN_POINT('Ctrl Pts',(-9.08435312169772,6.73320152213253,9.52288155264492));
#2422=CARTESIAN_POINT('Ctrl Pts',(-8.31523256791293,7.09689644909535,9.51551856686767));
#2423=CARTESIAN_POINT('Ctrl Pts',(-7.87707176609785,7.09794294293047,9.51028609761418));
#2424=CARTESIAN_POINT('Ctrl Pts',(-9.14800866114098,5.61498488374594,9.67352406536678));
#2425=CARTESIAN_POINT('Ctrl Pts',(-9.14333742784914,5.90267791621373,9.67614030000463));
#2426=CARTESIAN_POINT('Ctrl Pts',(-8.90927720585005,6.57289761332425,9.68192103509661));
#2427=CARTESIAN_POINT('Ctrl Pts',(-8.24857542994813,6.89178051325977,9.67701237791178));
#2428=CARTESIAN_POINT('Ctrl Pts',(-7.86498472036883,6.8980088243983,9.67352406507612));
#2429=CARTESIAN_POINT('Ctrl Pts',(-8.94807454189199,5.60289783818492,9.83676203268339));
#2430=CARTESIAN_POINT('Ctrl Pts',(-8.93951694569968,5.84966330134542,9.83807015000232));
#2431=CARTESIAN_POINT('Ctrl Pts',(-8.73420129000239,6.41259370451597,9.84096051754831));
#2432=CARTESIAN_POINT('Ctrl Pts',(-8.18191829198333,6.68666457742419,9.83850618895589));
#2433=CARTESIAN_POINT('Ctrl Pts',(-7.85289767463981,6.69807470586613,9.83676203253806));
#2434=CARTESIAN_POINT('Ctrl Pts',(-8.74814042264301,5.5908107926239,10.));
#2435=CARTESIAN_POINT('Ctrl Pts',(-8.73569646355022,5.79664868647711,10.));
#2436=CARTESIAN_POINT('Ctrl Pts',(-8.55912537415472,6.25228979570768,10.));
#2437=CARTESIAN_POINT('Ctrl Pts',(-8.11526115401854,6.4815486415886,10.));
#2438=CARTESIAN_POINT('Ctrl Pts',(-7.84081062891079,6.49814058733396,10.));
#2439=CARTESIAN_POINT('',(-9.34794278038997,5.62707192930696,9.51028609805016));
#2440=CARTESIAN_POINT('',(-8.74814042264301,5.5908107926239,10.));
#2441=CARTESIAN_POINT('',(-9.34794278038997,5.62707192930696,9.51028609805016));
#2442=CARTESIAN_POINT('',(-7.84081062891079,6.49814058733396,10.));
#2443=CARTESIAN_POINT('Ctrl Pts',(-8.74814042264301,5.5908107926239,10.));
#2444=CARTESIAN_POINT('Ctrl Pts',(-8.73569646355022,5.79664868647711,10.));
#2445=CARTESIAN_POINT('Ctrl Pts',(-8.55912537415472,6.25228979570768,10.));
#2446=CARTESIAN_POINT('Ctrl Pts',(-8.11526115401854,6.4815486415886,10.));
#2447=CARTESIAN_POINT('Ctrl Pts',(-7.84081062891079,6.49814058733396,10.));
#2448=CARTESIAN_POINT('',(-7.87707176609786,7.09794294293048,9.51028609761417));
#2449=CARTESIAN_POINT('',(-7.84081062891079,6.49814058733396,10.));
#2450=CARTESIAN_POINT('Ctrl Pts',(-7.87707176609785,7.09794294293047,9.51028609761418));
#2451=CARTESIAN_POINT('Ctrl Pts',(-8.31523256791293,7.09689644909535,9.51551856686767));
#2452=CARTESIAN_POINT('Ctrl Pts',(-9.08435312169772,6.73320152213253,9.52288155264492));
#2453=CARTESIAN_POINT('Ctrl Pts',(-9.3471579099986,5.95569253108204,9.51421045000695));
#2454=CARTESIAN_POINT('Ctrl Pts',(-9.34794278038997,5.62707192930695,9.51028609805017));
#2455=CARTESIAN_POINT('Ctrl Pts',(-9.34805806755288,5.52912915036696,9.5097096622356));
#2456=CARTESIAN_POINT('Ctrl Pts',(-9.3480580675529,5.561770308673,9.5097096622355));
#2457=CARTESIAN_POINT('Ctrl Pts',(-9.34802086034339,5.59438031351536,9.50989569828305));
#2458=CARTESIAN_POINT('Ctrl Pts',(-9.34794278038997,5.62707192930696,9.51028609805017));
#2459=CARTESIAN_POINT('Ctrl Pts',(-9.14870537822809,5.5291291503701,9.67313977482373));
#2460=CARTESIAN_POINT('Ctrl Pts',(-9.14870537822821,5.55776717209348,9.67313977482367));
#2461=CARTESIAN_POINT('Ctrl Pts',(-9.14847336165953,5.58636479713982,9.67326379885537));
#2462=CARTESIAN_POINT('Ctrl Pts',(-9.14800866114098,5.61498488374594,9.67352406536678));
#2463=CARTESIAN_POINT('Ctrl Pts',(-8.9493526889033,5.52912915037325,9.83656988741187));
#2464=CARTESIAN_POINT('Ctrl Pts',(-8.94935268890352,5.55376403551396,9.83656988741183));
#2465=CARTESIAN_POINT('Ctrl Pts',(-8.94892586297566,5.57834928076429,9.83663189942768));
#2466=CARTESIAN_POINT('Ctrl Pts',(-8.94807454189199,5.60289783818492,9.83676203268339));
#2467=CARTESIAN_POINT('Ctrl Pts',(-8.74999999957851,5.52912915037639,10.));
#2468=CARTESIAN_POINT('Ctrl Pts',(-8.74999999957883,5.54976089893445,10.));
#2469=CARTESIAN_POINT('Ctrl Pts',(-8.7493783642918,5.57033376438875,10.));
#2470=CARTESIAN_POINT('Ctrl Pts',(-8.74814042264301,5.5908107926239,10.));
#2471=CARTESIAN_POINT('Ctrl Pts',(-9.34794278038997,5.62707192930696,9.51028609805017));
#2472=CARTESIAN_POINT('Ctrl Pts',(-9.34802086034339,5.59438031351536,9.50989569828305));
#2473=CARTESIAN_POINT('Ctrl Pts',(-9.3480580675529,5.561770308673,9.5097096622355));
#2474=CARTESIAN_POINT('Ctrl Pts',(-9.34805806755288,5.52912915036696,9.5097096622356));
#2475=CARTESIAN_POINT('Ctrl Pts',(-8.74999999957851,5.52912915037639,10.));
#2476=CARTESIAN_POINT('Ctrl Pts',(-8.74999999957883,5.54976089893445,10.));
#2477=CARTESIAN_POINT('Ctrl Pts',(-8.7493783642918,5.57033376438875,10.));
#2478=CARTESIAN_POINT('Ctrl Pts',(-8.74814042264301,5.5908107926239,10.));
#2479=CARTESIAN_POINT('Origin',(0.,6.79902919699483,9.75485483093677));
#2480=CARTESIAN_POINT('',(-7.77912898562063,7.09805823007689,9.50970966187354));
#2481=CARTESIAN_POINT('',(-7.77912898562063,6.50000016391277,10.));
#2482=CARTESIAN_POINT('',(-7.77912898562063,7.09805823007689,9.50970966187354));
#2483=CARTESIAN_POINT('',(7.77912898562063,6.50000016391277,10.));
#2484=CARTESIAN_POINT('',(0.,6.50000016391277,10.));
#2485=CARTESIAN_POINT('',(7.77912898562063,7.09805823007689,9.50970966187354));
#2486=CARTESIAN_POINT('',(7.77912898562063,6.50000016391277,10.));
#2487=CARTESIAN_POINT('',(0.,7.09805823007689,9.50970966187354));
#2488=CARTESIAN_POINT('Ctrl Pts',(-7.87707176609786,7.09794294293048,9.51028609761418));
#2489=CARTESIAN_POINT('Ctrl Pts',(-7.84438014979421,7.09802102288373,9.50989569784211));
#2490=CARTESIAN_POINT('Ctrl Pts',(-7.81177014444453,7.09805823009308,9.50970966179259));
#2491=CARTESIAN_POINT('Ctrl Pts',(-7.77912898563007,7.0980582300931,9.50970966179249));
#2492=CARTESIAN_POINT('Ctrl Pts',(-7.86498472036883,6.8980088243983,9.67352406507612));
#2493=CARTESIAN_POINT('Ctrl Pts',(-7.83636463330659,6.89847352493089,9.67326379856141));
#2494=CARTESIAN_POINT('Ctrl Pts',(-7.80776700780598,6.8987055415067,9.67313977452839));
#2495=CARTESIAN_POINT('Ctrl Pts',(-7.77912898562692,6.89870554150682,9.67313977452832));
#2496=CARTESIAN_POINT('Ctrl Pts',(-7.85289767463981,6.69807470586613,9.83676203253806));
#2497=CARTESIAN_POINT('Ctrl Pts',(-7.82834911681897,6.69892602697805,9.83663189928071));
#2498=CARTESIAN_POINT('Ctrl Pts',(-7.80376387116743,6.69935285292032,9.8365698872642));
#2499=CARTESIAN_POINT('Ctrl Pts',(-7.77912898562378,6.69935285292054,9.83656988726416));
#2500=CARTESIAN_POINT('Ctrl Pts',(-7.84081062891079,6.49814058733396,10.));
#2501=CARTESIAN_POINT('Ctrl Pts',(-7.82033360033135,6.49937852902521,10.));
#2502=CARTESIAN_POINT('Ctrl Pts',(-7.79976073452888,6.50000016433394,10.));
#2503=CARTESIAN_POINT('Ctrl Pts',(-7.77912898562063,6.50000016433427,10.));
#2504=CARTESIAN_POINT('Ctrl Pts',(-7.77912898563007,7.0980582300931,9.50970966179249));
#2505=CARTESIAN_POINT('Ctrl Pts',(-7.81177014444453,7.09805823009308,9.50970966179259));
#2506=CARTESIAN_POINT('Ctrl Pts',(-7.84438014979421,7.09802102288373,9.50989569784211));
#2507=CARTESIAN_POINT('Ctrl Pts',(-7.87707176609786,7.09794294293048,9.51028609761418));
#2508=CARTESIAN_POINT('Ctrl Pts',(-7.84081062891079,6.49814058733396,10.));
#2509=CARTESIAN_POINT('Ctrl Pts',(-7.82033360033135,6.49937852902521,10.));
#2510=CARTESIAN_POINT('Ctrl Pts',(-7.79976073452888,6.50000016433394,10.));
#2511=CARTESIAN_POINT('Ctrl Pts',(-7.77912898562063,6.50000016433427,10.));
#2512=CARTESIAN_POINT('Ctrl Pts',(7.87707176609785,7.09794294293047,9.51028609761418));
#2513=CARTESIAN_POINT('Ctrl Pts',(8.20569236745916,7.09715807255413,9.5142104495543));
#2514=CARTESIAN_POINT('Ctrl Pts',(8.98320135803439,6.83435328554264,9.52288155257141));
#2515=CARTESIAN_POINT('Ctrl Pts',(9.34689628653481,6.06523273167373,9.51551856732588));
#2516=CARTESIAN_POINT('Ctrl Pts',(9.34794278038997,5.62707192930695,9.51028609805017));
#2517=CARTESIAN_POINT('Ctrl Pts',(7.86498472036883,6.8980088243983,9.67352406507612));
#2518=CARTESIAN_POINT('Ctrl Pts',(8.15267775255331,6.8933375910444,9.67614029970287));
#2519=CARTESIAN_POINT('Ctrl Pts',(8.82289744927888,6.65927736974657,9.6819210350476));
#2520=CARTESIAN_POINT('Ctrl Pts',(9.14178035008519,5.99857559370299,9.67701237821725));
#2521=CARTESIAN_POINT('Ctrl Pts',(9.14800866114098,5.61498488374594,9.67352406536678));
#2522=CARTESIAN_POINT('Ctrl Pts',(7.85289767463981,6.69807470586613,9.83676203253806));
#2523=CARTESIAN_POINT('Ctrl Pts',(8.09966313764745,6.68951710953467,9.83807014985143));
#2524=CARTESIAN_POINT('Ctrl Pts',(8.66259354052338,6.4842014539505,9.8409605175238));
#2525=CARTESIAN_POINT('Ctrl Pts',(8.93666441363557,5.93191845573225,9.83850618910863));
#2526=CARTESIAN_POINT('Ctrl Pts',(8.94807454189199,5.60289783818492,9.83676203268339));
#2527=CARTESIAN_POINT('Ctrl Pts',(7.84081062891079,6.49814058733396,10.));
#2528=CARTESIAN_POINT('Ctrl Pts',(8.0466485227416,6.48569662802494,10.));
#2529=CARTESIAN_POINT('Ctrl Pts',(8.50228963176787,6.30912553815444,10.));
#2530=CARTESIAN_POINT('Ctrl Pts',(8.73154847718595,5.86526131776151,10.));
#2531=CARTESIAN_POINT('Ctrl Pts',(8.74814042264301,5.5908107926239,10.));
#2532=CARTESIAN_POINT('',(7.87707176609786,7.09794294293048,9.51028609761417));
#2533=CARTESIAN_POINT('',(7.84081062891079,6.49814058733396,10.));
#2534=CARTESIAN_POINT('',(7.87707176609786,7.09794294293048,9.51028609761417));
#2535=CARTESIAN_POINT('',(8.74814042264301,5.5908107926239,10.));
#2536=CARTESIAN_POINT('Ctrl Pts',(7.84081062891079,6.49814058733396,10.));
#2537=CARTESIAN_POINT('Ctrl Pts',(8.0466485227416,6.48569662802494,10.));
#2538=CARTESIAN_POINT('Ctrl Pts',(8.50228963176787,6.30912553815444,10.));
#2539=CARTESIAN_POINT('Ctrl Pts',(8.73154847718595,5.86526131776151,10.));
#2540=CARTESIAN_POINT('Ctrl Pts',(8.74814042264301,5.5908107926239,10.));
#2541=CARTESIAN_POINT('',(9.34794278038997,5.62707192930695,9.51028609805016));
#2542=CARTESIAN_POINT('',(8.74814042264301,5.5908107926239,10.));
#2543=CARTESIAN_POINT('Ctrl Pts',(9.34794278038997,5.62707192930695,9.51028609805017));
#2544=CARTESIAN_POINT('Ctrl Pts',(9.34689628653481,6.06523273167373,9.51551856732588));
#2545=CARTESIAN_POINT('Ctrl Pts',(8.98320135803439,6.83435328554264,9.52288155257141));
#2546=CARTESIAN_POINT('Ctrl Pts',(8.20569236745916,7.09715807255413,9.5142104495543));
#2547=CARTESIAN_POINT('Ctrl Pts',(7.87707176609785,7.09794294293047,9.51028609761418));
#2548=CARTESIAN_POINT('Ctrl Pts',(7.77912898563007,7.0980582300931,9.50970966179249));
#2549=CARTESIAN_POINT('Ctrl Pts',(7.81177014444453,7.09805823009308,9.50970966179259));
#2550=CARTESIAN_POINT('Ctrl Pts',(7.84438014979421,7.09802102288373,9.50989569784211));
#2551=CARTESIAN_POINT('Ctrl Pts',(7.87707176609786,7.09794294293048,9.51028609761418));
#2552=CARTESIAN_POINT('Ctrl Pts',(7.77912898562692,6.89870554150682,9.67313977452832));
#2553=CARTESIAN_POINT('Ctrl Pts',(7.80776700780598,6.8987055415067,9.67313977452839));
#2554=CARTESIAN_POINT('Ctrl Pts',(7.83636463330659,6.89847352493089,9.67326379856141));
#2555=CARTESIAN_POINT('Ctrl Pts',(7.86498472036883,6.8980088243983,9.67352406507612));
#2556=CARTESIAN_POINT('Ctrl Pts',(7.77912898562378,6.69935285292054,9.83656988726416));
#2557=CARTESIAN_POINT('Ctrl Pts',(7.80376387116743,6.69935285292032,9.8365698872642));
#2558=CARTESIAN_POINT('Ctrl Pts',(7.82834911681897,6.69892602697805,9.83663189928071));
#2559=CARTESIAN_POINT('Ctrl Pts',(7.85289767463981,6.69807470586613,9.83676203253806));
#2560=CARTESIAN_POINT('Ctrl Pts',(7.77912898562063,6.50000016433427,10.));
#2561=CARTESIAN_POINT('Ctrl Pts',(7.79976073452888,6.50000016433394,10.));
#2562=CARTESIAN_POINT('Ctrl Pts',(7.82033360033135,6.49937852902521,10.));
#2563=CARTESIAN_POINT('Ctrl Pts',(7.84081062891079,6.49814058733396,10.));
#2564=CARTESIAN_POINT('Ctrl Pts',(7.87707176609786,7.09794294293048,9.51028609761418));
#2565=CARTESIAN_POINT('Ctrl Pts',(7.84438014979421,7.09802102288373,9.50989569784211));
#2566=CARTESIAN_POINT('Ctrl Pts',(7.81177014444453,7.09805823009308,9.50970966179259));
#2567=CARTESIAN_POINT('Ctrl Pts',(7.77912898563007,7.0980582300931,9.50970966179249));
#2568=CARTESIAN_POINT('Ctrl Pts',(7.77912898562063,6.50000016433427,10.));
#2569=CARTESIAN_POINT('Ctrl Pts',(7.79976073452888,6.50000016433394,10.));
#2570=CARTESIAN_POINT('Ctrl Pts',(7.82033360033135,6.49937852902521,10.));
#2571=CARTESIAN_POINT('Ctrl Pts',(7.84081062891079,6.49814058733396,10.));
#2572=CARTESIAN_POINT('Origin',(9.04902903378455,-4.5,9.75485483107727));
#2573=CARTESIAN_POINT('',(9.34805806756909,5.52912915037639,9.50970966215454));
#2574=CARTESIAN_POINT('',(8.75,5.52912915037639,10.));
#2575=CARTESIAN_POINT('',(9.34805806756909,5.52912915037639,9.50970966215454));
#2576=CARTESIAN_POINT('',(8.75,-5.52912912057407,10.));
#2577=CARTESIAN_POINT('',(8.75,-4.5,10.));
#2578=CARTESIAN_POINT('',(9.34805806756909,-5.52912912057407,9.50970966215454));
#2579=CARTESIAN_POINT('',(8.75,-5.52912912057407,10.));
#2580=CARTESIAN_POINT('',(9.34805806756909,-4.5,9.50970966215454));
#2581=CARTESIAN_POINT('Ctrl Pts',(9.34794278038997,5.62707192930696,9.51028609805017));
#2582=CARTESIAN_POINT('Ctrl Pts',(9.34802086034339,5.59438031351536,9.50989569828305));
#2583=CARTESIAN_POINT('Ctrl Pts',(9.3480580675529,5.561770308673,9.5097096622355));
#2584=CARTESIAN_POINT('Ctrl Pts',(9.34805806755288,5.52912915036696,9.5097096622356));
#2585=CARTESIAN_POINT('Ctrl Pts',(9.14800866114098,5.61498488374594,9.67352406536678));
#2586=CARTESIAN_POINT('Ctrl Pts',(9.14847336165953,5.58636479713982,9.67326379885537));
#2587=CARTESIAN_POINT('Ctrl Pts',(9.14870537822821,5.55776717209348,9.67313977482367));
#2588=CARTESIAN_POINT('Ctrl Pts',(9.14870537822809,5.5291291503701,9.67313977482373));
#2589=CARTESIAN_POINT('Ctrl Pts',(8.94807454189199,5.60289783818492,9.83676203268339));
#2590=CARTESIAN_POINT('Ctrl Pts',(8.94892586297566,5.57834928076429,9.83663189942768));
#2591=CARTESIAN_POINT('Ctrl Pts',(8.94935268890352,5.55376403551396,9.83656988741183));
#2592=CARTESIAN_POINT('Ctrl Pts',(8.9493526889033,5.52912915037325,9.83656988741187));
#2593=CARTESIAN_POINT('Ctrl Pts',(8.74814042264301,5.5908107926239,10.));
#2594=CARTESIAN_POINT('Ctrl Pts',(8.7493783642918,5.57033376438875,10.));
#2595=CARTESIAN_POINT('Ctrl Pts',(8.74999999957883,5.54976089893445,10.));
#2596=CARTESIAN_POINT('Ctrl Pts',(8.74999999957851,5.52912915037639,10.));
#2597=CARTESIAN_POINT('Ctrl Pts',(9.34805806755288,5.52912915036696,9.5097096622356));
#2598=CARTESIAN_POINT('Ctrl Pts',(9.3480580675529,5.561770308673,9.5097096622355));
#2599=CARTESIAN_POINT('Ctrl Pts',(9.34802086034339,5.59438031351536,9.50989569828305));
#2600=CARTESIAN_POINT('Ctrl Pts',(9.34794278038997,5.62707192930696,9.51028609805017));
#2601=CARTESIAN_POINT('Ctrl Pts',(8.74814042264301,5.5908107926239,10.));
#2602=CARTESIAN_POINT('Ctrl Pts',(8.7493783642918,5.57033376438875,10.));
#2603=CARTESIAN_POINT('Ctrl Pts',(8.74999999957883,5.54976089893445,10.));
#2604=CARTESIAN_POINT('Ctrl Pts',(8.74999999957851,5.52912915037639,10.));
#2605=CARTESIAN_POINT('Ctrl Pts',(9.34794278040309,-5.62707190097722,9.51028609798455));
#2606=CARTESIAN_POINT('Ctrl Pts',(9.34715791000294,-5.95569250246212,9.51421044998526));
#2607=CARTESIAN_POINT('Ctrl Pts',(9.08435312246138,-6.7332014930708,9.52288155292581));
#2608=CARTESIAN_POINT('Ctrl Pts',(8.31523256884664,-7.09689642064667,9.51551856731883));
#2609=CARTESIAN_POINT('Ctrl Pts',(7.87707176686677,-7.09794291451354,9.51028609798455));
#2610=CARTESIAN_POINT('Ctrl Pts',(9.1480086612712,-5.61498485523848,9.67352406532303));
#2611=CARTESIAN_POINT('Ctrl Pts',(9.1433374279132,-5.90267788746114,9.67614029999017));
#2612=CARTESIAN_POINT('Ctrl Pts',(8.90927720637607,-6.57289758404795,9.68192103528387));
#2613=CARTESIAN_POINT('Ctrl Pts',(8.24857543075824,-6.89178048423766,9.67701237821255));
#2614=CARTESIAN_POINT('Ctrl Pts',(7.86498472112803,-6.89800879538164,9.67352406532303));
#2615=CARTESIAN_POINT('Ctrl Pts',(8.9480745421393,-5.60289780949975,9.83676203266152));
#2616=CARTESIAN_POINT('Ctrl Pts',(8.93951694582347,-5.84966327246016,9.83807014999509));
#2617=CARTESIAN_POINT('Ctrl Pts',(8.73420129029077,-6.41259367502509,9.84096051764193));
#2618=CARTESIAN_POINT('Ctrl Pts',(8.18191829266984,-6.68666454782864,9.83850618910628));
#2619=CARTESIAN_POINT('Ctrl Pts',(7.8528976753893,-6.69807467624975,9.83676203266152));
#2620=CARTESIAN_POINT('Ctrl Pts',(8.74814042300741,-5.59081076376102,10.));
#2621=CARTESIAN_POINT('Ctrl Pts',(8.73569646373374,-5.79664865745917,10.));
#2622=CARTESIAN_POINT('Ctrl Pts',(8.55912537420546,-6.25228976600224,10.));
#2623=CARTESIAN_POINT('Ctrl Pts',(8.11526115458144,-6.48154861141963,10.));
#2624=CARTESIAN_POINT('Ctrl Pts',(7.84081062965057,-6.49814055711786,10.));
#2625=CARTESIAN_POINT('',(9.34794278040309,-5.62707190097722,9.51028609798454));
#2626=CARTESIAN_POINT('',(8.74814042300741,-5.59081076376102,10.));
#2627=CARTESIAN_POINT('',(9.34794278040309,-5.62707190097722,9.51028609798454));
#2628=CARTESIAN_POINT('',(7.84081062965057,-6.49814055711786,10.));
#2629=CARTESIAN_POINT('Ctrl Pts',(8.74814042300741,-5.59081076376102,10.));
#2630=CARTESIAN_POINT('Ctrl Pts',(8.73569646373374,-5.79664865745917,10.));
#2631=CARTESIAN_POINT('Ctrl Pts',(8.55912537420546,-6.25228976600224,10.));
#2632=CARTESIAN_POINT('Ctrl Pts',(8.11526115458144,-6.48154861141963,10.));
#2633=CARTESIAN_POINT('Ctrl Pts',(7.84081062965057,-6.49814055711786,10.));
#2634=CARTESIAN_POINT('',(7.87707176686677,-7.09794291451354,9.51028609798454));
#2635=CARTESIAN_POINT('',(7.84081062965057,-6.49814055711786,10.));
#2636=CARTESIAN_POINT('Ctrl Pts',(7.87707176686677,-7.09794291451354,9.51028609798455));
#2637=CARTESIAN_POINT('Ctrl Pts',(8.31523256884664,-7.09689642064667,9.51551856731883));
#2638=CARTESIAN_POINT('Ctrl Pts',(9.08435312246138,-6.7332014930708,9.52288155292581));
#2639=CARTESIAN_POINT('Ctrl Pts',(9.34715791000294,-5.95569250246212,9.51421044998526));
#2640=CARTESIAN_POINT('Ctrl Pts',(9.34794278040309,-5.62707190097722,9.51028609798455));
#2641=CARTESIAN_POINT('Ctrl Pts',(9.34805806756909,-5.52912912057407,9.50970966215454));
#2642=CARTESIAN_POINT('Ctrl Pts',(9.34805806756909,-5.5617702793675,9.50970966215454));
#2643=CARTESIAN_POINT('Ctrl Pts',(9.34802086035863,-5.59438028469588,9.50989569820688));
#2644=CARTESIAN_POINT('Ctrl Pts',(9.34794278040309,-5.62707190097722,9.51028609798455));
#2645=CARTESIAN_POINT('Ctrl Pts',(9.1487053783794,-5.52912912057407,9.67313977476969));
#2646=CARTESIAN_POINT('Ctrl Pts',(9.1487053783794,-5.55776714272782,9.67313977476969));
#2647=CARTESIAN_POINT('Ctrl Pts',(9.14847336180369,-5.58636476820273,9.67326379880458));
#2648=CARTESIAN_POINT('Ctrl Pts',(9.1480086612712,-5.61498485523848,9.67352406532304));
#2649=CARTESIAN_POINT('Ctrl Pts',(8.9493526891897,-5.52912912057407,9.83656988738485));
#2650=CARTESIAN_POINT('Ctrl Pts',(8.9493526891897,-5.55376400608813,9.83656988738485));
#2651=CARTESIAN_POINT('Ctrl Pts',(8.94892586324876,-5.57834925170959,9.83663189940229));
#2652=CARTESIAN_POINT('Ctrl Pts',(8.9480745421393,-5.60289780949975,9.83676203266152));
#2653=CARTESIAN_POINT('Ctrl Pts',(8.75,-5.52912912057407,10.));
#2654=CARTESIAN_POINT('Ctrl Pts',(8.75,-5.54976086944845,10.));
#2655=CARTESIAN_POINT('Ctrl Pts',(8.74937836469383,-5.57033373521645,10.));
#2656=CARTESIAN_POINT('Ctrl Pts',(8.74814042300741,-5.59081076376101,10.));
#2657=CARTESIAN_POINT('Ctrl Pts',(9.34794278040309,-5.62707190097722,9.51028609798455));
#2658=CARTESIAN_POINT('Ctrl Pts',(9.34802086035863,-5.59438028469588,9.50989569820688));
#2659=CARTESIAN_POINT('Ctrl Pts',(9.34805806756909,-5.5617702793675,9.50970966215454));
#2660=CARTESIAN_POINT('Ctrl Pts',(9.34805806756909,-5.52912912057407,9.50970966215454));
#2661=CARTESIAN_POINT('Ctrl Pts',(8.75,-5.52912912057407,10.));
#2662=CARTESIAN_POINT('Ctrl Pts',(8.75,-5.54976086944845,10.));
#2663=CARTESIAN_POINT('Ctrl Pts',(8.74937836469383,-5.57033373521645,10.));
#2664=CARTESIAN_POINT('Ctrl Pts',(8.74814042300741,-5.59081076376101,10.));
#2665=CARTESIAN_POINT('Ctrl Pts',(7.87707176686677,-7.09794291451354,9.51028609798455));
#2666=CARTESIAN_POINT('Ctrl Pts',(7.84438015058543,-7.09802099446908,9.50989569820688));
#2667=CARTESIAN_POINT('Ctrl Pts',(7.81177014525705,-7.09805820167954,9.50970966215454));
#2668=CARTESIAN_POINT('Ctrl Pts',(7.77912898646362,-7.09805820167954,9.50970966215454));
#2669=CARTESIAN_POINT('Ctrl Pts',(7.86498472112803,-6.89800879538164,9.67352406532304));
#2670=CARTESIAN_POINT('Ctrl Pts',(7.83636463409228,-6.89847349591414,9.67326379880458));
#2671=CARTESIAN_POINT('Ctrl Pts',(7.80776700861737,-6.89870551248984,9.67313977476969));
#2672=CARTESIAN_POINT('Ctrl Pts',(7.77912898646362,-6.89870551248984,9.67313977476969));
#2673=CARTESIAN_POINT('Ctrl Pts',(7.8528976753893,-6.69807467624975,9.83676203266152));
#2674=CARTESIAN_POINT('Ctrl Pts',(7.82834911759914,-6.69892599735921,9.83663189940229));
#2675=CARTESIAN_POINT('Ctrl Pts',(7.80376387197768,-6.69935282330015,9.83656988738485));
#2676=CARTESIAN_POINT('Ctrl Pts',(7.77912898646362,-6.69935282330015,9.83656988738485));
#2677=CARTESIAN_POINT('Ctrl Pts',(7.84081062965057,-6.49814055711786,10.));
#2678=CARTESIAN_POINT('Ctrl Pts',(7.820333601106,-6.49937849880428,10.));
#2679=CARTESIAN_POINT('Ctrl Pts',(7.799760735338,-6.50000013411045,10.));
#2680=CARTESIAN_POINT('Ctrl Pts',(7.77912898646362,-6.50000013411045,10.));
#2681=CARTESIAN_POINT('Ctrl Pts',(7.77912898646362,-7.09805820167954,9.50970966215454));
#2682=CARTESIAN_POINT('Ctrl Pts',(7.81177014525705,-7.09805820167954,9.50970966215454));
#2683=CARTESIAN_POINT('Ctrl Pts',(7.84438015058543,-7.09802099446908,9.50989569820688));
#2684=CARTESIAN_POINT('Ctrl Pts',(7.87707176686677,-7.09794291451354,9.51028609798455));
#2685=CARTESIAN_POINT('Ctrl Pts',(7.84081062965057,-6.49814055711786,10.));
#2686=CARTESIAN_POINT('Ctrl Pts',(7.820333601106,-6.49937849880428,10.));
#2687=CARTESIAN_POINT('Ctrl Pts',(7.799760735338,-6.50000013411045,10.));
#2688=CARTESIAN_POINT('Ctrl Pts',(7.77912898646362,-6.50000013411045,10.));
#2689=CARTESIAN_POINT('Origin',(0.,7.00000013411045,10.0000001490116));
#2690=CARTESIAN_POINT('',(9.77912898046254,9.,0.));
#2691=CARTESIAN_POINT('',(8.32897604786466,7.54984721796344,7.25076468877985));
#2692=CARTESIAN_POINT('',(-9.77912898046254,9.,0.));
#2693=CARTESIAN_POINT('',(-11.25,9.,0.));
#2694=CARTESIAN_POINT('',(-7.36601308383879,6.58688426828684,12.0655795089092));
#2695=CARTESIAN_POINT('Origin',(8.32897604786466,6.07897620358407,6.95659049028752));
#2696=CARTESIAN_POINT('',(11.25,7.52912912057407,0.));
#2697=CARTESIAN_POINT('',(9.79984706140104,6.07897620358407,7.25076469299479));
#2698=CARTESIAN_POINT('Origin',(9.72029414592216,7.47029428090932,0.));
#2699=CARTESIAN_POINT('Origin',(11.25,-9.,1.11022302462516E-15));
#2700=CARTESIAN_POINT('',(11.25,-7.52912912057407,0.));
#2701=CARTESIAN_POINT('',(11.0961433683882,-7.37527248896226,0.769283158059046));
#2702=CARTESIAN_POINT('',(11.25,9.,0.));
#2703=CARTESIAN_POINT('Origin',(9.62527235485181,-7.37527248896226,0.47510895535177));
#2704=CARTESIAN_POINT('',(9.77912898130553,-9.,0.));
#2705=CARTESIAN_POINT('',(9.62527235485181,-8.84614350249864,0.769283158059046));
#2706=CARTESIAN_POINT('Origin',(9.72029414592216,-7.47029428003261,0.));
#2707=CARTESIAN_POINT('Origin',(0.,0.,10.));
#2708=CARTESIAN_POINT('Origin',(-2.,0.625,9.));
#2709=CARTESIAN_POINT('',(-2.,-0.625,9.));
#2710=CARTESIAN_POINT('',(-2.,0.625,9.));
#2711=CARTESIAN_POINT('',(-2.,0.3125,9.));
#2712=CARTESIAN_POINT('',(-2.,-0.625,0.));
#2713=CARTESIAN_POINT('',(-2.,-0.625,9.));
#2714=CARTESIAN_POINT('',(-2.,0.625,0.));
#2715=CARTESIAN_POINT('',(-2.,0.625,0.));
#2716=CARTESIAN_POINT('',(-2.,0.625,9.));
#2717=CARTESIAN_POINT('Origin',(-0.55,0.625,9.));
#2718=CARTESIAN_POINT('',(-0.55,0.625,9.));
#2719=CARTESIAN_POINT('',(-0.275,0.625,9.));
#2720=CARTESIAN_POINT('',(-0.55,0.625,0.));
#2721=CARTESIAN_POINT('',(-0.55,0.625,0.));
#2722=CARTESIAN_POINT('',(-0.55,0.625,9.));
#2723=CARTESIAN_POINT('Origin',(-0.55,2.,9.));
#2724=CARTESIAN_POINT('',(-0.55,2.,9.));
#2725=CARTESIAN_POINT('',(-0.55,1.,9.));
#2726=CARTESIAN_POINT('',(-0.55,2.,0.));
#2727=CARTESIAN_POINT('',(-0.55,2.,0.));
#2728=CARTESIAN_POINT('',(-0.55,2.,9.));
#2729=CARTESIAN_POINT('Origin',(0.55,2.,9.));
#2730=CARTESIAN_POINT('',(0.55,2.,9.));
#2731=CARTESIAN_POINT('',(0.275,2.,9.));
#2732=CARTESIAN_POINT('',(0.55,2.,0.));
#2733=CARTESIAN_POINT('',(0.55,2.,0.));
#2734=CARTESIAN_POINT('',(0.55,2.,9.));
#2735=CARTESIAN_POINT('Origin',(0.55,0.625,9.));
#2736=CARTESIAN_POINT('',(0.55,0.625,9.));
#2737=CARTESIAN_POINT('',(0.55,0.3125,9.));
#2738=CARTESIAN_POINT('',(0.55,0.625,0.));
#2739=CARTESIAN_POINT('',(0.55,0.625,0.));
#2740=CARTESIAN_POINT('',(0.55,0.625,9.));
#2741=CARTESIAN_POINT('Origin',(2.,0.625,9.));
#2742=CARTESIAN_POINT('',(2.,0.625,9.));
#2743=CARTESIAN_POINT('',(1.,0.625,9.));
#2744=CARTESIAN_POINT('',(2.,0.625,0.));
#2745=CARTESIAN_POINT('',(2.,0.625,0.));
#2746=CARTESIAN_POINT('',(2.,0.625,9.));
#2747=CARTESIAN_POINT('Origin',(2.,-0.625,9.));
#2748=CARTESIAN_POINT('',(2.,-0.625,9.));
#2749=CARTESIAN_POINT('',(2.,-0.3125,9.));
#2750=CARTESIAN_POINT('',(2.,-0.625,0.));
#2751=CARTESIAN_POINT('',(2.,-0.625,0.));
#2752=CARTESIAN_POINT('',(2.,-0.625,9.));
#2753=CARTESIAN_POINT('Origin',(0.55,-0.625,9.));
#2754=CARTESIAN_POINT('',(0.55,-0.625,9.));
#2755=CARTESIAN_POINT('',(0.275,-0.625,9.));
#2756=CARTESIAN_POINT('',(0.55,-0.625,0.));
#2757=CARTESIAN_POINT('',(0.55,-0.625,0.));
#2758=CARTESIAN_POINT('',(0.55,-0.625,9.));
#2759=CARTESIAN_POINT('Origin',(0.55,-2.,9.));
#2760=CARTESIAN_POINT('',(0.55,-2.,9.));
#2761=CARTESIAN_POINT('',(0.55,-1.,9.));
#2762=CARTESIAN_POINT('',(0.55,-2.,0.));
#2763=CARTESIAN_POINT('',(0.55,-2.,0.));
#2764=CARTESIAN_POINT('',(0.55,-2.,9.));
#2765=CARTESIAN_POINT('Origin',(-0.55,-2.,9.));
#2766=CARTESIAN_POINT('',(-0.55,-2.,9.));
#2767=CARTESIAN_POINT('',(-0.275,-2.,9.));
#2768=CARTESIAN_POINT('',(-0.55,-2.,0.));
#2769=CARTESIAN_POINT('',(-0.55,-2.,0.));
#2770=CARTESIAN_POINT('',(-0.55,-2.,9.));
#2771=CARTESIAN_POINT('Origin',(-0.55,-0.625,9.));
#2772=CARTESIAN_POINT('',(-0.55,-0.625,9.));
#2773=CARTESIAN_POINT('',(-0.55,-0.3125,9.));
#2774=CARTESIAN_POINT('',(-0.55,-0.625,0.));
#2775=CARTESIAN_POINT('',(-0.55,-0.625,0.));
#2776=CARTESIAN_POINT('',(-0.55,-0.625,9.));
#2777=CARTESIAN_POINT('Origin',(-2.,-0.625,9.));
#2778=CARTESIAN_POINT('',(-1.,-0.625,9.));
#2779=CARTESIAN_POINT('',(-2.,-0.625,0.));
#2780=CARTESIAN_POINT('Origin',(1.55,-1.625,9.));
#2781=CARTESIAN_POINT('',(1.55,-3.,9.));
#2782=CARTESIAN_POINT('',(1.55,-1.625,9.));
#2783=CARTESIAN_POINT('',(1.55,-0.8125,9.));
#2784=CARTESIAN_POINT('',(1.55,-3.,0.));
#2785=CARTESIAN_POINT('',(1.55,-3.,9.));
#2786=CARTESIAN_POINT('',(1.55,-1.625,0.));
#2787=CARTESIAN_POINT('',(1.55,-3.,0.));
#2788=CARTESIAN_POINT('',(1.55,-1.625,9.));
#2789=CARTESIAN_POINT('Origin',(3.,-1.625,9.));
#2790=CARTESIAN_POINT('',(3.,-1.625,9.));
#2791=CARTESIAN_POINT('',(1.5,-1.625,9.));
#2792=CARTESIAN_POINT('',(3.,-1.625,0.));
#2793=CARTESIAN_POINT('',(1.55,-1.625,0.));
#2794=CARTESIAN_POINT('',(3.,-1.625,9.));
#2795=CARTESIAN_POINT('Origin',(3.,1.625,9.));
#2796=CARTESIAN_POINT('',(3.,1.625,9.));
#2797=CARTESIAN_POINT('',(3.,0.8125,9.));
#2798=CARTESIAN_POINT('',(3.,1.625,0.));
#2799=CARTESIAN_POINT('',(3.,-1.625,0.));
#2800=CARTESIAN_POINT('',(3.,1.625,9.));
#2801=CARTESIAN_POINT('Origin',(1.55,1.625,9.));
#2802=CARTESIAN_POINT('',(1.55,1.625,9.));
#2803=CARTESIAN_POINT('',(0.775,1.625,9.));
#2804=CARTESIAN_POINT('',(1.55,1.625,0.));
#2805=CARTESIAN_POINT('',(3.,1.625,0.));
#2806=CARTESIAN_POINT('',(1.55,1.625,9.));
#2807=CARTESIAN_POINT('Origin',(1.55,3.,9.));
#2808=CARTESIAN_POINT('',(1.55,3.,9.));
#2809=CARTESIAN_POINT('',(1.55,1.5,9.));
#2810=CARTESIAN_POINT('',(1.55,3.,0.));
#2811=CARTESIAN_POINT('',(1.55,1.625,0.));
#2812=CARTESIAN_POINT('',(1.55,3.,9.));
#2813=CARTESIAN_POINT('Origin',(-1.55,3.,9.));
#2814=CARTESIAN_POINT('',(-1.55,3.,9.));
#2815=CARTESIAN_POINT('',(-0.775,3.,9.));
#2816=CARTESIAN_POINT('',(-1.55,3.,0.));
#2817=CARTESIAN_POINT('',(1.55,3.,0.));
#2818=CARTESIAN_POINT('',(-1.55,3.,9.));
#2819=CARTESIAN_POINT('Origin',(-1.55,1.625,9.));
#2820=CARTESIAN_POINT('',(-1.55,1.625,9.));
#2821=CARTESIAN_POINT('',(-1.55,0.8125,9.));
#2822=CARTESIAN_POINT('',(-1.55,1.625,0.));
#2823=CARTESIAN_POINT('',(-1.55,3.,0.));
#2824=CARTESIAN_POINT('',(-1.55,1.625,9.));
#2825=CARTESIAN_POINT('Origin',(-3.,1.625,9.));
#2826=CARTESIAN_POINT('',(-3.,1.625,9.));
#2827=CARTESIAN_POINT('',(-1.5,1.625,9.));
#2828=CARTESIAN_POINT('',(-3.,1.625,0.));
#2829=CARTESIAN_POINT('',(-1.55,1.625,0.));
#2830=CARTESIAN_POINT('',(-3.,1.625,9.));
#2831=CARTESIAN_POINT('Origin',(-3.,-1.625,9.));
#2832=CARTESIAN_POINT('',(-3.,-1.625,9.));
#2833=CARTESIAN_POINT('',(-3.,-0.8125,9.));
#2834=CARTESIAN_POINT('',(-3.,-1.625,0.));
#2835=CARTESIAN_POINT('',(-3.,1.625,0.));
#2836=CARTESIAN_POINT('',(-3.,-1.625,9.));
#2837=CARTESIAN_POINT('Origin',(-1.55,-1.625,9.));
#2838=CARTESIAN_POINT('',(-1.55,-1.625,9.));
#2839=CARTESIAN_POINT('',(-0.775,-1.625,9.));
#2840=CARTESIAN_POINT('',(-1.55,-1.625,0.));
#2841=CARTESIAN_POINT('',(-3.,-1.625,0.));
#2842=CARTESIAN_POINT('',(-1.55,-1.625,9.));
#2843=CARTESIAN_POINT('Origin',(-1.55,-3.,9.));
#2844=CARTESIAN_POINT('',(-1.55,-3.,9.));
#2845=CARTESIAN_POINT('',(-1.55,-1.5,9.));
#2846=CARTESIAN_POINT('',(-1.55,-3.,0.));
#2847=CARTESIAN_POINT('',(-1.55,-1.625,0.));
#2848=CARTESIAN_POINT('',(-1.55,-3.,9.));
#2849=CARTESIAN_POINT('Origin',(1.55,-3.,9.));
#2850=CARTESIAN_POINT('',(0.775,-3.,9.));
#2851=CARTESIAN_POINT('',(-1.55,-3.,0.));
#2852=CARTESIAN_POINT('Origin',(0.,0.,0.));
#2853=CARTESIAN_POINT('Origin',(0.,0.,9.));
#2854=CARTESIAN_POINT('',(8.43019609728144,-5.68990589354643,9.));
#2855=CARTESIAN_POINT('',(7.93990575943598,-6.18019623139189,9.));
#2856=CARTESIAN_POINT('Origin',(7.92029414592216,-5.67029428003261,9.));
#2857=CARTESIAN_POINT('',(-7.93990575943598,-6.18019623139189,9.));
#2858=CARTESIAN_POINT('',(0.,-6.18019623139189,9.));
#2859=CARTESIAN_POINT('',(-8.43019609728144,-5.68990589354643,9.));
#2860=CARTESIAN_POINT('Origin',(-7.92029414592216,-5.67029428003262,9.));
#2861=CARTESIAN_POINT('',(-8.43019609728144,5.68990592095299,9.));
#2862=CARTESIAN_POINT('',(-8.43019609728144,-4.5,9.));
#2863=CARTESIAN_POINT('',(-7.93990575915499,6.18019625879846,9.));
#2864=CARTESIAN_POINT('Origin',(-7.92029414592216,5.67029430773141,9.));
#2865=CARTESIAN_POINT('',(7.93990575915499,6.18019625879846,9.));
#2866=CARTESIAN_POINT('',(0.,6.18019625879845,9.));
#2867=CARTESIAN_POINT('',(8.43019609728145,5.68990592095299,9.));
#2868=CARTESIAN_POINT('Origin',(7.92029414592216,5.67029430773141,9.));
#2869=CARTESIAN_POINT('',(8.43019609728144,-4.5,9.));
#2870=CARTESIAN_POINT('Origin',(9.62527235485181,-7.37527248896226,0.47510895535177));
#2871=CARTESIAN_POINT('',(9.73990575943598,-7.98019623139189,0.));
#2872=CARTESIAN_POINT('',(10.2301960972814,-7.48990589354643,3.46944695195361E-17));
#2873=CARTESIAN_POINT('Origin',(9.72029414592216,-7.47029428003261,0.));
#2874=CARTESIAN_POINT('',(9.62527235485181,-7.86556282680772,0.573167022920862));
#2875=CARTESIAN_POINT('',(10.1155626926973,-7.37527248896226,0.573167022920862));
#2876=CARTESIAN_POINT('Origin',(0.,-8.01941945841953,-0.196116135138184));
#2877=CARTESIAN_POINT('',(-9.73990575943598,-7.98019623139189,0.));
#2878=CARTESIAN_POINT('',(0.,-7.98019623139189,0.));
#2879=CARTESIAN_POINT('',(-8.66230939188885,-6.90259986384476,5.38798183773568));
#2880=CARTESIAN_POINT('Origin',(0.,0.,9.));
#2881=CARTESIAN_POINT('Origin',(8.32897604786466,6.07897620358407,6.95659049028752));
#2882=CARTESIAN_POINT('',(9.73990575915499,7.98019623197637,0.));
#2883=CARTESIAN_POINT('',(8.32897604786466,6.56926654171053,7.05464855645163));
#2884=CARTESIAN_POINT('',(10.2301960972814,7.4899058941309,0.));
#2885=CARTESIAN_POINT('Origin',(9.72029414592216,7.47029428090932,0.));
#2886=CARTESIAN_POINT('',(8.81926638571012,6.07897620358407,7.05464855785661));
#2887=CARTESIAN_POINT('Origin',(0.,6.01941945785754,9.80388401668339));
#2888=CARTESIAN_POINT('',(-9.73990575915499,7.98019623197637,0.));
#2889=CARTESIAN_POINT('',(-7.36601308383879,5.60630359203393,11.869463376581));
#2890=CARTESIAN_POINT('',(0.,7.98019623197636,1.11022302462516E-15));
#2891=CARTESIAN_POINT('Origin',(-7.36601308383879,5.11601325390747,11.7714053104169));
#2892=CARTESIAN_POINT('',(-10.2301960972814,7.4899058941309,0.));
#2893=CARTESIAN_POINT('Origin',(-9.72029414592216,7.47029428090932,0.));
#2894=CARTESIAN_POINT('',(-7.85630342168425,5.11601325390747,11.869463377986));
#2895=CARTESIAN_POINT('Origin',(-8.66230939188885,-6.4123095259993,5.28992377016658));
#2896=CARTESIAN_POINT('',(-10.2301960972814,-7.48990589354643,-5.55111512312578E-16));
#2897=CARTESIAN_POINT('Origin',(-9.72029414592216,-7.47029428003261,0.));
#2898=CARTESIAN_POINT('',(-9.15259972973431,-6.4123095259993,5.38798183773568));
#2899=CARTESIAN_POINT('Origin',(10.2694193243091,-9.,-0.196116135138183));
#2900=CARTESIAN_POINT('',(10.2301960972814,-4.5,0.));
#2901=CARTESIAN_POINT('Origin',(-8.26941932430908,-9.,9.80388386486181));
#2902=CARTESIAN_POINT('',(-10.2301960972814,-4.5,1.11022302462516E-15));
#2903=CARTESIAN_POINT('Origin',(0.,-9.00000013411045,0.));
#2904=CARTESIAN_POINT('',(-9.77912898130553,-9.,0.));
#2905=CARTESIAN_POINT('',(-8.66230939188885,-7.88318053953568,5.58409797287386));
#2906=CARTESIAN_POINT('',(11.25,-9.,0.));
#2907=CARTESIAN_POINT('Origin',(-7.36601308383879,5.11601325390747,11.7714053104169));
#2908=CARTESIAN_POINT('',(-11.25,7.52912912057407,0.));
#2909=CARTESIAN_POINT('Origin',(-9.72029414592216,7.47029428090932,0.));
#2910=CARTESIAN_POINT('',(-8.83688409737517,5.11601325390747,12.0655795131241));
#2911=CARTESIAN_POINT('Origin',(-8.66230939188885,-6.4123095259993,5.28992377016658));
#2912=CARTESIAN_POINT('',(-11.25,-7.52912912057407,0.));
#2913=CARTESIAN_POINT('',(-10.1331804054252,-6.4123095259993,5.58409797287386));
#2914=CARTESIAN_POINT('Origin',(-9.72029414592216,-7.47029428003261,0.));
#2915=CARTESIAN_POINT('Origin',(-9.25,-9.,10.));
#2916=CARTESIAN_POINT('',(-11.25,-9.,0.));
#2917=CARTESIAN_POINT('Origin',(0.,0.,0.));
#2918=CARTESIAN_POINT('Ctrl Pts',(-1.62154297249011,0.00545913161817554,
10.));
#2919=CARTESIAN_POINT('Ctrl Pts',(-1.62154297249011,0.00545913161817554,
10.5));
#2920=CARTESIAN_POINT('Ctrl Pts',(-1.64790677340541,0.0777383226226052,
10.));
#2921=CARTESIAN_POINT('Ctrl Pts',(-1.64790677340541,0.0777383226226052,
10.5));
#2922=CARTESIAN_POINT('Ctrl Pts',(-1.70476862515929,0.212739177771458,10.));
#2923=CARTESIAN_POINT('Ctrl Pts',(-1.70476862515929,0.212739177771458,10.5));
#2924=CARTESIAN_POINT('Ctrl Pts',(-1.80246329926649,0.386569411149374,10.));
#2925=CARTESIAN_POINT('Ctrl Pts',(-1.80246329926649,0.386569411149374,10.5));
#2926=CARTESIAN_POINT('Ctrl Pts',(-1.9554768794665,0.562599203491463,10.));
#2927=CARTESIAN_POINT('Ctrl Pts',(-1.9554768794665,0.562599203491463,10.5));
#2928=CARTESIAN_POINT('Ctrl Pts',(-2.17336958112797,0.697770488938416,10.));
#2929=CARTESIAN_POINT('Ctrl Pts',(-2.17336958112797,0.697770488938416,10.5));
#2930=CARTESIAN_POINT('Ctrl Pts',(-2.40371575152453,0.757529766617852,10.));
#2931=CARTESIAN_POINT('Ctrl Pts',(-2.40371575152453,0.757529766617852,10.5));
#2932=CARTESIAN_POINT('Ctrl Pts',(-2.63234204494252,0.751281900938883,10.));
#2933=CARTESIAN_POINT('Ctrl Pts',(-2.63234204494252,0.751281900938883,10.5));
#2934=CARTESIAN_POINT('Ctrl Pts',(-2.84767509100398,0.687809649980821,10.));
#2935=CARTESIAN_POINT('Ctrl Pts',(-2.84767509100398,0.687809649980821,10.5));
#2936=CARTESIAN_POINT('Ctrl Pts',(-3.04379820639297,0.57562896743118,10.));
#2937=CARTESIAN_POINT('Ctrl Pts',(-3.04379820639297,0.57562896743118,10.5));
#2938=CARTESIAN_POINT('Ctrl Pts',(-3.21862285930825,0.421907728668432,10.));
#2939=CARTESIAN_POINT('Ctrl Pts',(-3.21862285930825,0.421907728668432,10.5));
#2940=CARTESIAN_POINT('Ctrl Pts',(-3.34141805352817,0.269811142090009,10.));
#2941=CARTESIAN_POINT('Ctrl Pts',(-3.34141805352817,0.269811142090009,10.5));
#2942=CARTESIAN_POINT('Ctrl Pts',(-3.42425246706189,0.140670144575744,10.));
#2943=CARTESIAN_POINT('Ctrl Pts',(-3.42425246706189,0.140670144575744,10.5));
#2944=CARTESIAN_POINT('Ctrl Pts',(-3.4754257987567,0.0479880861818165,10.));
#2945=CARTESIAN_POINT('Ctrl Pts',(-3.4754257987567,0.0479880861818165,10.5));
#2946=CARTESIAN_POINT('Ctrl Pts',(-3.50000005215406,0.,10.));
#2947=CARTESIAN_POINT('Ctrl Pts',(-3.50000005215406,0.,10.5));
#2948=CARTESIAN_POINT('',(-3.50000005215406,0.,10.));
#2949=CARTESIAN_POINT('',(-1.62154297249011,0.00545913161817554,10.));
#2950=CARTESIAN_POINT('Ctrl Pts',(-3.50000005215406,0.,10.));
#2951=CARTESIAN_POINT('Ctrl Pts',(-3.4754257987567,0.0479880861818165,10.));
#2952=CARTESIAN_POINT('Ctrl Pts',(-3.42425246706189,0.140670144575744,10.));
#2953=CARTESIAN_POINT('Ctrl Pts',(-3.34141805352817,0.269811142090009,10.));
#2954=CARTESIAN_POINT('Ctrl Pts',(-3.21862285930825,0.421907728668432,10.));
#2955=CARTESIAN_POINT('Ctrl Pts',(-3.04379820639297,0.57562896743118,10.));
#2956=CARTESIAN_POINT('Ctrl Pts',(-2.84767509100398,0.687809649980821,10.));
#2957=CARTESIAN_POINT('Ctrl Pts',(-2.63234204494252,0.751281900938883,10.));
#2958=CARTESIAN_POINT('Ctrl Pts',(-2.40371575152453,0.757529766617852,10.));
#2959=CARTESIAN_POINT('Ctrl Pts',(-2.17336958112797,0.697770488938416,10.));
#2960=CARTESIAN_POINT('Ctrl Pts',(-1.9554768794665,0.562599203491463,10.));
#2961=CARTESIAN_POINT('Ctrl Pts',(-1.80246329926649,0.386569411149374,10.));
#2962=CARTESIAN_POINT('Ctrl Pts',(-1.70476862515929,0.212739177771458,10.));
#2963=CARTESIAN_POINT('Ctrl Pts',(-1.64790677340541,0.0777383226226052,
10.));
#2964=CARTESIAN_POINT('Ctrl Pts',(-1.62154297249011,0.00545913161817554,
10.));
#2965=CARTESIAN_POINT('',(-3.50000005215406,0.,10.5));
#2966=CARTESIAN_POINT('',(-3.50000005215406,0.,10.));
#2967=CARTESIAN_POINT('',(-1.62154297249011,0.00545913161817554,10.5));
#2968=CARTESIAN_POINT('Ctrl Pts',(-1.62154297249011,0.00545913161817554,
10.5));
#2969=CARTESIAN_POINT('Ctrl Pts',(-1.64790677340541,0.0777383226226052,
10.5));
#2970=CARTESIAN_POINT('Ctrl Pts',(-1.70476862515929,0.212739177771458,10.5));
#2971=CARTESIAN_POINT('Ctrl Pts',(-1.80246329926649,0.386569411149374,10.5));
#2972=CARTESIAN_POINT('Ctrl Pts',(-1.9554768794665,0.562599203491463,10.5));
#2973=CARTESIAN_POINT('Ctrl Pts',(-2.17336958112797,0.697770488938416,10.5));
#2974=CARTESIAN_POINT('Ctrl Pts',(-2.40371575152453,0.757529766617852,10.5));
#2975=CARTESIAN_POINT('Ctrl Pts',(-2.63234204494252,0.751281900938883,10.5));
#2976=CARTESIAN_POINT('Ctrl Pts',(-2.84767509100398,0.687809649980821,10.5));
#2977=CARTESIAN_POINT('Ctrl Pts',(-3.04379820639297,0.57562896743118,10.5));
#2978=CARTESIAN_POINT('Ctrl Pts',(-3.21862285930825,0.421907728668432,10.5));
#2979=CARTESIAN_POINT('Ctrl Pts',(-3.34141805352817,0.269811142090009,10.5));
#2980=CARTESIAN_POINT('Ctrl Pts',(-3.42425246706189,0.140670144575744,10.5));
#2981=CARTESIAN_POINT('Ctrl Pts',(-3.4754257987567,0.0479880861818165,10.5));
#2982=CARTESIAN_POINT('Ctrl Pts',(-3.50000005215406,0.,10.5));
#2983=CARTESIAN_POINT('',(-1.62154297249011,0.00545913161817554,10.));
#2984=CARTESIAN_POINT('Origin',(-1.93211146046866,0.00545913161817554,10.));
#2985=CARTESIAN_POINT('',(-1.93211146046866,0.00545913161817554,10.));
#2986=CARTESIAN_POINT('',(-1.93211146046866,0.00545913161817554,10.));
#2987=CARTESIAN_POINT('',(-1.93211146046866,0.00545913161817554,10.5));
#2988=CARTESIAN_POINT('',(-1.93211146046866,0.00545913161817554,10.5));
#2989=CARTESIAN_POINT('',(-1.93211146046866,0.00545913161817554,10.));
#2990=CARTESIAN_POINT('Ctrl Pts',(-3.14044922641615,0.,10.));
#2991=CARTESIAN_POINT('Ctrl Pts',(-3.14044922641615,0.,10.5));
#2992=CARTESIAN_POINT('Ctrl Pts',(-3.11753418927525,0.0298230562159022,
10.));
#2993=CARTESIAN_POINT('Ctrl Pts',(-3.11753418927525,0.0298230562159022,
10.5));
#2994=CARTESIAN_POINT('Ctrl Pts',(-3.07159460201917,0.0868694982665569,
10.));
#2995=CARTESIAN_POINT('Ctrl Pts',(-3.07159460201917,0.0868694982665569,
10.5));
#2996=CARTESIAN_POINT('Ctrl Pts',(-3.00235669126603,0.164640365121802,10.));
#2997=CARTESIAN_POINT('Ctrl Pts',(-3.00235669126603,0.164640365121802,10.5));
#2998=CARTESIAN_POINT('Ctrl Pts',(-2.90937152906359,0.252478794354288,10.));
#2999=CARTESIAN_POINT('Ctrl Pts',(-2.90937152906359,0.252478794354288,10.5));
#3000=CARTESIAN_POINT('Ctrl Pts',(-2.79195145136897,0.334060694167851,10.));
#3001=CARTESIAN_POINT('Ctrl Pts',(-2.79195145136897,0.334060694167851,10.5));
#3002=CARTESIAN_POINT('Ctrl Pts',(-2.67323720593872,0.384921032875181,10.));
#3003=CARTESIAN_POINT('Ctrl Pts',(-2.67323720593872,0.384921032875181,10.5));
#3004=CARTESIAN_POINT('Ctrl Pts',(-2.55312424724553,0.402578059682144,10.));
#3005=CARTESIAN_POINT('Ctrl Pts',(-2.55312424724553,0.402578059682144,10.5));
#3006=CARTESIAN_POINT('Ctrl Pts',(-2.43155745717879,0.385723355011728,10.));
#3007=CARTESIAN_POINT('Ctrl Pts',(-2.43155745717879,0.385723355011728,10.5));
#3008=CARTESIAN_POINT('Ctrl Pts',(-2.30859671001544,0.335778242552945,10.));
#3009=CARTESIAN_POINT('Ctrl Pts',(-2.30859671001544,0.335778242552945,10.5));
#3010=CARTESIAN_POINT('Ctrl Pts',(-2.18434816060095,0.25526267585239,10.));
#3011=CARTESIAN_POINT('Ctrl Pts',(-2.18434816060095,0.25526267585239,10.5));
#3012=CARTESIAN_POINT('Ctrl Pts',(-2.08400409298078,0.168411954503559,10.));
#3013=CARTESIAN_POINT('Ctrl Pts',(-2.08400409298078,0.168411954503559,10.5));
#3014=CARTESIAN_POINT('Ctrl Pts',(-2.00824821597816,0.0914562794368671,
10.));
#3015=CARTESIAN_POINT('Ctrl Pts',(-2.00824821597816,0.0914562794368671,
10.5));
#3016=CARTESIAN_POINT('Ctrl Pts',(-1.9575266541616,0.0349859650374881,10.));
#3017=CARTESIAN_POINT('Ctrl Pts',(-1.9575266541616,0.0349859650374881,10.5));
#3018=CARTESIAN_POINT('Ctrl Pts',(-1.93211146046866,0.00545913161817554,
10.));
#3019=CARTESIAN_POINT('Ctrl Pts',(-1.93211146046866,0.00545913161817554,
10.5));
#3020=CARTESIAN_POINT('',(-3.14044922641615,0.,10.));
#3021=CARTESIAN_POINT('Ctrl Pts',(-3.14044922641615,0.,10.));
#3022=CARTESIAN_POINT('Ctrl Pts',(-3.11753418927525,0.0298230562159022,
10.));
#3023=CARTESIAN_POINT('Ctrl Pts',(-3.07159460201917,0.0868694982665569,
10.));
#3024=CARTESIAN_POINT('Ctrl Pts',(-3.00235669126603,0.164640365121802,10.));
#3025=CARTESIAN_POINT('Ctrl Pts',(-2.90937152906359,0.252478794354288,10.));
#3026=CARTESIAN_POINT('Ctrl Pts',(-2.79195145136897,0.334060694167851,10.));
#3027=CARTESIAN_POINT('Ctrl Pts',(-2.67323720593872,0.384921032875181,10.));
#3028=CARTESIAN_POINT('Ctrl Pts',(-2.55312424724553,0.402578059682144,10.));
#3029=CARTESIAN_POINT('Ctrl Pts',(-2.43155745717879,0.385723355011728,10.));
#3030=CARTESIAN_POINT('Ctrl Pts',(-2.30859671001544,0.335778242552945,10.));
#3031=CARTESIAN_POINT('Ctrl Pts',(-2.18434816060095,0.25526267585239,10.));
#3032=CARTESIAN_POINT('Ctrl Pts',(-2.08400409298078,0.168411954503559,10.));
#3033=CARTESIAN_POINT('Ctrl Pts',(-2.00824821597816,0.0914562794368671,
10.));
#3034=CARTESIAN_POINT('Ctrl Pts',(-1.9575266541616,0.0349859650374882,10.));
#3035=CARTESIAN_POINT('Ctrl Pts',(-1.93211146046866,0.00545913161817554,
10.));
#3036=CARTESIAN_POINT('',(-3.14044922641615,0.,10.5));
#3037=CARTESIAN_POINT('Ctrl Pts',(-3.14044922641615,0.,10.5));
#3038=CARTESIAN_POINT('Ctrl Pts',(-3.11753418927525,0.0298230562159022,
10.5));
#3039=CARTESIAN_POINT('Ctrl Pts',(-3.07159460201917,0.0868694982665569,
10.5));
#3040=CARTESIAN_POINT('Ctrl Pts',(-3.00235669126603,0.164640365121802,10.5));
#3041=CARTESIAN_POINT('Ctrl Pts',(-2.90937152906359,0.252478794354288,10.5));
#3042=CARTESIAN_POINT('Ctrl Pts',(-2.79195145136897,0.334060694167851,10.5));
#3043=CARTESIAN_POINT('Ctrl Pts',(-2.67323720593872,0.384921032875181,10.5));
#3044=CARTESIAN_POINT('Ctrl Pts',(-2.55312424724553,0.402578059682144,10.5));
#3045=CARTESIAN_POINT('Ctrl Pts',(-2.43155745717879,0.385723355011728,10.5));
#3046=CARTESIAN_POINT('Ctrl Pts',(-2.30859671001544,0.335778242552945,10.5));
#3047=CARTESIAN_POINT('Ctrl Pts',(-2.18434816060095,0.25526267585239,10.5));
#3048=CARTESIAN_POINT('Ctrl Pts',(-2.08400409298078,0.168411954503559,10.5));
#3049=CARTESIAN_POINT('Ctrl Pts',(-2.00824821597816,0.0914562794368671,
10.5));
#3050=CARTESIAN_POINT('Ctrl Pts',(-1.9575266541616,0.0349859650374882,10.5));
#3051=CARTESIAN_POINT('Ctrl Pts',(-1.93211146046866,0.00545913161817554,
10.5));
#3052=CARTESIAN_POINT('',(-3.14044922641615,0.,10.));
#3053=CARTESIAN_POINT('Origin',(-3.50000005215406,0.,10.));
#3054=CARTESIAN_POINT('',(-3.50000005215406,0.,10.));
#3055=CARTESIAN_POINT('',(-3.50000005215406,0.,10.5));
#3056=CARTESIAN_POINT('Origin',(-2.56077151232209,0.378764883308926,10.5));
#3057=CARTESIAN_POINT('Origin',(-2.56077151232209,0.378764883308926,10.));
#3058=CARTESIAN_POINT('Ctrl Pts',(-4.67428399322568,1.8451591351978,10.));
#3059=CARTESIAN_POINT('Ctrl Pts',(-4.67428399322568,1.8451591351978,10.5));
#3060=CARTESIAN_POINT('Ctrl Pts',(-5.2906368798499,5.77413416369266,10.));
#3061=CARTESIAN_POINT('Ctrl Pts',(-5.2906368798499,5.77413416369266,10.5));
#3062=CARTESIAN_POINT('Ctrl Pts',(-2.95655274053334,2.96177316153614,10.));
#3063=CARTESIAN_POINT('Ctrl Pts',(-2.95655274053334,2.96177316153614,10.5));
#3064=CARTESIAN_POINT('',(-4.67428399322568,1.8451591351978,10.));
#3065=CARTESIAN_POINT('',(-2.95655274053334,2.96177316153614,10.));
#3066=CARTESIAN_POINT('Ctrl Pts',(-4.67428399322568,1.8451591351978,10.));
#3067=CARTESIAN_POINT('Ctrl Pts',(-5.2906368798499,5.77413416369266,10.));
#3068=CARTESIAN_POINT('Ctrl Pts',(-2.95655274053334,2.96177316153614,10.));
#3069=CARTESIAN_POINT('',(-2.95655274053334,2.96177316153614,10.5));
#3070=CARTESIAN_POINT('',(-2.95655274053334,2.96177316153614,10.));
#3071=CARTESIAN_POINT('',(-4.67428399322568,1.8451591351978,10.5));
#3072=CARTESIAN_POINT('Ctrl Pts',(-4.67428399322568,1.8451591351978,10.5));
#3073=CARTESIAN_POINT('Ctrl Pts',(-5.2906368798499,5.77413416369266,10.5));
#3074=CARTESIAN_POINT('Ctrl Pts',(-2.95655274053334,2.96177316153614,10.5));
#3075=CARTESIAN_POINT('',(-4.67428399322568,1.8451591351978,10.));
#3076=CARTESIAN_POINT('Ctrl Pts',(-2.95655274053334,2.96177316153615,10.));
#3077=CARTESIAN_POINT('Ctrl Pts',(-3.97365193212592,2.52737988850456,10.));
#3078=CARTESIAN_POINT('Ctrl Pts',(-4.67428399322568,1.84515913519781,10.));
#3079=CARTESIAN_POINT('Ctrl Pts',(-2.95655274053334,2.96177316153615,10.5));
#3080=CARTESIAN_POINT('Ctrl Pts',(-3.97365193212592,2.52737988850456,10.5));
#3081=CARTESIAN_POINT('Ctrl Pts',(-4.67428399322568,1.84515913519781,10.5));
#3082=CARTESIAN_POINT('Origin',(0.0542953712949845,-0.626931996377266,10.));
#3083=CARTESIAN_POINT('Origin',(0.0542953712949845,-0.626931996377266,10.5));
#3084=CARTESIAN_POINT('Ctrl Pts',(4.47172232809766,1.97458683364307,10.));
#3085=CARTESIAN_POINT('Ctrl Pts',(4.47172232809766,1.97458683364307,10.5));
#3086=CARTESIAN_POINT('Ctrl Pts',(4.49729731011837,2.02868706062409,10.));
#3087=CARTESIAN_POINT('Ctrl Pts',(4.49729731011837,2.02868706062409,10.5));
#3088=CARTESIAN_POINT('Ctrl Pts',(4.52156062483101,2.08129750432754,10.));
#3089=CARTESIAN_POINT('Ctrl Pts',(4.52156062483101,2.08129750432754,10.5));
#3090=CARTESIAN_POINT('',(4.52156062483101,2.08129750432754,10.));
#3091=CARTESIAN_POINT('',(4.47172232809766,1.97458683364307,10.));
#3092=CARTESIAN_POINT('Ctrl Pts',(4.52156062483101,2.08129750432754,10.));
#3093=CARTESIAN_POINT('Ctrl Pts',(4.49729731011837,2.02868706062408,10.));
#3094=CARTESIAN_POINT('Ctrl Pts',(4.47172232809766,1.97458683364307,10.));
#3095=CARTESIAN_POINT('',(4.52156062483101,2.08129750432754,10.5));
#3096=CARTESIAN_POINT('',(4.52156062483101,2.08129750432754,10.));
#3097=CARTESIAN_POINT('',(4.47172232809766,1.97458683364307,10.5));
#3098=CARTESIAN_POINT('Ctrl Pts',(4.47172232809766,1.97458683364307,10.5));
#3099=CARTESIAN_POINT('Ctrl Pts',(4.49729731011837,2.02868706062409,10.5));
#3100=CARTESIAN_POINT('Ctrl Pts',(4.52156062483101,2.08129750432754,10.5));
#3101=CARTESIAN_POINT('',(4.47172232809766,1.97458683364307,10.));
#3102=CARTESIAN_POINT('Ctrl Pts',(4.47172232809766,1.97458683364307,10.));
#3103=CARTESIAN_POINT('Ctrl Pts',(0.908536568743299,5.00513278106459,10.));
#3104=CARTESIAN_POINT('Ctrl Pts',(-3.48230856915062,2.57886951872647,10.));
#3105=CARTESIAN_POINT('Ctrl Pts',(-7.87315370704454,0.15260625638836,10.));
#3106=CARTESIAN_POINT('Ctrl Pts',(-4.58323187048045,-3.0289380059285,10.));
#3107=CARTESIAN_POINT('Ctrl Pts',(-1.29331003391636,-6.21048226824537,10.));
#3108=CARTESIAN_POINT('Ctrl Pts',(3.30228314643849,-3.98222217804113,10.));
#3109=CARTESIAN_POINT('Ctrl Pts',(7.89787632679334,-1.75396208783689,10.));
#3110=CARTESIAN_POINT('Ctrl Pts',(4.89396089231665,1.56625777658474,10.));
#3111=CARTESIAN_POINT('Ctrl Pts',(4.47172232809766,1.97458683364307,10.5));
#3112=CARTESIAN_POINT('Ctrl Pts',(0.908536568743299,5.00513278106459,10.5));
#3113=CARTESIAN_POINT('Ctrl Pts',(-3.48230856915062,2.57886951872647,10.5));
#3114=CARTESIAN_POINT('Ctrl Pts',(-7.87315370704454,0.15260625638836,10.5));
#3115=CARTESIAN_POINT('Ctrl Pts',(-4.58323187048045,-3.0289380059285,10.5));
#3116=CARTESIAN_POINT('Ctrl Pts',(-1.29331003391636,-6.21048226824537,10.5));
#3117=CARTESIAN_POINT('Ctrl Pts',(3.30228314643849,-3.98222217804113,10.5));
#3118=CARTESIAN_POINT('Ctrl Pts',(7.89787632679334,-1.75396208783689,10.5));
#3119=CARTESIAN_POINT('Ctrl Pts',(4.89396089231665,1.56625777658474,10.5));
#3120=CARTESIAN_POINT('',(4.89396089231665,1.56625777658474,10.));
#3121=CARTESIAN_POINT('Origin',(0.0542953712949845,-0.626931996377266,10.));
#3122=CARTESIAN_POINT('',(4.89396089231665,1.56625777658474,10.5));
#3123=CARTESIAN_POINT('Origin',(0.0542953712949845,-0.626931996377266,10.5));
#3124=CARTESIAN_POINT('',(4.89396089231665,1.56625777658474,10.));
#3125=CARTESIAN_POINT('Ctrl Pts',(4.9384698323681,1.68603910585748,10.));
#3126=CARTESIAN_POINT('Ctrl Pts',(4.9384698323681,1.68603910585748,10.5));
#3127=CARTESIAN_POINT('Ctrl Pts',(4.91674787684093,1.62680170055208,10.));
#3128=CARTESIAN_POINT('Ctrl Pts',(4.91674787684093,1.62680170055208,10.5));
#3129=CARTESIAN_POINT('Ctrl Pts',(4.89396089231665,1.56625777658474,10.));
#3130=CARTESIAN_POINT('Ctrl Pts',(4.89396089231665,1.56625777658474,10.5));
#3131=CARTESIAN_POINT('',(4.9384698323681,1.68603910585748,10.));
#3132=CARTESIAN_POINT('Ctrl Pts',(4.9384698323681,1.68603910585748,10.));
#3133=CARTESIAN_POINT('Ctrl Pts',(4.91674787684093,1.62680170055208,10.));
#3134=CARTESIAN_POINT('Ctrl Pts',(4.89396089231665,1.56625777658474,10.));
#3135=CARTESIAN_POINT('',(4.9384698323681,1.68603910585748,10.5));
#3136=CARTESIAN_POINT('Ctrl Pts',(4.9384698323681,1.68603910585748,10.5));
#3137=CARTESIAN_POINT('Ctrl Pts',(4.91674787684093,1.62680170055208,10.5));
#3138=CARTESIAN_POINT('Ctrl Pts',(4.89396089231665,1.56625777658474,10.5));
#3139=CARTESIAN_POINT('',(4.9384698323681,1.68603910585748,10.));
#3140=CARTESIAN_POINT('Ctrl Pts',(-5.05416588162125,1.42463386396965,10.));
#3141=CARTESIAN_POINT('Ctrl Pts',(-7.50924818559889,-1.68736485741757,10.));
#3142=CARTESIAN_POINT('Ctrl Pts',(-3.58626147988335,-3.90513801945083,10.));
#3143=CARTESIAN_POINT('Ctrl Pts',(0.33672522583219,-6.12291118148409,10.));
#3144=CARTESIAN_POINT('Ctrl Pts',(4.02154881539908,-3.70611930733157,10.));
#3145=CARTESIAN_POINT('Ctrl Pts',(7.70637240496596,-1.28932743317905,10.));
#3146=CARTESIAN_POINT('Ctrl Pts',(4.93846983236809,1.68603910585748,10.));
#3147=CARTESIAN_POINT('Ctrl Pts',(-5.05416588162125,1.42463386396965,10.5));
#3148=CARTESIAN_POINT('Ctrl Pts',(-7.50924818559889,-1.68736485741757,10.5));
#3149=CARTESIAN_POINT('Ctrl Pts',(-3.58626147988335,-3.90513801945083,10.5));
#3150=CARTESIAN_POINT('Ctrl Pts',(0.33672522583219,-6.12291118148409,10.5));
#3151=CARTESIAN_POINT('Ctrl Pts',(4.02154881539908,-3.70611930733157,10.5));
#3152=CARTESIAN_POINT('Ctrl Pts',(7.70637240496596,-1.28932743317905,10.5));
#3153=CARTESIAN_POINT('Ctrl Pts',(4.93846983236809,1.68603910585748,10.5));
#3154=CARTESIAN_POINT('',(-5.05416588162125,1.42463386396964,10.));
#3155=CARTESIAN_POINT('Origin',(0.0542953712949845,-0.626931996377266,10.));
#3156=CARTESIAN_POINT('',(-5.05416588162125,1.42463386396964,10.5));
#3157=CARTESIAN_POINT('Origin',(0.0542953712949845,-0.626931996377266,10.5));
#3158=CARTESIAN_POINT('',(-5.05416588162125,1.42463386396964,10.));
#3159=CARTESIAN_POINT('Ctrl Pts',(-2.40400243199182,3.17006313739844,10.));
#3160=CARTESIAN_POINT('Ctrl Pts',(-2.40400243199182,3.17006313739844,10.5));
#3161=CARTESIAN_POINT('Ctrl Pts',(-5.86223015780822,6.70779806091131,10.));
#3162=CARTESIAN_POINT('Ctrl Pts',(-5.86223015780822,6.70779806091131,10.5));
#3163=CARTESIAN_POINT('Ctrl Pts',(-5.05416588162125,1.42463386396964,10.));
#3164=CARTESIAN_POINT('Ctrl Pts',(-5.05416588162125,1.42463386396964,10.5));
#3165=CARTESIAN_POINT('',(-2.40400243199182,3.17006313739844,10.));
#3166=CARTESIAN_POINT('Ctrl Pts',(-5.05416588162125,1.42463386396964,10.));
#3167=CARTESIAN_POINT('Ctrl Pts',(-5.86223015780822,6.70779806091131,10.));
#3168=CARTESIAN_POINT('Ctrl Pts',(-2.40400243199182,3.17006313739844,10.));
#3169=CARTESIAN_POINT('',(-2.40400243199182,3.17006313739844,10.5));
#3170=CARTESIAN_POINT('Ctrl Pts',(-2.40400243199182,3.17006313739844,10.5));
#3171=CARTESIAN_POINT('Ctrl Pts',(-5.86223015780822,6.70779806091131,10.5));
#3172=CARTESIAN_POINT('Ctrl Pts',(-5.05416588162125,1.42463386396964,10.5));
#3173=CARTESIAN_POINT('',(-2.40400243199182,3.17006313739844,10.));
#3174=CARTESIAN_POINT('Ctrl Pts',(2.24935757570651,3.25130659136926,10.));
#3175=CARTESIAN_POINT('Ctrl Pts',(-0.101950670963133,3.92877740431845,10.));
#3176=CARTESIAN_POINT('Ctrl Pts',(-2.40400243199182,3.17006313739844,10.));
#3177=CARTESIAN_POINT('Ctrl Pts',(2.24935757570651,3.25130659136926,10.5));
#3178=CARTESIAN_POINT('Ctrl Pts',(-0.101950670963133,3.92877740431845,10.5));
#3179=CARTESIAN_POINT('Ctrl Pts',(-2.40400243199182,3.17006313739844,10.5));
#3180=CARTESIAN_POINT('',(2.24935757570651,3.25130659136926,10.));
#3181=CARTESIAN_POINT('Origin',(0.0542953712949845,-0.626931996377266,10.));
#3182=CARTESIAN_POINT('',(2.24935757570651,3.25130659136926,10.5));
#3183=CARTESIAN_POINT('Origin',(0.0542953712949845,-0.626931996377266,10.5));
#3184=CARTESIAN_POINT('',(2.24935757570651,3.25130659136926,10.));
#3185=CARTESIAN_POINT('Ctrl Pts',(2.19961936140794,3.21824555882892,10.));
#3186=CARTESIAN_POINT('Ctrl Pts',(2.19961936140794,3.21824555882892,10.5));
#3187=CARTESIAN_POINT('Ctrl Pts',(2.22458642218489,3.23489623919124,10.));
#3188=CARTESIAN_POINT('Ctrl Pts',(2.22458642218489,3.23489623919124,10.5));
#3189=CARTESIAN_POINT('Ctrl Pts',(2.24935757570651,3.25130659136926,10.));
#3190=CARTESIAN_POINT('Ctrl Pts',(2.24935757570651,3.25130659136926,10.5));
#3191=CARTESIAN_POINT('',(2.19961936140794,3.21824555882892,10.));
#3192=CARTESIAN_POINT('Ctrl Pts',(2.19961936140794,3.21824555882892,10.));
#3193=CARTESIAN_POINT('Ctrl Pts',(2.22458642218489,3.23489623919124,10.));
#3194=CARTESIAN_POINT('Ctrl Pts',(2.24935757570651,3.25130659136926,10.));
#3195=CARTESIAN_POINT('',(2.19961936140794,3.21824555882892,10.5));
#3196=CARTESIAN_POINT('Ctrl Pts',(2.19961936140794,3.21824555882892,10.5));
#3197=CARTESIAN_POINT('Ctrl Pts',(2.22458642218489,3.23489623919124,10.5));
#3198=CARTESIAN_POINT('Ctrl Pts',(2.24935757570651,3.25130659136926,10.5));
#3199=CARTESIAN_POINT('',(2.19961936140794,3.21824555882892,10.));
#3200=CARTESIAN_POINT('Origin',(2.74177278962285,3.05196702985335,10.));
#3201=CARTESIAN_POINT('',(2.74177278962285,3.05196702985335,10.));
#3202=CARTESIAN_POINT('',(2.19961936140794,3.21824555882892,10.));
#3203=CARTESIAN_POINT('',(2.74177278962285,3.05196702985335,10.5));
#3204=CARTESIAN_POINT('',(2.19961936140794,3.21824555882892,10.5));
#3205=CARTESIAN_POINT('',(2.74177278962285,3.05196702985335,10.));
#3206=CARTESIAN_POINT('Ctrl Pts',(2.77844291584474,3.07655476025989,10.));
#3207=CARTESIAN_POINT('Ctrl Pts',(2.77844291584474,3.07655476025989,10.5));
#3208=CARTESIAN_POINT('Ctrl Pts',(2.76018390208856,3.06434727142379,10.));
#3209=CARTESIAN_POINT('Ctrl Pts',(2.76018390208856,3.06434727142379,10.5));
#3210=CARTESIAN_POINT('Ctrl Pts',(2.74177278962285,3.05196702985335,10.));
#3211=CARTESIAN_POINT('Ctrl Pts',(2.74177278962285,3.05196702985335,10.5));
#3212=CARTESIAN_POINT('',(2.77844291584474,3.07655476025989,10.));
#3213=CARTESIAN_POINT('Ctrl Pts',(2.74177278962285,3.05196702985335,10.));
#3214=CARTESIAN_POINT('Ctrl Pts',(2.76018390208856,3.06434727142379,10.));
#3215=CARTESIAN_POINT('Ctrl Pts',(2.77844291584474,3.07655476025989,10.));
#3216=CARTESIAN_POINT('',(2.77844291584474,3.07655476025989,10.5));
#3217=CARTESIAN_POINT('Ctrl Pts',(2.77844291584474,3.07655476025989,10.5));
#3218=CARTESIAN_POINT('Ctrl Pts',(2.76018390208856,3.06434727142379,10.5));
#3219=CARTESIAN_POINT('Ctrl Pts',(2.74177278962285,3.05196702985335,10.5));
#3220=CARTESIAN_POINT('',(2.77844291584474,3.07655476025989,10.));
#3221=CARTESIAN_POINT('Ctrl Pts',(4.52156062483101,2.08129750432754,10.));
#3222=CARTESIAN_POINT('Ctrl Pts',(3.78528930320602,2.6995457237789,10.));
#3223=CARTESIAN_POINT('Ctrl Pts',(2.77844291584473,3.07655476025989,10.));
#3224=CARTESIAN_POINT('Ctrl Pts',(4.52156062483101,2.08129750432754,10.5));
#3225=CARTESIAN_POINT('Ctrl Pts',(3.78528930320602,2.6995457237789,10.5));
#3226=CARTESIAN_POINT('Ctrl Pts',(2.77844291584473,3.07655476025989,10.5));
#3227=CARTESIAN_POINT('Origin',(0.0542953712949845,-0.626931996377266,10.));
#3228=CARTESIAN_POINT('Origin',(0.0542953712949845,-0.626931996377266,10.5));
#3229=CARTESIAN_POINT('Origin',(0.0270908455852426,0.949169305507637,10.5));
#3230=CARTESIAN_POINT('Origin',(0.0270908455852426,0.949169305507637,10.));
#3231=CARTESIAN_POINT('Origin',(4.40442207913087,3.89635636107837,10.));
#3232=CARTESIAN_POINT('',(2.77844291584474,3.07655476025989,10.));
#3233=CARTESIAN_POINT('',(4.52156062483101,2.08129750432754,10.));
#3234=CARTESIAN_POINT('Ctrl Pts',(2.77844291584474,3.07655476025989,10.));
#3235=CARTESIAN_POINT('Ctrl Pts',(5.96225075403287,5.20516363037707,10.));
#3236=CARTESIAN_POINT('Ctrl Pts',(4.52156062483101,2.08129750432754,10.));
#3237=CARTESIAN_POINT('',(2.24935757570651,3.25130659136926,10.));
#3238=CARTESIAN_POINT('Origin',(0.0542953712949845,-0.626931996377266,10.));
#3239=CARTESIAN_POINT('',(4.9384698323681,1.68603910585748,10.));
#3240=CARTESIAN_POINT('Ctrl Pts',(2.24935757570651,3.25130659136926,10.));
#3241=CARTESIAN_POINT('Ctrl Pts',(6.55948658255523,6.10667361629926,10.));
#3242=CARTESIAN_POINT('Ctrl Pts',(4.9384698323681,1.68603910585748,10.));
#3243=CARTESIAN_POINT('Origin',(0.0542953712949845,-0.626931996377266,10.));
#3244=CARTESIAN_POINT('Origin',(4.40442207913087,3.89635636107837,10.5));
#3245=CARTESIAN_POINT('',(2.77844291584474,3.07655476025989,10.5));
#3246=CARTESIAN_POINT('',(4.52156062483101,2.08129750432754,10.5));
#3247=CARTESIAN_POINT('Ctrl Pts',(2.77844291584474,3.07655476025989,10.5));
#3248=CARTESIAN_POINT('Ctrl Pts',(5.96225075402783,5.2051636303737,10.5));
#3249=CARTESIAN_POINT('Ctrl Pts',(4.52156062483557,2.08129750433742,10.5));
#3250=CARTESIAN_POINT('',(4.9384698323681,1.68603910585748,10.5));
#3251=CARTESIAN_POINT('Origin',(0.0542953712949845,-0.626931996377266,10.5));
#3252=CARTESIAN_POINT('',(2.24935757570651,3.25130659136926,10.5));
#3253=CARTESIAN_POINT('Ctrl Pts',(4.93846983236886,1.68603910585955,10.5));
#3254=CARTESIAN_POINT('Ctrl Pts',(6.55948658255422,6.10667361629859,10.5));
#3255=CARTESIAN_POINT('Ctrl Pts',(2.24935757570651,3.25130659136926,10.5));
#3256=CARTESIAN_POINT('Origin',(0.0542953712949845,-0.626931996377266,10.5));
#3257=CARTESIAN_POINT('Ctrl Pts',(2.77844291584474,3.07655476025989,10.));
#3258=CARTESIAN_POINT('Ctrl Pts',(2.77844291584474,3.07655476025989,10.5));
#3259=CARTESIAN_POINT('Ctrl Pts',(5.96225075402783,5.2051636303737,10.));
#3260=CARTESIAN_POINT('Ctrl Pts',(5.96225075402783,5.2051636303737,10.5));
#3261=CARTESIAN_POINT('Ctrl Pts',(4.52156062483557,2.08129750433742,10.));
#3262=CARTESIAN_POINT('Ctrl Pts',(4.52156062483557,2.08129750433742,10.5));
#3263=CARTESIAN_POINT('',(4.52156062483101,2.08129750432754,10.));
#3264=CARTESIAN_POINT('',(2.77844291584474,3.07655476025989,10.));
#3265=CARTESIAN_POINT('Ctrl Pts',(4.9384698323681,1.68603910585748,10.));
#3266=CARTESIAN_POINT('Ctrl Pts',(4.74642433856242,1.8924790802623,10.));
#3267=CARTESIAN_POINT('Ctrl Pts',(4.52156062483101,2.08129750432754,10.));
#3268=CARTESIAN_POINT('Ctrl Pts',(4.9384698323681,1.68603910585748,10.5));
#3269=CARTESIAN_POINT('Ctrl Pts',(4.74642433856242,1.8924790802623,10.5));
#3270=CARTESIAN_POINT('Ctrl Pts',(4.52156062483101,2.08129750432754,10.5));
#3271=CARTESIAN_POINT('',(4.9384698323681,1.68603910585748,10.));
#3272=CARTESIAN_POINT('Ctrl Pts',(4.93846983236885,1.68603910585955,10.));
#3273=CARTESIAN_POINT('Ctrl Pts',(4.93846983236885,1.68603910585955,10.5));
#3274=CARTESIAN_POINT('Ctrl Pts',(6.55948658255422,6.10667361629859,10.));
#3275=CARTESIAN_POINT('Ctrl Pts',(6.55948658255422,6.10667361629859,10.5));
#3276=CARTESIAN_POINT('Ctrl Pts',(2.24935757570651,3.25130659136926,10.));
#3277=CARTESIAN_POINT('Ctrl Pts',(2.24935757570651,3.25130659136926,10.5));
#3278=CARTESIAN_POINT('',(2.24935757570651,3.25130659136926,10.));
#3279=CARTESIAN_POINT('Ctrl Pts',(2.77844291584473,3.07655476025989,10.));
#3280=CARTESIAN_POINT('Ctrl Pts',(2.51999771223626,3.17332838771554,10.));
#3281=CARTESIAN_POINT('Ctrl Pts',(2.24935757570651,3.25130659136926,10.));
#3282=CARTESIAN_POINT('Ctrl Pts',(2.77844291584473,3.07655476025989,10.5));
#3283=CARTESIAN_POINT('Ctrl Pts',(2.51999771223626,3.17332838771554,10.5));
#3284=CARTESIAN_POINT('Ctrl Pts',(2.24935757570651,3.25130659136926,10.5));
#3285=CARTESIAN_POINT('Ctrl Pts',(3.37845702750989,0.00545913161817554,
10.));
#3286=CARTESIAN_POINT('Ctrl Pts',(3.37845702750989,0.00545913161817554,
10.5));
#3287=CARTESIAN_POINT('Ctrl Pts',(3.35209322659459,0.0777383226226052,10.));
#3288=CARTESIAN_POINT('Ctrl Pts',(3.35209322659459,0.0777383226226052,10.5));
#3289=CARTESIAN_POINT('Ctrl Pts',(3.29523137484072,0.212739177771458,10.));
#3290=CARTESIAN_POINT('Ctrl Pts',(3.29523137484072,0.212739177771458,10.5));
#3291=CARTESIAN_POINT('Ctrl Pts',(3.19753670073356,0.386569411149374,10.));
#3292=CARTESIAN_POINT('Ctrl Pts',(3.19753670073356,0.386569411149374,10.5));
#3293=CARTESIAN_POINT('Ctrl Pts',(3.0445231205336,0.562599203491463,10.));
#3294=CARTESIAN_POINT('Ctrl Pts',(3.0445231205336,0.562599203491463,10.5));
#3295=CARTESIAN_POINT('Ctrl Pts',(2.82663041887219,0.697770488938416,10.));
#3296=CARTESIAN_POINT('Ctrl Pts',(2.82663041887219,0.697770488938416,10.5));
#3297=CARTESIAN_POINT('Ctrl Pts',(2.59628424847563,0.757529766617852,10.));
#3298=CARTESIAN_POINT('Ctrl Pts',(2.59628424847563,0.757529766617852,10.5));
#3299=CARTESIAN_POINT('Ctrl Pts',(2.36765795505752,0.751281900938883,10.));
#3300=CARTESIAN_POINT('Ctrl Pts',(2.36765795505752,0.751281900938883,10.5));
#3301=CARTESIAN_POINT('Ctrl Pts',(2.15232490899583,0.687809649980821,10.));
#3302=CARTESIAN_POINT('Ctrl Pts',(2.15232490899583,0.687809649980821,10.5));
#3303=CARTESIAN_POINT('Ctrl Pts',(1.95620179360655,0.57562896743118,10.));
#3304=CARTESIAN_POINT('Ctrl Pts',(1.95620179360655,0.57562896743118,10.5));
#3305=CARTESIAN_POINT('Ctrl Pts',(1.78137714069107,0.421907728668432,10.));
#3306=CARTESIAN_POINT('Ctrl Pts',(1.78137714069107,0.421907728668432,10.5));
#3307=CARTESIAN_POINT('Ctrl Pts',(1.6585819464712,0.269811142090009,10.));
#3308=CARTESIAN_POINT('Ctrl Pts',(1.6585819464712,0.269811142090009,10.5));
#3309=CARTESIAN_POINT('Ctrl Pts',(1.57574753293771,0.140670144575744,10.));
#3310=CARTESIAN_POINT('Ctrl Pts',(1.57574753293771,0.140670144575744,10.5));
#3311=CARTESIAN_POINT('Ctrl Pts',(1.52457420124315,0.0479880861818165,10.));
#3312=CARTESIAN_POINT('Ctrl Pts',(1.52457420124315,0.0479880861818165,10.5));
#3313=CARTESIAN_POINT('Ctrl Pts',(1.49999994784594,0.,10.));
#3314=CARTESIAN_POINT('Ctrl Pts',(1.49999994784594,0.,10.5));
#3315=CARTESIAN_POINT('',(1.49999994784594,0.,10.));
#3316=CARTESIAN_POINT('',(3.37845702750989,0.00545913161817554,10.));
#3317=CARTESIAN_POINT('Ctrl Pts',(1.49999994784594,0.,10.));
#3318=CARTESIAN_POINT('Ctrl Pts',(1.52457420124315,0.0479880861818165,10.));
#3319=CARTESIAN_POINT('Ctrl Pts',(1.57574753293771,0.140670144575744,10.));
#3320=CARTESIAN_POINT('Ctrl Pts',(1.6585819464712,0.269811142090009,10.));
#3321=CARTESIAN_POINT('Ctrl Pts',(1.78137714069107,0.421907728668432,10.));
#3322=CARTESIAN_POINT('Ctrl Pts',(1.95620179360655,0.57562896743118,10.));
#3323=CARTESIAN_POINT('Ctrl Pts',(2.15232490899583,0.687809649980821,10.));
#3324=CARTESIAN_POINT('Ctrl Pts',(2.36765795505752,0.751281900938883,10.));
#3325=CARTESIAN_POINT('Ctrl Pts',(2.59628424847563,0.757529766617852,10.));
#3326=CARTESIAN_POINT('Ctrl Pts',(2.82663041887219,0.697770488938416,10.));
#3327=CARTESIAN_POINT('Ctrl Pts',(3.0445231205336,0.562599203491463,10.));
#3328=CARTESIAN_POINT('Ctrl Pts',(3.19753670073356,0.386569411149374,10.));
#3329=CARTESIAN_POINT('Ctrl Pts',(3.29523137484072,0.212739177771458,10.));
#3330=CARTESIAN_POINT('Ctrl Pts',(3.35209322659459,0.0777383226226052,10.));
#3331=CARTESIAN_POINT('Ctrl Pts',(3.37845702750989,0.00545913161817554,
10.));
#3332=CARTESIAN_POINT('',(1.49999994784594,0.,10.5));
#3333=CARTESIAN_POINT('',(1.49999994784594,0.,10.));
#3334=CARTESIAN_POINT('',(3.37845702750989,0.00545913161817554,10.5));
#3335=CARTESIAN_POINT('Ctrl Pts',(3.37845702750989,0.00545913161817554,
10.5));
#3336=CARTESIAN_POINT('Ctrl Pts',(3.35209322659459,0.0777383226226052,10.5));
#3337=CARTESIAN_POINT('Ctrl Pts',(3.29523137484072,0.212739177771458,10.5));
#3338=CARTESIAN_POINT('Ctrl Pts',(3.19753670073356,0.386569411149374,10.5));
#3339=CARTESIAN_POINT('Ctrl Pts',(3.0445231205336,0.562599203491463,10.5));
#3340=CARTESIAN_POINT('Ctrl Pts',(2.82663041887219,0.697770488938416,10.5));
#3341=CARTESIAN_POINT('Ctrl Pts',(2.59628424847563,0.757529766617852,10.5));
#3342=CARTESIAN_POINT('Ctrl Pts',(2.36765795505752,0.751281900938883,10.5));
#3343=CARTESIAN_POINT('Ctrl Pts',(2.15232490899583,0.687809649980821,10.5));
#3344=CARTESIAN_POINT('Ctrl Pts',(1.95620179360655,0.57562896743118,10.5));
#3345=CARTESIAN_POINT('Ctrl Pts',(1.78137714069107,0.421907728668432,10.5));
#3346=CARTESIAN_POINT('Ctrl Pts',(1.6585819464712,0.269811142090009,10.5));
#3347=CARTESIAN_POINT('Ctrl Pts',(1.57574753293771,0.140670144575744,10.5));
#3348=CARTESIAN_POINT('Ctrl Pts',(1.52457420124315,0.0479880861818165,10.5));
#3349=CARTESIAN_POINT('Ctrl Pts',(1.49999994784594,0.,10.5));
#3350=CARTESIAN_POINT('',(3.37845702750989,0.00545913161817554,10.));
#3351=CARTESIAN_POINT('Origin',(3.06788853953134,0.00545913161817554,10.));
#3352=CARTESIAN_POINT('',(3.06788853953134,0.00545913161817554,10.));
#3353=CARTESIAN_POINT('',(3.06788853953134,0.00545913161817554,10.));
#3354=CARTESIAN_POINT('',(3.06788853953134,0.00545913161817554,10.5));
#3355=CARTESIAN_POINT('',(3.06788853953134,0.00545913161817554,10.5));
#3356=CARTESIAN_POINT('',(3.06788853953134,0.00545913161817554,10.));
#3357=CARTESIAN_POINT('Ctrl Pts',(1.85955077358385,0.,10.));
#3358=CARTESIAN_POINT('Ctrl Pts',(1.85955077358385,0.,10.5));
#3359=CARTESIAN_POINT('Ctrl Pts',(1.88246581072383,0.0298230562159022,10.));
#3360=CARTESIAN_POINT('Ctrl Pts',(1.88246581072383,0.0298230562159022,10.5));
#3361=CARTESIAN_POINT('Ctrl Pts',(1.92840539797829,0.0868694982665569,10.));
#3362=CARTESIAN_POINT('Ctrl Pts',(1.92840539797829,0.0868694982665569,10.5));
#3363=CARTESIAN_POINT('Ctrl Pts',(1.99764330872973,0.164640365121802,10.));
#3364=CARTESIAN_POINT('Ctrl Pts',(1.99764330872973,0.164640365121802,10.5));
#3365=CARTESIAN_POINT('Ctrl Pts',(2.09062847093123,0.252478794354288,10.));
#3366=CARTESIAN_POINT('Ctrl Pts',(2.09062847093123,0.252478794354288,10.5));
#3367=CARTESIAN_POINT('Ctrl Pts',(2.20804854862657,0.334060694167851,10.));
#3368=CARTESIAN_POINT('Ctrl Pts',(2.20804854862657,0.334060694167851,10.5));
#3369=CARTESIAN_POINT('Ctrl Pts',(2.32676279405878,0.384921032875181,10.));
#3370=CARTESIAN_POINT('Ctrl Pts',(2.32676279405878,0.384921032875181,10.5));
#3371=CARTESIAN_POINT('Ctrl Pts',(2.44687575275453,0.402578059682144,10.));
#3372=CARTESIAN_POINT('Ctrl Pts',(2.44687575275453,0.402578059682144,10.5));
#3373=CARTESIAN_POINT('Ctrl Pts',(2.56844254282376,0.385723355011728,10.));
#3374=CARTESIAN_POINT('Ctrl Pts',(2.56844254282376,0.385723355011728,10.5));
#3375=CARTESIAN_POINT('Ctrl Pts',(2.69140328998891,0.335778242552945,10.));
#3376=CARTESIAN_POINT('Ctrl Pts',(2.69140328998891,0.335778242552945,10.5));
#3377=CARTESIAN_POINT('Ctrl Pts',(2.81565183940396,0.25526267585239,10.));
#3378=CARTESIAN_POINT('Ctrl Pts',(2.81565183940396,0.25526267585239,10.5));
#3379=CARTESIAN_POINT('Ctrl Pts',(2.9159959070232,0.168411954503559,10.));
#3380=CARTESIAN_POINT('Ctrl Pts',(2.9159959070232,0.168411954503559,10.5));
#3381=CARTESIAN_POINT('Ctrl Pts',(2.9917517840242,0.0914562794368671,10.));
#3382=CARTESIAN_POINT('Ctrl Pts',(2.9917517840242,0.0914562794368671,10.5));
#3383=CARTESIAN_POINT('Ctrl Pts',(3.04247334583925,0.0349859650374882,10.));
#3384=CARTESIAN_POINT('Ctrl Pts',(3.04247334583925,0.0349859650374882,10.5));
#3385=CARTESIAN_POINT('Ctrl Pts',(3.06788853953134,0.00545913161817554,
10.));
#3386=CARTESIAN_POINT('Ctrl Pts',(3.06788853953134,0.00545913161817554,
10.5));
#3387=CARTESIAN_POINT('',(1.85955077358385,0.,10.));
#3388=CARTESIAN_POINT('Ctrl Pts',(1.85955077358385,0.,10.));
#3389=CARTESIAN_POINT('Ctrl Pts',(1.88246581072383,0.0298230562159022,10.));
#3390=CARTESIAN_POINT('Ctrl Pts',(1.92840539797829,0.0868694982665569,10.));
#3391=CARTESIAN_POINT('Ctrl Pts',(1.99764330872973,0.164640365121802,10.));
#3392=CARTESIAN_POINT('Ctrl Pts',(2.09062847093123,0.252478794354288,10.));
#3393=CARTESIAN_POINT('Ctrl Pts',(2.20804854862657,0.334060694167851,10.));
#3394=CARTESIAN_POINT('Ctrl Pts',(2.32676279405878,0.384921032875181,10.));
#3395=CARTESIAN_POINT('Ctrl Pts',(2.44687575275453,0.402578059682144,10.));
#3396=CARTESIAN_POINT('Ctrl Pts',(2.56844254282376,0.385723355011728,10.));
#3397=CARTESIAN_POINT('Ctrl Pts',(2.69140328998891,0.335778242552945,10.));
#3398=CARTESIAN_POINT('Ctrl Pts',(2.81565183940396,0.25526267585239,10.));
#3399=CARTESIAN_POINT('Ctrl Pts',(2.9159959070232,0.168411954503559,10.));
#3400=CARTESIAN_POINT('Ctrl Pts',(2.9917517840242,0.0914562794368671,10.));
#3401=CARTESIAN_POINT('Ctrl Pts',(3.04247334583925,0.0349859650374882,10.));
#3402=CARTESIAN_POINT('Ctrl Pts',(3.06788853953134,0.00545913161817554,
10.));
#3403=CARTESIAN_POINT('',(1.85955077358385,0.,10.5));
#3404=CARTESIAN_POINT('Ctrl Pts',(1.85955077358385,0.,10.5));
#3405=CARTESIAN_POINT('Ctrl Pts',(1.88246581072383,0.0298230562159022,10.5));
#3406=CARTESIAN_POINT('Ctrl Pts',(1.92840539797829,0.0868694982665569,10.5));
#3407=CARTESIAN_POINT('Ctrl Pts',(1.99764330872973,0.164640365121802,10.5));
#3408=CARTESIAN_POINT('Ctrl Pts',(2.09062847093123,0.252478794354288,10.5));
#3409=CARTESIAN_POINT('Ctrl Pts',(2.20804854862657,0.334060694167851,10.5));
#3410=CARTESIAN_POINT('Ctrl Pts',(2.32676279405878,0.384921032875181,10.5));
#3411=CARTESIAN_POINT('Ctrl Pts',(2.44687575275453,0.402578059682144,10.5));
#3412=CARTESIAN_POINT('Ctrl Pts',(2.56844254282376,0.385723355011728,10.5));
#3413=CARTESIAN_POINT('Ctrl Pts',(2.69140328998891,0.335778242552945,10.5));
#3414=CARTESIAN_POINT('Ctrl Pts',(2.81565183940396,0.25526267585239,10.5));
#3415=CARTESIAN_POINT('Ctrl Pts',(2.9159959070232,0.168411954503559,10.5));
#3416=CARTESIAN_POINT('Ctrl Pts',(2.9917517840242,0.0914562794368671,10.5));
#3417=CARTESIAN_POINT('Ctrl Pts',(3.04247334583925,0.0349859650374882,10.5));
#3418=CARTESIAN_POINT('Ctrl Pts',(3.06788853953134,0.00545913161817554,
10.5));
#3419=CARTESIAN_POINT('',(1.85955077358385,0.,10.));
#3420=CARTESIAN_POINT('Origin',(1.49999994784594,0.,10.));
#3421=CARTESIAN_POINT('',(1.49999994784594,0.,10.));
#3422=CARTESIAN_POINT('',(1.49999994784594,0.,10.5));
#3423=CARTESIAN_POINT('Origin',(2.43922848767791,0.378764883308926,10.5));
#3424=CARTESIAN_POINT('Origin',(2.43922848767791,0.378764883308926,10.));
#3425=CARTESIAN_POINT('Ctrl Pts',(0.881021026543838,-2.16182789258198,10.));
#3426=CARTESIAN_POINT('Ctrl Pts',(0.881021026543838,-2.16182789258198,10.5));
#3427=CARTESIAN_POINT('Ctrl Pts',(0.848279747404712,-2.20344877614358,10.));
#3428=CARTESIAN_POINT('Ctrl Pts',(0.848279747404712,-2.20344877614358,10.5));
#3429=CARTESIAN_POINT('Ctrl Pts',(0.782995224347244,-2.28263444277228,10.));
#3430=CARTESIAN_POINT('Ctrl Pts',(0.782995224347244,-2.28263444277228,10.5));
#3431=CARTESIAN_POINT('Ctrl Pts',(0.685662217068531,-2.38924507503865,10.));
#3432=CARTESIAN_POINT('Ctrl Pts',(0.685662217068531,-2.38924507503865,10.5));
#3433=CARTESIAN_POINT('Ctrl Pts',(0.55637533486301,-2.50724525877829,10.));
#3434=CARTESIAN_POINT('Ctrl Pts',(0.55637533486301,-2.50724525877829,10.5));
#3435=CARTESIAN_POINT('Ctrl Pts',(0.391821715160102,-2.61486708325151,10.));
#3436=CARTESIAN_POINT('Ctrl Pts',(0.391821715160102,-2.61486708325151,10.5));
#3437=CARTESIAN_POINT('Ctrl Pts',(0.219938597498834,-2.68233730618163,10.));
#3438=CARTESIAN_POINT('Ctrl Pts',(0.219938597498834,-2.68233730618163,10.5));
#3439=CARTESIAN_POINT('Ctrl Pts',(0.0370584213243666,-2.7086446898732,10.));
#3440=CARTESIAN_POINT('Ctrl Pts',(0.0370584213243666,-2.7086446898732,10.5));
#3441=CARTESIAN_POINT('Ctrl Pts',(-0.158157734340496,-2.69249342340198,
10.));
#3442=CARTESIAN_POINT('Ctrl Pts',(-0.158157734340496,-2.69249342340198,
10.5));
#3443=CARTESIAN_POINT('Ctrl Pts',(-0.363267750079045,-2.63302743863471,
10.));
#3444=CARTESIAN_POINT('Ctrl Pts',(-0.363267750079045,-2.63302743863471,
10.5));
#3445=CARTESIAN_POINT('Ctrl Pts',(-0.573931173553602,-2.52899836604681,
10.));
#3446=CARTESIAN_POINT('Ctrl Pts',(-0.573931173553602,-2.52899836604681,
10.5));
#3447=CARTESIAN_POINT('Ctrl Pts',(-0.742996129987515,-2.40871347572724,
10.));
#3448=CARTESIAN_POINT('Ctrl Pts',(-0.742996129987515,-2.40871347572724,
10.5));
#3449=CARTESIAN_POINT('Ctrl Pts',(-0.868272159979999,-2.29677917864346,
10.));
#3450=CARTESIAN_POINT('Ctrl Pts',(-0.868272159979999,-2.29677917864346,
10.5));
#3451=CARTESIAN_POINT('Ctrl Pts',(-0.950864762534418,-2.21234700997966,
10.));
#3452=CARTESIAN_POINT('Ctrl Pts',(-0.950864762534418,-2.21234700997966,
10.5));
#3453=CARTESIAN_POINT('Ctrl Pts',(-0.991929856950449,-2.16767847550094,
10.));
#3454=CARTESIAN_POINT('Ctrl Pts',(-0.991929856950449,-2.16767847550094,
10.5));
#3455=CARTESIAN_POINT('',(0.881021026543838,-2.16182789258198,10.));
#3456=CARTESIAN_POINT('',(-0.991929856950449,-2.16767847550094,10.));
#3457=CARTESIAN_POINT('Ctrl Pts',(0.881021026543838,-2.16182789258198,10.));
#3458=CARTESIAN_POINT('Ctrl Pts',(0.848279747404712,-2.20344877614358,10.));
#3459=CARTESIAN_POINT('Ctrl Pts',(0.782995224347244,-2.28263444277228,10.));
#3460=CARTESIAN_POINT('Ctrl Pts',(0.685662217068531,-2.38924507503865,10.));
#3461=CARTESIAN_POINT('Ctrl Pts',(0.55637533486301,-2.50724525877829,10.));
#3462=CARTESIAN_POINT('Ctrl Pts',(0.391821715160102,-2.61486708325151,10.));
#3463=CARTESIAN_POINT('Ctrl Pts',(0.219938597498834,-2.68233730618163,10.));
#3464=CARTESIAN_POINT('Ctrl Pts',(0.0370584213243666,-2.7086446898732,10.));
#3465=CARTESIAN_POINT('Ctrl Pts',(-0.158157734340496,-2.69249342340198,
10.));
#3466=CARTESIAN_POINT('Ctrl Pts',(-0.363267750079045,-2.63302743863471,
10.));
#3467=CARTESIAN_POINT('Ctrl Pts',(-0.573931173553602,-2.52899836604681,
10.));
#3468=CARTESIAN_POINT('Ctrl Pts',(-0.742996129987515,-2.40871347572724,
10.));
#3469=CARTESIAN_POINT('Ctrl Pts',(-0.868272159979999,-2.29677917864346,
10.));
#3470=CARTESIAN_POINT('Ctrl Pts',(-0.950864762534418,-2.21234700997966,
10.));
#3471=CARTESIAN_POINT('Ctrl Pts',(-0.991929856950449,-2.16767847550094,
10.));
#3472=CARTESIAN_POINT('',(-0.991929856950449,-2.16767847550094,10.5));
#3473=CARTESIAN_POINT('',(-0.991929856950449,-2.16767847550094,10.));
#3474=CARTESIAN_POINT('',(0.881021026543838,-2.16182789258198,10.5));
#3475=CARTESIAN_POINT('Ctrl Pts',(0.881021026543838,-2.16182789258198,10.5));
#3476=CARTESIAN_POINT('Ctrl Pts',(0.848279747404712,-2.20344877614358,10.5));
#3477=CARTESIAN_POINT('Ctrl Pts',(0.782995224347244,-2.28263444277228,10.5));
#3478=CARTESIAN_POINT('Ctrl Pts',(0.685662217068531,-2.38924507503865,10.5));
#3479=CARTESIAN_POINT('Ctrl Pts',(0.55637533486301,-2.50724525877829,10.5));
#3480=CARTESIAN_POINT('Ctrl Pts',(0.391821715160102,-2.61486708325151,10.5));
#3481=CARTESIAN_POINT('Ctrl Pts',(0.219938597498834,-2.68233730618163,10.5));
#3482=CARTESIAN_POINT('Ctrl Pts',(0.0370584213243666,-2.7086446898732,10.5));
#3483=CARTESIAN_POINT('Ctrl Pts',(-0.158157734340496,-2.69249342340198,
10.5));
#3484=CARTESIAN_POINT('Ctrl Pts',(-0.363267750079045,-2.63302743863471,
10.5));
#3485=CARTESIAN_POINT('Ctrl Pts',(-0.573931173553602,-2.52899836604681,
10.5));
#3486=CARTESIAN_POINT('Ctrl Pts',(-0.742996129987515,-2.40871347572724,
10.5));
#3487=CARTESIAN_POINT('Ctrl Pts',(-0.868272159979999,-2.29677917864346,
10.5));
#3488=CARTESIAN_POINT('Ctrl Pts',(-0.950864762534418,-2.21234700997966,
10.5));
#3489=CARTESIAN_POINT('Ctrl Pts',(-0.991929856950449,-2.16767847550094,
10.5));
#3490=CARTESIAN_POINT('',(0.881021026543838,-2.16182789258198,10.));
#3491=CARTESIAN_POINT('Origin',(0.802425127260858,-2.10000002980232,10.));
#3492=CARTESIAN_POINT('',(0.802425127260858,-2.00000002980232,10.));
#3493=CARTESIAN_POINT('Origin',(0.802425127260858,-2.10000002980232,10.));
#3494=CARTESIAN_POINT('',(0.802425127260858,-2.00000002980232,10.5));
#3495=CARTESIAN_POINT('Origin',(0.802425127260858,-2.10000002980232,10.5));
#3496=CARTESIAN_POINT('',(0.802425127260858,-2.00000002980232,10.));
#3497=CARTESIAN_POINT('Origin',(-0.91800780641173,-2.00000002980232,10.));
#3498=CARTESIAN_POINT('',(-0.91800780641173,-2.00000002980232,10.));
#3499=CARTESIAN_POINT('',(-0.91800780641173,-2.00000002980232,10.));
#3500=CARTESIAN_POINT('',(-0.91800780641173,-2.00000002980232,10.5));
#3501=CARTESIAN_POINT('',(-0.91800780641173,-2.00000002980232,10.5));
#3502=CARTESIAN_POINT('',(-0.91800780641173,-2.00000002980232,10.));
#3503=CARTESIAN_POINT('Origin',(-0.918312160055318,-2.09999956664555,10.));
#3504=CARTESIAN_POINT('Origin',(-0.918312160055318,-2.09999956664555,10.));
#3505=CARTESIAN_POINT('Origin',(-0.918312160055318,-2.09999956664555,10.5));
#3506=CARTESIAN_POINT('Origin',(1.1998218630576,-1.79392866628794,10.));
#3507=CARTESIAN_POINT('',(-0.918312160055318,-1.79392866628794,10.));
#3508=CARTESIAN_POINT('',(1.1998218630576,-1.79392866628793,10.));
#3509=CARTESIAN_POINT('',(-0.918312160055318,-1.79392866628794,10.));
#3510=CARTESIAN_POINT('',(-0.918312160055318,-1.79392866628794,10.5));
#3511=CARTESIAN_POINT('',(-0.918312160055318,-1.79392866628794,10.));
#3512=CARTESIAN_POINT('',(1.1998218630576,-1.79392866628793,10.5));
#3513=CARTESIAN_POINT('',(-0.918312160055318,-1.79392866628794,10.5));
#3514=CARTESIAN_POINT('',(1.1998218630576,-1.79392866628793,10.));
#3515=CARTESIAN_POINT('Origin',(1.1998218630576,-1.89392866628794,10.));
#3516=CARTESIAN_POINT('',(1.27793267971223,-1.9563682396493,10.));
#3517=CARTESIAN_POINT('Origin',(1.1998218630576,-1.89392866628794,10.));
#3518=CARTESIAN_POINT('',(1.27793267971223,-1.9563682396493,10.5));
#3519=CARTESIAN_POINT('Origin',(1.1998218630576,-1.89392866628794,10.5));
#3520=CARTESIAN_POINT('',(1.27793267971223,-1.9563682396493,10.));
#3521=CARTESIAN_POINT('Ctrl Pts',(-1.1499999742955,-2.299999948591,10.));
#3522=CARTESIAN_POINT('Ctrl Pts',(-1.1499999742955,-2.299999948591,10.5));
#3523=CARTESIAN_POINT('Ctrl Pts',(-0.812687819569289,-2.72085682271966,
10.));
#3524=CARTESIAN_POINT('Ctrl Pts',(-0.812687819569289,-2.72085682271966,
10.5));
#3525=CARTESIAN_POINT('Ctrl Pts',(-0.434977094415714,-3.00038317065149,
10.));
#3526=CARTESIAN_POINT('Ctrl Pts',(-0.434977094415714,-3.00038317065149,
10.5));
#3527=CARTESIAN_POINT('Ctrl Pts',(-0.0148783146760008,-2.96777073744875,
10.));
#3528=CARTESIAN_POINT('Ctrl Pts',(-0.0148783146760008,-2.96777073744875,
10.5));
#3529=CARTESIAN_POINT('Ctrl Pts',(0.377466676843027,-2.93731284172177,10.));
#3530=CARTESIAN_POINT('Ctrl Pts',(0.377466676843027,-2.93731284172177,10.5));
#3531=CARTESIAN_POINT('Ctrl Pts',(0.713553987912277,-2.66239668168854,10.));
#3532=CARTESIAN_POINT('Ctrl Pts',(0.713553987912277,-2.66239668168854,10.5));
#3533=CARTESIAN_POINT('Ctrl Pts',(1.03286467684385,-2.26294427232518,10.));
#3534=CARTESIAN_POINT('Ctrl Pts',(1.03286467684385,-2.26294427232518,10.5));
#3535=CARTESIAN_POINT('Ctrl Pts',(1.11455401113331,-2.16075226143322,10.));
#3536=CARTESIAN_POINT('Ctrl Pts',(1.11455401113331,-2.16075226143322,10.5));
#3537=CARTESIAN_POINT('Ctrl Pts',(1.19624334542277,-2.05856025054126,10.));
#3538=CARTESIAN_POINT('Ctrl Pts',(1.19624334542277,-2.05856025054126,10.5));
#3539=CARTESIAN_POINT('Ctrl Pts',(1.27793267971223,-1.9563682396493,10.));
#3540=CARTESIAN_POINT('Ctrl Pts',(1.27793267971223,-1.9563682396493,10.5));
#3541=CARTESIAN_POINT('',(-1.1499999742955,-2.299999948591,10.));
#3542=CARTESIAN_POINT('Ctrl Pts',(-1.1499999742955,-2.299999948591,10.));
#3543=CARTESIAN_POINT('Ctrl Pts',(-0.812687819569289,-2.72085682271966,
10.));
#3544=CARTESIAN_POINT('Ctrl Pts',(-0.434977094415714,-3.00038317065149,
10.));
#3545=CARTESIAN_POINT('Ctrl Pts',(-0.0148783146760008,-2.96777073744875,
10.));
#3546=CARTESIAN_POINT('Ctrl Pts',(0.377466676843027,-2.93731284172177,10.));
#3547=CARTESIAN_POINT('Ctrl Pts',(0.713553987912277,-2.66239668168854,10.));
#3548=CARTESIAN_POINT('Ctrl Pts',(1.03286467684385,-2.26294427232518,10.));
#3549=CARTESIAN_POINT('Ctrl Pts',(1.11455401113331,-2.16075226143322,10.));
#3550=CARTESIAN_POINT('Ctrl Pts',(1.19624334542277,-2.05856025054126,10.));
#3551=CARTESIAN_POINT('Ctrl Pts',(1.27793267971223,-1.9563682396493,10.));
#3552=CARTESIAN_POINT('',(-1.1499999742955,-2.299999948591,10.5));
#3553=CARTESIAN_POINT('Ctrl Pts',(-1.1499999742955,-2.299999948591,10.5));
#3554=CARTESIAN_POINT('Ctrl Pts',(-0.812687819569289,-2.72085682271966,
10.5));
#3555=CARTESIAN_POINT('Ctrl Pts',(-0.434977094415714,-3.00038317065149,
10.5));
#3556=CARTESIAN_POINT('Ctrl Pts',(-0.0148783146760008,-2.96777073744875,
10.5));
#3557=CARTESIAN_POINT('Ctrl Pts',(0.377466676843027,-2.93731284172177,10.5));
#3558=CARTESIAN_POINT('Ctrl Pts',(0.713553987912277,-2.66239668168854,10.5));
#3559=CARTESIAN_POINT('Ctrl Pts',(1.03286467684385,-2.26294427232518,10.5));
#3560=CARTESIAN_POINT('Ctrl Pts',(1.11455401113331,-2.16075226143322,10.5));
#3561=CARTESIAN_POINT('Ctrl Pts',(1.19624334542277,-2.05856025054126,10.5));
#3562=CARTESIAN_POINT('Ctrl Pts',(1.27793267971223,-1.9563682396493,10.5));
#3563=CARTESIAN_POINT('',(-1.1499999742955,-2.299999948591,10.));
#3564=CARTESIAN_POINT('Origin',(-0.918312160055318,-2.09999956664555,10.));
#3565=CARTESIAN_POINT('Origin',(-0.918312160055318,-2.09999956664555,10.));
#3566=CARTESIAN_POINT('Origin',(-0.918312160055318,-2.09999956664555,10.5));
#3567=CARTESIAN_POINT('Origin',(0.0377194013223386,-2.40198859059074,10.5));
#3568=CARTESIAN_POINT('Origin',(0.0377194013223386,-2.40198859059074,10.));
#3569=UNCERTAINTY_MEASURE_WITH_UNIT(LENGTH_MEASURE(0.01),#3573,
'DISTANCE_ACCURACY_VALUE',
'Maximum model space distance between geometric entities at asserted c
onnectivities');
#3570=UNCERTAINTY_MEASURE_WITH_UNIT(LENGTH_MEASURE(0.01),#3573,
'DISTANCE_ACCURACY_VALUE',
'Maximum model space distance between geometric entities at asserted c
onnectivities');
#3571=(
GEOMETRIC_REPRESENTATION_CONTEXT(3)
GLOBAL_UNCERTAINTY_ASSIGNED_CONTEXT((#3569))
GLOBAL_UNIT_ASSIGNED_CONTEXT((#3573,#3575,#3576))
REPRESENTATION_CONTEXT('','3D')
);
#3572=(
GEOMETRIC_REPRESENTATION_CONTEXT(3)
GLOBAL_UNCERTAINTY_ASSIGNED_CONTEXT((#3570))
GLOBAL_UNIT_ASSIGNED_CONTEXT((#3573,#3575,#3576))
REPRESENTATION_CONTEXT('','3D')
);
#3573=(
LENGTH_UNIT()
NAMED_UNIT(*)
SI_UNIT(.MILLI.,.METRE.)
);
#3574=(
LENGTH_UNIT()
NAMED_UNIT(*)
SI_UNIT($,.METRE.)
);
#3575=(
NAMED_UNIT(*)
PLANE_ANGLE_UNIT()
SI_UNIT($,.RADIAN.)
);
#3576=(
NAMED_UNIT(*)
SI_UNIT($,.STERADIAN.)
SOLID_ANGLE_UNIT()
);
#3577=SHAPE_DEFINITION_REPRESENTATION(#3578,#3579);
#3578=PRODUCT_DEFINITION_SHAPE('',$,#3581);
#3579=SHAPE_REPRESENTATION('',(#1831),#3571);
#3580=PRODUCT_DEFINITION_CONTEXT('part definition',#3585,'design');
#3581=PRODUCT_DEFINITION('2026-03-10-19-35-44-000','Tab Key',#3582,#3580);
#3582=PRODUCT_DEFINITION_FORMATION('',$,#3587);
#3583=PRODUCT_RELATED_PRODUCT_CATEGORY('Tab Key','Tab Key',(#3587));
#3584=APPLICATION_PROTOCOL_DEFINITION('international standard',
'automotive_design',2009,#3585);
#3585=APPLICATION_CONTEXT(
'Core Data for Automotive Mechanical Design Process');
#3586=PRODUCT_CONTEXT('part definition',#3585,'mechanical');
#3587=PRODUCT('2026-03-10-19-35-44-000','Tab Key',$,(#3586));
#3588=PRESENTATION_STYLE_ASSIGNMENT((#3589));
#3589=SURFACE_STYLE_USAGE(.BOTH.,#3590);
#3590=SURFACE_SIDE_STYLE('',(#3591));
#3591=SURFACE_STYLE_FILL_AREA(#3592);
#3592=FILL_AREA_STYLE('Steel - Satin',(#3593));
#3593=FILL_AREA_STYLE_COLOUR('Steel - Satin',#3594);
#3594=COLOUR_RGB('Steel - Satin',0.627450980392157,0.627450980392157,0.627450980392157);
ENDSEC;
END-ISO-10303-21;
